============================= test session starts =============================
platform win32 -- Python 3.14.0, pytest-9.0.3, pluggy-1.6.0 -- C:\Users\nmendoza\Documents\Visual_Works\Planificacion-Voluntarios\plani-app-back\plani-app-back\.venv\Scripts\python.exe
cachedir: .pytest_cache
rootdir: C:\Users\nmendoza\Documents\Visual_Works\Planificacion-Voluntarios\plani-app-back\plani-app-back
configfile: pytest.ini
testpaths: tests
plugins: anyio-4.13.0, asyncio-1.3.0
asyncio: mode=Mode.AUTO, debug=False, asyncio_default_fixture_loop_scope=None, asyncio_default_test_loop_scope=function
collecting ... collected 107 items

tests/test_calendario.py::test_generar_calendario FAILED                 [  0%]
tests/test_calendario.py::test_generar_calendario_status_optimal_or_feasible FAILED [  1%]
tests/test_calendario.py::test_calendario_no_festivo_slots FAILED        [  2%]
tests/test_calendario.py::test_calendario_max_one_per_week FAILED        [  3%]
tests/test_calendario.py::test_obtener_calendario FAILED                 [  4%]
tests/test_calendario.py::test_obtener_calendario_slots_structure FAILED [  5%]
tests/test_calendario.py::test_exportar_excel FAILED                     [  6%]
tests/test_calendario.py::test_exportar_excel_has_fecha_column FAILED    [  7%]
tests/test_calendario.py::test_obtener_calendario_empty_trimestre FAILED [  8%]
tests/test_cierre.py::test_cerrar_trimestre_preview FAILED               [  9%]
tests/test_cierre.py::test_cerrar_trimestre_preview_counts FAILED        [ 10%]
tests/test_cierre.py::test_cerrar_trimestre_execute FAILED               [ 11%]
tests/test_cierre.py::test_historico_after_close FAILED                  [ 12%]
tests/test_cierre.py::test_trimestres_cerrados_list FAILED               [ 13%]
tests/test_cierre.py::test_cerrar_empty_trimestre_fails FAILED           [ 14%]
tests/test_config_trimestral.py::test_listar_empresas_ep_devuelve_solo_ep_activas FAILED [ 14%]
tests/test_config_trimestral.py::test_listar_empresas_ep_orden_alfabetico FAILED [ 15%]
tests/test_config_trimestral.py::test_listar_empresas_ep_trimestre_inexistente FAILED [ 16%]
tests/test_config_trimestral.py::test_listar_empresas_ep_q2_real FAILED  [ 17%]
tests/test_empresas.py::test_listar_empresas FAILED                      [ 18%]
tests/test_empresas.py::test_listar_empresas_filter_activa FAILED        [ 19%]
tests/test_empresas.py::test_listar_empresas_filter_tipo FAILED          [ 20%]
tests/test_empresas.py::test_detalle_empresa FAILED                      [ 21%]
tests/test_empresas.py::test_detalle_empresa_not_found FAILED            [ 22%]
tests/test_empresas.py::test_crear_empresa FAILED                        [ 23%]
tests/test_empresas.py::test_crear_empresa_nombre_duplicado FAILED       [ 24%]
tests/test_empresas.py::test_actualizar_empresa FAILED                   [ 25%]
tests/test_empresas.py::test_toggle_empresa FAILED                       [ 26%]
tests/test_festivos.py::test_obtener_festivos_year FAILED                [ 27%]
tests/test_festivos.py::test_festivos_have_required_fields FAILED        [ 28%]
tests/test_festivos.py::test_festivos_no_weekends FAILED                 [ 28%]
tests/test_festivos.py::test_festivos_q2_has_jueves_viernes_santo FAILED [ 29%]
tests/test_festivos.py::test_festivos_different_year_empty FAILED        [ 30%]
tests/test_festivos.py::test_festivos_q3_summer_closure FAILED           [ 31%]
tests/test_frecuencias.py::test_calcular_frecuencias_existing_trimestre PASSED [ 32%]
tests/test_frecuencias.py::test_calcular_frecuencias_response_structure FAILED [ 33%]
tests/test_frecuencias.py::test_calcular_frecuencias_capacity_limits FAILED [ 34%]
tests/test_frecuencias.py::test_confirmar_frecuencias FAILED             [ 35%]
tests/test_frecuencias.py::test_obtener_frecuencias_confirmadas FAILED   [ 36%]
tests/test_frecuencias.py::test_frecuencias_empty_trimestre FAILED       [ 37%]
tests/test_health.py::test_health_endpoint PASSED                        [ 38%]
tests/test_health.py::test_root_endpoint PASSED                          [ 39%]
tests/test_integration.py::TestFullLifecycle::test_complete_trimestre_flow FAILED [ 40%]
tests/test_integration.py::TestCalendarioConstraints::test_no_empresa_on_festivo_day FAILED [ 41%]
tests/test_integration.py::TestCalendarioConstraints::test_max_one_assignment_per_week FAILED [ 42%]
tests/test_integration.py::TestDataIntegrity::test_frecuencia_totals_match_calendario FAILED [ 42%]
tests/test_integration.py::TestErrorHandling::test_generate_without_frecuencias FAILED [ 43%]
tests/test_integration.py::TestErrorHandling::test_confirm_empty_empresas FAILED [ 44%]
tests/test_integration.py::TestErrorHandling::test_update_nonexistent_slot FAILED [ 45%]
tests/test_integration.py::TestErrorHandling::test_invalid_estado_value FAILED [ 46%]
tests/test_legacy_update_extras.py::test_legacy_update_base_only FAILED  [ 47%]
tests/test_legacy_update_extras.py::test_legacy_update_extra_only FAILED [ 48%]
tests/test_legacy_update_extras.py::test_legacy_update_slot_compartido_actualiza_base FAILED [ 49%]
tests/test_legacy_update_extras.py::test_legacy_update_slot_compartido_actualiza_extra FAILED [ 50%]
tests/test_legacy_update_extras.py::test_legacy_update_slot_compartido_ambas_filas FAILED [ 51%]
tests/test_legacy_update_extras.py::test_legacy_update_match_por_original_tras_reasignacion FAILED [ 52%]
tests/test_legacy_update_extras.py::test_legacy_update_fallback_a_actual_col_g_vacia FAILED [ 53%]
tests/test_legacy_update_extras.py::test_legacy_update_empresa_no_matchea FAILED [ 54%]
tests/test_legacy_update_extras.py::test_legacy_update_validacion_cruzada_tipo_inconsistente FAILED [ 55%]
tests/test_legacy_update_extras.py::test_legacy_update_warning_count_mixto FAILED [ 56%]
tests/test_legacy_update_extras.py::test_legacy_update_motivo_decision_planificador FAILED [ 57%]
tests/test_legacy_update_extras.py::test_legacy_update_motivo_empresa_cancelo FAILED [ 57%]
tests/test_legacy_update_extras.py::test_legacy_update_motivo_vacio_no_borra_existente FAILED [ 58%]
tests/test_legacy_update_extras.py::test_legacy_update_motivo_invalido_warning FAILED [ 59%]
tests/test_legacy_update_extras.py::test_legacy_update_excel_sin_columna_motivo_compatibilidad FAILED [ 60%]
tests/test_operacion.py::test_actualizar_slot_estado FAILED              [ 61%]
tests/test_operacion.py::test_actualizar_slot_confirmado_to_ok FAILED    [ 62%]
tests/test_operacion.py::test_actualizar_slot_vacante_assign_empresa FAILED [ 63%]
tests/test_operacion.py::test_batch_update_slots FAILED                  [ 64%]
tests/test_operacion.py::test_obtener_resumen FAILED                     [ 65%]
tests/test_operacion.py::test_importar_excel_dry_run FAILED              [ 66%]
tests/test_operacion.py::test_importar_excel_cambios_detalle FAILED      [ 67%]
tests/test_operacion.py::test_importar_excel_applies_changes FAILED      [ 68%]
tests/test_planificacion_extras.py::test_extra_inserted_when_ep_and_collision FAILED [ 69%]
tests/test_planificacion_extras.py::test_no_ep_no_extra FAILED           [ 70%]
tests/test_planificacion_extras.py::test_ep_no_collision_no_extra FAILED [ 71%]
tests/test_planificacion_extras.py::test_delete_extra_endpoint FAILED    [ 71%]
tests/test_planificacion_extras.py::test_empresa_no_encontrada_is_hard_reject FAILED [ 72%]
tests/test_planificacion_extras.py::test_get_extras_with_estado_filter FAILED [ 73%]
tests/test_planificacion_extras.py::test_extra_classified_when_strict_match_and_ep_and_collision FAILED [ 74%]
tests/test_planificacion_extras.py::test_two_ep_companies_collision FAILED [ 75%]
tests/test_planificacion_extras.py::test_crear_extra_ok_con_colision_y_empresa_ep FAILED [ 76%]
tests/test_planificacion_extras.py::test_crear_extra_rechaza_empresa_inexistente FAILED [ 77%]
tests/test_planificacion_extras.py::test_crear_extra_rechaza_empresa_inactiva FAILED [ 78%]
tests/test_planificacion_extras.py::test_crear_extra_rechaza_taller_inexistente FAILED [ 79%]
tests/test_planificacion_extras.py::test_crear_extra_rechaza_empresa_no_ep FAILED [ 80%]
tests/test_planificacion_extras.py::test_crear_extra_rechaza_sin_colision FAILED [ 81%]
tests/test_planificacion_extras.py::test_crear_extra_rechaza_duplicado_exacto FAILED [ 82%]
tests/test_planificacion_extras.py::test_editar_extra_cambiar_empresa_a_otra_ep FAILED [ 83%]
tests/test_planificacion_extras.py::test_editar_extra_solo_notas FAILED  [ 84%]
tests/test_planificacion_extras.py::test_editar_extra_notas_vacias_limpia FAILED [ 85%]
tests/test_planificacion_extras.py::test_editar_extra_slot_inexistente FAILED [ 85%]
tests/test_planificacion_extras.py::test_editar_extra_slot_es_base_no_extra FAILED [ 86%]
tests/test_planificacion_extras.py::test_editar_extra_nueva_empresa_no_ep FAILED [ 87%]
tests/test_planificacion_extras.py::test_editar_extra_body_vacio FAILED  [ 88%]
tests/test_settings.py::test_get_settings FAILED                         [ 89%]
tests/test_settings.py::test_update_settings_trimestre_siguiente FAILED  [ 90%]
tests/test_settings.py::test_update_settings_invalid_trimestre PASSED    [ 91%]
tests/test_settings.py::test_promover_without_siguiente_fails FAILED     [ 92%]
tests/test_talleres.py::test_listar_talleres FAILED                      [ 93%]
tests/test_talleres.py::test_talleres_have_required_fields FAILED        [ 94%]
tests/test_talleres.py::test_talleres_distribution FAILED                [ 95%]
tests/test_talleres.py::test_talleres_filter_programa_ef FAILED          [ 96%]
tests/test_talleres.py::test_talleres_filter_programa_it FAILED          [ 97%]
tests/test_talleres.py::test_talleres_dias_distribucion FAILED           [ 98%]
tests/test_talleres.py::test_obtener_taller_by_id FAILED                 [ 99%]
tests/test_talleres.py::test_obtener_taller_not_found FAILED             [100%]

================================== FAILURES ===================================
___________________________ test_generar_calendario ___________________________
tests\test_calendario.py:17: in test_generar_calendario
    response = await client.post(
.venv\Lib\site-packages\httpx\_client.py:1859: in post
    return await self.request(
.venv\Lib\site-packages\httpx\_client.py:1540: in request
    return await self.send(request, auth=auth, follow_redirects=follow_redirects)
           ^^^^^^^^^^^^^^^^^^^^^^^^^^^^^^^^^^^^^^^^^^^^^^^^^^^^^^^^^^^^^^^^^^^^^^
.venv\Lib\site-packages\httpx\_client.py:1629: in send
    response = await self._send_handling_auth(
.venv\Lib\site-packages\httpx\_client.py:1657: in _send_handling_auth
    response = await self._send_handling_redirects(
.venv\Lib\site-packages\httpx\_client.py:1694: in _send_handling_redirects
    response = await self._send_single_request(request)
               ^^^^^^^^^^^^^^^^^^^^^^^^^^^^^^^^^^^^^^^^
.venv\Lib\site-packages\httpx\_client.py:1730: in _send_single_request
    response = await transport.handle_async_request(request)
               ^^^^^^^^^^^^^^^^^^^^^^^^^^^^^^^^^^^^^^^^^^^^^
.venv\Lib\site-packages\httpx\_transports\asgi.py:170: in handle_async_request
    await self.app(scope, receive, send)
.venv\Lib\site-packages\fastapi\applications.py:1163: in __call__
    await super().__call__(scope, receive, send)
.venv\Lib\site-packages\starlette\applications.py:90: in __call__
    await self.middleware_stack(scope, receive, send)
.venv\Lib\site-packages\starlette\middleware\errors.py:186: in __call__
    raise exc
.venv\Lib\site-packages\starlette\middleware\errors.py:164: in __call__
    await self.app(scope, receive, _send)
.venv\Lib\site-packages\starlette\middleware\cors.py:88: in __call__
    await self.app(scope, receive, send)
.venv\Lib\site-packages\starlette\middleware\exceptions.py:63: in __call__
    await wrap_app_handling_exceptions(self.app, conn)(scope, receive, send)
.venv\Lib\site-packages\starlette\_exception_handler.py:53: in wrapped_app
    raise exc
.venv\Lib\site-packages\starlette\_exception_handler.py:42: in wrapped_app
    await app(scope, receive, sender)
.venv\Lib\site-packages\fastapi\middleware\asyncexitstack.py:18: in __call__
    await self.app(scope, receive, send)
.venv\Lib\site-packages\starlette\routing.py:660: in __call__
    await self.middleware_stack(scope, receive, send)
.venv\Lib\site-packages\starlette\routing.py:680: in app
    await route.handle(scope, receive, send)
.venv\Lib\site-packages\starlette\routing.py:276: in handle
    await self.app(scope, receive, send)
.venv\Lib\site-packages\fastapi\routing.py:134: in app
    await wrap_app_handling_exceptions(app, request)(scope, receive, send)
.venv\Lib\site-packages\starlette\_exception_handler.py:53: in wrapped_app
    raise exc
.venv\Lib\site-packages\starlette\_exception_handler.py:42: in wrapped_app
    await app(scope, receive, sender)
.venv\Lib\site-packages\fastapi\routing.py:120: in app
    response = await f(request)
               ^^^^^^^^^^^^^^^^
.venv\Lib\site-packages\fastapi\routing.py:674: in app
    raw_response = await run_endpoint_function(
.venv\Lib\site-packages\fastapi\routing.py:328: in run_endpoint_function
    return await dependant.call(**values)
           ^^^^^^^^^^^^^^^^^^^^^^^^^^^^^^
app\routers\calendario.py:97: in generar_calendario
    anio = int(trimestre.split("-")[0])
           ^^^^^^^^^^^^^^^^^^^^^^^^^^^^
E   ValueError: invalid literal for int() with base 10: 'TEST'
_____________ test_generar_calendario_status_optimal_or_feasible ______________
..\..\..\..\..\AppData\Local\Python\pythoncore-3.14-64\Lib\asyncio\base_events.py:827: in call_soon
    self._check_closed()
..\..\..\..\..\AppData\Local\Python\pythoncore-3.14-64\Lib\asyncio\base_events.py:550: in _check_closed
    raise RuntimeError('Event loop is closed')
E   RuntimeError: Event loop is closed

During handling of the above exception, another exception occurred:
tests\test_calendario.py:35: in test_generar_calendario_status_optimal_or_feasible
    await setup_test_config_trimestral(db_session, TEST_TRIMESTRE)
tests\conftest.py:170: in setup_test_config_trimestral
    result = await db.execute(
.venv\Lib\site-packages\sqlalchemy\ext\asyncio\session.py:449: in execute
    result = await greenlet_spawn(
.venv\Lib\site-packages\sqlalchemy\util\_concurrency_py3k.py:201: in greenlet_spawn
    result = context.throw(*sys.exc_info())
             ^^^^^^^^^^^^^^^^^^^^^^^^^^^^^^
.venv\Lib\site-packages\sqlalchemy\orm\session.py:2351: in execute
    return self._execute_internal(
.venv\Lib\site-packages\sqlalchemy\orm\session.py:2239: in _execute_internal
    conn = self._connection_for_bind(bind)
           ^^^^^^^^^^^^^^^^^^^^^^^^^^^^^^^
.venv\Lib\site-packages\sqlalchemy\orm\session.py:2108: in _connection_for_bind
    return trans._connection_for_bind(engine, execution_options)
           ^^^^^^^^^^^^^^^^^^^^^^^^^^^^^^^^^^^^^^^^^^^^^^^^^^^^^
<string>:2: in _connection_for_bind
    ???
.venv\Lib\site-packages\sqlalchemy\orm\state_changes.py:137: in _go
    ret_value = fn(self, *arg, **kw)
                ^^^^^^^^^^^^^^^^^^^^
.venv\Lib\site-packages\sqlalchemy\orm\session.py:1187: in _connection_for_bind
    conn = bind.connect()
           ^^^^^^^^^^^^^^
.venv\Lib\site-packages\sqlalchemy\engine\base.py:3293: in connect
    return self._connection_cls(self)
           ^^^^^^^^^^^^^^^^^^^^^^^^^^
.venv\Lib\site-packages\sqlalchemy\engine\base.py:143: in __init__
    self._dbapi_connection = engine.raw_connection()
                             ^^^^^^^^^^^^^^^^^^^^^^^
.venv\Lib\site-packages\sqlalchemy\engine\base.py:3317: in raw_connection
    return self.pool.connect()
           ^^^^^^^^^^^^^^^^^^^
.venv\Lib\site-packages\sqlalchemy\pool\base.py:448: in connect
    return _ConnectionFairy._checkout(self)
           ^^^^^^^^^^^^^^^^^^^^^^^^^^^^^^^^
.venv\Lib\site-packages\sqlalchemy\pool\base.py:1371: in _checkout
    with util.safe_reraise():
         ^^^^^^^^^^^^^^^^^^^
.venv\Lib\site-packages\sqlalchemy\util\langhelpers.py:121: in __exit__
    raise exc_value.with_traceback(exc_tb)
.venv\Lib\site-packages\sqlalchemy\pool\base.py:1309: in _checkout
    result = pool._dialect._do_ping_w_event(
.venv\Lib\site-packages\sqlalchemy\engine\default.py:729: in _do_ping_w_event
    return self.do_ping(dbapi_connection)
           ^^^^^^^^^^^^^^^^^^^^^^^^^^^^^^
.venv\Lib\site-packages\sqlalchemy\dialects\postgresql\asyncpg.py:1160: in do_ping
    dbapi_connection.ping()
.venv\Lib\site-packages\sqlalchemy\dialects\postgresql\asyncpg.py:818: in ping
    self._handle_exception(error)
.venv\Lib\site-packages\sqlalchemy\dialects\postgresql\asyncpg.py:799: in _handle_exception
    raise error
.venv\Lib\site-packages\sqlalchemy\dialects\postgresql\asyncpg.py:816: in ping
    _ = self.await_(self._async_ping())
        ^^^^^^^^^^^^^^^^^^^^^^^^^^^^^^^
.venv\Lib\site-packages\sqlalchemy\util\_concurrency_py3k.py:132: in await_only
    return current.parent.switch(awaitable)  # type: ignore[no-any-return,attr-defined] # noqa: E501
           ^^^^^^^^^^^^^^^^^^^^^^^^^^^^^^^^
.venv\Lib\site-packages\sqlalchemy\util\_concurrency_py3k.py:196: in greenlet_spawn
    value = await result
            ^^^^^^^^^^^^
.venv\Lib\site-packages\sqlalchemy\dialects\postgresql\asyncpg.py:825: in _async_ping
    await tr.start()
.venv\Lib\site-packages\asyncpg\transaction.py:146: in start
    await self._connection.execute(query)
.venv\Lib\site-packages\asyncpg\connection.py:354: in execute
    result = await self._protocol.query(query, timeout)
             ^^^^^^^^^^^^^^^^^^^^^^^^^^^^^^^^^^^^^^^^^^
asyncpg/protocol/protocol.pyx:369: in query
    ???
asyncpg/protocol/protocol.pyx:362: in asyncpg.protocol.protocol.BaseProtocol.query
    ???
asyncpg/protocol/coreproto.pyx:1174: in asyncpg.protocol.protocol.CoreProtocol._simple_query
    ???
asyncpg/protocol/protocol.pyx:956: in asyncpg.protocol.protocol.BaseProtocol._write
    ???
..\..\..\..\..\AppData\Local\Python\pythoncore-3.14-64\Lib\asyncio\sslproto.py:222: in write
    self._ssl_protocol._write_appdata((data,))
..\..\..\..\..\AppData\Local\Python\pythoncore-3.14-64\Lib\asyncio\sslproto.py:700: in _write_appdata
    self._fatal_error(ex, 'Fatal error on SSL protocol')
..\..\..\..\..\AppData\Local\Python\pythoncore-3.14-64\Lib\asyncio\sslproto.py:918: in _fatal_error
    self._transport._force_close(exc)
..\..\..\..\..\AppData\Local\Python\pythoncore-3.14-64\Lib\asyncio\proactor_events.py:152: in _force_close
    self._loop.call_soon(self._call_connection_lost, exc)
..\..\..\..\..\AppData\Local\Python\pythoncore-3.14-64\Lib\asyncio\base_events.py:827: in call_soon
    self._check_closed()
..\..\..\..\..\AppData\Local\Python\pythoncore-3.14-64\Lib\asyncio\base_events.py:550: in _check_closed
    raise RuntimeError('Event loop is closed')
E   RuntimeError: Event loop is closed
------------------------------ Captured log call ------------------------------
ERROR    sqlalchemy.pool.impl.AsyncAdaptedQueuePool:base.py:377 Exception terminating connection <AdaptedConnection <asyncpg.connection.Connection object at 0x0000020EE0CE96D0>>
Traceback (most recent call last):
  File "C:\Users\nmendoza\Documents\Visual_Works\Planificacion-Voluntarios\plani-app-back\plani-app-back\.venv\Lib\site-packages\sqlalchemy\pool\base.py", line 373, in _close_connection
    self._dialect.do_terminate(connection)
    ~~~~~~~~~~~~~~~~~~~~~~~~~~^^^^^^^^^^^^
  File "C:\Users\nmendoza\Documents\Visual_Works\Planificacion-Voluntarios\plani-app-back\plani-app-back\.venv\Lib\site-packages\sqlalchemy\dialects\postgresql\asyncpg.py", line 1127, in do_terminate
    dbapi_connection.terminate()
    ~~~~~~~~~~~~~~~~~~~~~~~~~~^^
  File "C:\Users\nmendoza\Documents\Visual_Works\Planificacion-Voluntarios\plani-app-back\plani-app-back\.venv\Lib\site-packages\sqlalchemy\connectors\asyncio.py", line 402, in terminate
    self.await_(asyncio.shield(self._terminate_graceful_close()))  # type: ignore[attr-defined] # noqa: E501
    ~~~~~~~~~~~^^^^^^^^^^^^^^^^^^^^^^^^^^^^^^^^^^^^^^^^^^^^^^^^^^
  File "C:\Users\nmendoza\Documents\Visual_Works\Planificacion-Voluntarios\plani-app-back\plani-app-back\.venv\Lib\site-packages\sqlalchemy\util\_concurrency_py3k.py", line 132, in await_only
    return current.parent.switch(awaitable)  # type: ignore[no-any-return,attr-defined] # noqa: E501
           ~~~~~~~~~~~~~~~~~~~~~^^^^^^^^^^^
  File "C:\Users\nmendoza\Documents\Visual_Works\Planificacion-Voluntarios\plani-app-back\plani-app-back\.venv\Lib\site-packages\sqlalchemy\util\_concurrency_py3k.py", line 196, in greenlet_spawn
    value = await result
            ^^^^^^^^^^^^
  File "C:\Users\nmendoza\Documents\Visual_Works\Planificacion-Voluntarios\plani-app-back\plani-app-back\.venv\Lib\site-packages\sqlalchemy\dialects\postgresql\asyncpg.py", line 912, in _terminate_graceful_close
    await self._connection.close(timeout=2)
  File "C:\Users\nmendoza\Documents\Visual_Works\Planificacion-Voluntarios\plani-app-back\plani-app-back\.venv\Lib\site-packages\asyncpg\connection.py", line 1513, in close
    await self._protocol.close(timeout)
  File "asyncpg/protocol/protocol.pyx", line 617, in close
  File "asyncpg/protocol/protocol.pyx", line 650, in asyncpg.protocol.protocol.BaseProtocol._request_cancel
  File "C:\Users\nmendoza\Documents\Visual_Works\Planificacion-Voluntarios\plani-app-back\plani-app-back\.venv\Lib\site-packages\asyncpg\connection.py", line 1682, in _cancel_current_command
    self._cancellations.add(self._loop.create_task(self._cancel(waiter)))
                            ~~~~~~~~~~~~~~~~~~~~~~^^^^^^^^^^^^^^^^^^^^^^
  File "C:\Users\nmendoza\AppData\Local\Python\pythoncore-3.14-64\Lib\asyncio\base_events.py", line 466, in create_task
    self._check_closed()
    ~~~~~~~~~~~~~~~~~~^^
  File "C:\Users\nmendoza\AppData\Local\Python\pythoncore-3.14-64\Lib\asyncio\base_events.py", line 550, in _check_closed
    raise RuntimeError('Event loop is closed')
RuntimeError: Event loop is closed
______________________ test_calendario_no_festivo_slots _______________________
..\..\..\..\..\AppData\Local\Python\pythoncore-3.14-64\Lib\asyncio\base_events.py:827: in call_soon
    self._check_closed()
..\..\..\..\..\AppData\Local\Python\pythoncore-3.14-64\Lib\asyncio\base_events.py:550: in _check_closed
    raise RuntimeError('Event loop is closed')
E   RuntimeError: Event loop is closed

During handling of the above exception, another exception occurred:
tests\test_calendario.py:51: in test_calendario_no_festivo_slots
    await setup_test_config_trimestral(db_session, TEST_TRIMESTRE)
tests\conftest.py:170: in setup_test_config_trimestral
    result = await db.execute(
.venv\Lib\site-packages\sqlalchemy\ext\asyncio\session.py:449: in execute
    result = await greenlet_spawn(
.venv\Lib\site-packages\sqlalchemy\util\_concurrency_py3k.py:201: in greenlet_spawn
    result = context.throw(*sys.exc_info())
             ^^^^^^^^^^^^^^^^^^^^^^^^^^^^^^
.venv\Lib\site-packages\sqlalchemy\orm\session.py:2351: in execute
    return self._execute_internal(
.venv\Lib\site-packages\sqlalchemy\orm\session.py:2239: in _execute_internal
    conn = self._connection_for_bind(bind)
           ^^^^^^^^^^^^^^^^^^^^^^^^^^^^^^^
.venv\Lib\site-packages\sqlalchemy\orm\session.py:2108: in _connection_for_bind
    return trans._connection_for_bind(engine, execution_options)
           ^^^^^^^^^^^^^^^^^^^^^^^^^^^^^^^^^^^^^^^^^^^^^^^^^^^^^
<string>:2: in _connection_for_bind
    ???
.venv\Lib\site-packages\sqlalchemy\orm\state_changes.py:137: in _go
    ret_value = fn(self, *arg, **kw)
                ^^^^^^^^^^^^^^^^^^^^
.venv\Lib\site-packages\sqlalchemy\orm\session.py:1187: in _connection_for_bind
    conn = bind.connect()
           ^^^^^^^^^^^^^^
.venv\Lib\site-packages\sqlalchemy\engine\base.py:3293: in connect
    return self._connection_cls(self)
           ^^^^^^^^^^^^^^^^^^^^^^^^^^
.venv\Lib\site-packages\sqlalchemy\engine\base.py:143: in __init__
    self._dbapi_connection = engine.raw_connection()
                             ^^^^^^^^^^^^^^^^^^^^^^^
.venv\Lib\site-packages\sqlalchemy\engine\base.py:3317: in raw_connection
    return self.pool.connect()
           ^^^^^^^^^^^^^^^^^^^
.venv\Lib\site-packages\sqlalchemy\pool\base.py:448: in connect
    return _ConnectionFairy._checkout(self)
           ^^^^^^^^^^^^^^^^^^^^^^^^^^^^^^^^
.venv\Lib\site-packages\sqlalchemy\pool\base.py:1371: in _checkout
    with util.safe_reraise():
         ^^^^^^^^^^^^^^^^^^^
.venv\Lib\site-packages\sqlalchemy\util\langhelpers.py:121: in __exit__
    raise exc_value.with_traceback(exc_tb)
.venv\Lib\site-packages\sqlalchemy\pool\base.py:1309: in _checkout
    result = pool._dialect._do_ping_w_event(
.venv\Lib\site-packages\sqlalchemy\engine\default.py:729: in _do_ping_w_event
    return self.do_ping(dbapi_connection)
           ^^^^^^^^^^^^^^^^^^^^^^^^^^^^^^
.venv\Lib\site-packages\sqlalchemy\dialects\postgresql\asyncpg.py:1160: in do_ping
    dbapi_connection.ping()
.venv\Lib\site-packages\sqlalchemy\dialects\postgresql\asyncpg.py:818: in ping
    self._handle_exception(error)
.venv\Lib\site-packages\sqlalchemy\dialects\postgresql\asyncpg.py:799: in _handle_exception
    raise error
.venv\Lib\site-packages\sqlalchemy\dialects\postgresql\asyncpg.py:816: in ping
    _ = self.await_(self._async_ping())
        ^^^^^^^^^^^^^^^^^^^^^^^^^^^^^^^
.venv\Lib\site-packages\sqlalchemy\util\_concurrency_py3k.py:132: in await_only
    return current.parent.switch(awaitable)  # type: ignore[no-any-return,attr-defined] # noqa: E501
           ^^^^^^^^^^^^^^^^^^^^^^^^^^^^^^^^
.venv\Lib\site-packages\sqlalchemy\util\_concurrency_py3k.py:196: in greenlet_spawn
    value = await result
            ^^^^^^^^^^^^
.venv\Lib\site-packages\sqlalchemy\dialects\postgresql\asyncpg.py:825: in _async_ping
    await tr.start()
.venv\Lib\site-packages\asyncpg\transaction.py:146: in start
    await self._connection.execute(query)
.venv\Lib\site-packages\asyncpg\connection.py:354: in execute
    result = await self._protocol.query(query, timeout)
             ^^^^^^^^^^^^^^^^^^^^^^^^^^^^^^^^^^^^^^^^^^
asyncpg/protocol/protocol.pyx:369: in query
    ???
asyncpg/protocol/protocol.pyx:362: in asyncpg.protocol.protocol.BaseProtocol.query
    ???
asyncpg/protocol/coreproto.pyx:1174: in asyncpg.protocol.protocol.CoreProtocol._simple_query
    ???
asyncpg/protocol/protocol.pyx:956: in asyncpg.protocol.protocol.BaseProtocol._write
    ???
..\..\..\..\..\AppData\Local\Python\pythoncore-3.14-64\Lib\asyncio\sslproto.py:222: in write
    self._ssl_protocol._write_appdata((data,))
..\..\..\..\..\AppData\Local\Python\pythoncore-3.14-64\Lib\asyncio\sslproto.py:700: in _write_appdata
    self._fatal_error(ex, 'Fatal error on SSL protocol')
..\..\..\..\..\AppData\Local\Python\pythoncore-3.14-64\Lib\asyncio\sslproto.py:918: in _fatal_error
    self._transport._force_close(exc)
..\..\..\..\..\AppData\Local\Python\pythoncore-3.14-64\Lib\asyncio\proactor_events.py:152: in _force_close
    self._loop.call_soon(self._call_connection_lost, exc)
..\..\..\..\..\AppData\Local\Python\pythoncore-3.14-64\Lib\asyncio\base_events.py:827: in call_soon
    self._check_closed()
..\..\..\..\..\AppData\Local\Python\pythoncore-3.14-64\Lib\asyncio\base_events.py:550: in _check_closed
    raise RuntimeError('Event loop is closed')
E   RuntimeError: Event loop is closed
------------------------------ Captured log call ------------------------------
ERROR    sqlalchemy.pool.impl.AsyncAdaptedQueuePool:base.py:377 Exception terminating connection <AdaptedConnection <asyncpg.connection.Connection object at 0x0000020EE0CF35C0>>
Traceback (most recent call last):
  File "C:\Users\nmendoza\Documents\Visual_Works\Planificacion-Voluntarios\plani-app-back\plani-app-back\.venv\Lib\site-packages\sqlalchemy\pool\base.py", line 373, in _close_connection
    self._dialect.do_terminate(connection)
    ~~~~~~~~~~~~~~~~~~~~~~~~~~^^^^^^^^^^^^
  File "C:\Users\nmendoza\Documents\Visual_Works\Planificacion-Voluntarios\plani-app-back\plani-app-back\.venv\Lib\site-packages\sqlalchemy\dialects\postgresql\asyncpg.py", line 1127, in do_terminate
    dbapi_connection.terminate()
    ~~~~~~~~~~~~~~~~~~~~~~~~~~^^
  File "C:\Users\nmendoza\Documents\Visual_Works\Planificacion-Voluntarios\plani-app-back\plani-app-back\.venv\Lib\site-packages\sqlalchemy\connectors\asyncio.py", line 402, in terminate
    self.await_(asyncio.shield(self._terminate_graceful_close()))  # type: ignore[attr-defined] # noqa: E501
    ~~~~~~~~~~~^^^^^^^^^^^^^^^^^^^^^^^^^^^^^^^^^^^^^^^^^^^^^^^^^^
  File "C:\Users\nmendoza\Documents\Visual_Works\Planificacion-Voluntarios\plani-app-back\plani-app-back\.venv\Lib\site-packages\sqlalchemy\util\_concurrency_py3k.py", line 132, in await_only
    return current.parent.switch(awaitable)  # type: ignore[no-any-return,attr-defined] # noqa: E501
           ~~~~~~~~~~~~~~~~~~~~~^^^^^^^^^^^
  File "C:\Users\nmendoza\Documents\Visual_Works\Planificacion-Voluntarios\plani-app-back\plani-app-back\.venv\Lib\site-packages\sqlalchemy\util\_concurrency_py3k.py", line 196, in greenlet_spawn
    value = await result
            ^^^^^^^^^^^^
  File "C:\Users\nmendoza\Documents\Visual_Works\Planificacion-Voluntarios\plani-app-back\plani-app-back\.venv\Lib\site-packages\sqlalchemy\dialects\postgresql\asyncpg.py", line 912, in _terminate_graceful_close
    await self._connection.close(timeout=2)
  File "C:\Users\nmendoza\Documents\Visual_Works\Planificacion-Voluntarios\plani-app-back\plani-app-back\.venv\Lib\site-packages\asyncpg\connection.py", line 1513, in close
    await self._protocol.close(timeout)
  File "asyncpg/protocol/protocol.pyx", line 617, in close
  File "asyncpg/protocol/protocol.pyx", line 650, in asyncpg.protocol.protocol.BaseProtocol._request_cancel
  File "C:\Users\nmendoza\Documents\Visual_Works\Planificacion-Voluntarios\plani-app-back\plani-app-back\.venv\Lib\site-packages\asyncpg\connection.py", line 1682, in _cancel_current_command
    self._cancellations.add(self._loop.create_task(self._cancel(waiter)))
                            ~~~~~~~~~~~~~~~~~~~~~~^^^^^^^^^^^^^^^^^^^^^^
  File "C:\Users\nmendoza\AppData\Local\Python\pythoncore-3.14-64\Lib\asyncio\base_events.py", line 466, in create_task
    self._check_closed()
    ~~~~~~~~~~~~~~~~~~^^
  File "C:\Users\nmendoza\AppData\Local\Python\pythoncore-3.14-64\Lib\asyncio\base_events.py", line 550, in _check_closed
    raise RuntimeError('Event loop is closed')
RuntimeError: Event loop is closed
______________________ test_calendario_max_one_per_week _______________________
..\..\..\..\..\AppData\Local\Python\pythoncore-3.14-64\Lib\asyncio\base_events.py:827: in call_soon
    self._check_closed()
..\..\..\..\..\AppData\Local\Python\pythoncore-3.14-64\Lib\asyncio\base_events.py:550: in _check_closed
    raise RuntimeError('Event loop is closed')
E   RuntimeError: Event loop is closed

During handling of the above exception, another exception occurred:
tests\test_calendario.py:83: in test_calendario_max_one_per_week
    await setup_test_config_trimestral(db_session, TEST_TRIMESTRE)
tests\conftest.py:170: in setup_test_config_trimestral
    result = await db.execute(
.venv\Lib\site-packages\sqlalchemy\ext\asyncio\session.py:449: in execute
    result = await greenlet_spawn(
.venv\Lib\site-packages\sqlalchemy\util\_concurrency_py3k.py:201: in greenlet_spawn
    result = context.throw(*sys.exc_info())
             ^^^^^^^^^^^^^^^^^^^^^^^^^^^^^^
.venv\Lib\site-packages\sqlalchemy\orm\session.py:2351: in execute
    return self._execute_internal(
.venv\Lib\site-packages\sqlalchemy\orm\session.py:2239: in _execute_internal
    conn = self._connection_for_bind(bind)
           ^^^^^^^^^^^^^^^^^^^^^^^^^^^^^^^
.venv\Lib\site-packages\sqlalchemy\orm\session.py:2108: in _connection_for_bind
    return trans._connection_for_bind(engine, execution_options)
           ^^^^^^^^^^^^^^^^^^^^^^^^^^^^^^^^^^^^^^^^^^^^^^^^^^^^^
<string>:2: in _connection_for_bind
    ???
.venv\Lib\site-packages\sqlalchemy\orm\state_changes.py:137: in _go
    ret_value = fn(self, *arg, **kw)
                ^^^^^^^^^^^^^^^^^^^^
.venv\Lib\site-packages\sqlalchemy\orm\session.py:1187: in _connection_for_bind
    conn = bind.connect()
           ^^^^^^^^^^^^^^
.venv\Lib\site-packages\sqlalchemy\engine\base.py:3293: in connect
    return self._connection_cls(self)
           ^^^^^^^^^^^^^^^^^^^^^^^^^^
.venv\Lib\site-packages\sqlalchemy\engine\base.py:143: in __init__
    self._dbapi_connection = engine.raw_connection()
                             ^^^^^^^^^^^^^^^^^^^^^^^
.venv\Lib\site-packages\sqlalchemy\engine\base.py:3317: in raw_connection
    return self.pool.connect()
           ^^^^^^^^^^^^^^^^^^^
.venv\Lib\site-packages\sqlalchemy\pool\base.py:448: in connect
    return _ConnectionFairy._checkout(self)
           ^^^^^^^^^^^^^^^^^^^^^^^^^^^^^^^^
.venv\Lib\site-packages\sqlalchemy\pool\base.py:1371: in _checkout
    with util.safe_reraise():
         ^^^^^^^^^^^^^^^^^^^
.venv\Lib\site-packages\sqlalchemy\util\langhelpers.py:121: in __exit__
    raise exc_value.with_traceback(exc_tb)
.venv\Lib\site-packages\sqlalchemy\pool\base.py:1309: in _checkout
    result = pool._dialect._do_ping_w_event(
.venv\Lib\site-packages\sqlalchemy\engine\default.py:729: in _do_ping_w_event
    return self.do_ping(dbapi_connection)
           ^^^^^^^^^^^^^^^^^^^^^^^^^^^^^^
.venv\Lib\site-packages\sqlalchemy\dialects\postgresql\asyncpg.py:1160: in do_ping
    dbapi_connection.ping()
.venv\Lib\site-packages\sqlalchemy\dialects\postgresql\asyncpg.py:818: in ping
    self._handle_exception(error)
.venv\Lib\site-packages\sqlalchemy\dialects\postgresql\asyncpg.py:799: in _handle_exception
    raise error
.venv\Lib\site-packages\sqlalchemy\dialects\postgresql\asyncpg.py:816: in ping
    _ = self.await_(self._async_ping())
        ^^^^^^^^^^^^^^^^^^^^^^^^^^^^^^^
.venv\Lib\site-packages\sqlalchemy\util\_concurrency_py3k.py:132: in await_only
    return current.parent.switch(awaitable)  # type: ignore[no-any-return,attr-defined] # noqa: E501
           ^^^^^^^^^^^^^^^^^^^^^^^^^^^^^^^^
.venv\Lib\site-packages\sqlalchemy\util\_concurrency_py3k.py:196: in greenlet_spawn
    value = await result
            ^^^^^^^^^^^^
.venv\Lib\site-packages\sqlalchemy\dialects\postgresql\asyncpg.py:825: in _async_ping
    await tr.start()
.venv\Lib\site-packages\asyncpg\transaction.py:146: in start
    await self._connection.execute(query)
.venv\Lib\site-packages\asyncpg\connection.py:354: in execute
    result = await self._protocol.query(query, timeout)
             ^^^^^^^^^^^^^^^^^^^^^^^^^^^^^^^^^^^^^^^^^^
asyncpg/protocol/protocol.pyx:369: in query
    ???
asyncpg/protocol/protocol.pyx:362: in asyncpg.protocol.protocol.BaseProtocol.query
    ???
asyncpg/protocol/coreproto.pyx:1174: in asyncpg.protocol.protocol.CoreProtocol._simple_query
    ???
asyncpg/protocol/protocol.pyx:956: in asyncpg.protocol.protocol.BaseProtocol._write
    ???
..\..\..\..\..\AppData\Local\Python\pythoncore-3.14-64\Lib\asyncio\sslproto.py:222: in write
    self._ssl_protocol._write_appdata((data,))
..\..\..\..\..\AppData\Local\Python\pythoncore-3.14-64\Lib\asyncio\sslproto.py:700: in _write_appdata
    self._fatal_error(ex, 'Fatal error on SSL protocol')
..\..\..\..\..\AppData\Local\Python\pythoncore-3.14-64\Lib\asyncio\sslproto.py:918: in _fatal_error
    self._transport._force_close(exc)
..\..\..\..\..\AppData\Local\Python\pythoncore-3.14-64\Lib\asyncio\proactor_events.py:152: in _force_close
    self._loop.call_soon(self._call_connection_lost, exc)
..\..\..\..\..\AppData\Local\Python\pythoncore-3.14-64\Lib\asyncio\base_events.py:827: in call_soon
    self._check_closed()
..\..\..\..\..\AppData\Local\Python\pythoncore-3.14-64\Lib\asyncio\base_events.py:550: in _check_closed
    raise RuntimeError('Event loop is closed')
E   RuntimeError: Event loop is closed
------------------------------ Captured log call ------------------------------
ERROR    sqlalchemy.pool.impl.AsyncAdaptedQueuePool:base.py:377 Exception terminating connection <AdaptedConnection <asyncpg.connection.Connection object at 0x0000020EE1591220>>
Traceback (most recent call last):
  File "C:\Users\nmendoza\Documents\Visual_Works\Planificacion-Voluntarios\plani-app-back\plani-app-back\.venv\Lib\site-packages\sqlalchemy\pool\base.py", line 373, in _close_connection
    self._dialect.do_terminate(connection)
    ~~~~~~~~~~~~~~~~~~~~~~~~~~^^^^^^^^^^^^
  File "C:\Users\nmendoza\Documents\Visual_Works\Planificacion-Voluntarios\plani-app-back\plani-app-back\.venv\Lib\site-packages\sqlalchemy\dialects\postgresql\asyncpg.py", line 1127, in do_terminate
    dbapi_connection.terminate()
    ~~~~~~~~~~~~~~~~~~~~~~~~~~^^
  File "C:\Users\nmendoza\Documents\Visual_Works\Planificacion-Voluntarios\plani-app-back\plani-app-back\.venv\Lib\site-packages\sqlalchemy\connectors\asyncio.py", line 402, in terminate
    self.await_(asyncio.shield(self._terminate_graceful_close()))  # type: ignore[attr-defined] # noqa: E501
    ~~~~~~~~~~~^^^^^^^^^^^^^^^^^^^^^^^^^^^^^^^^^^^^^^^^^^^^^^^^^^
  File "C:\Users\nmendoza\Documents\Visual_Works\Planificacion-Voluntarios\plani-app-back\plani-app-back\.venv\Lib\site-packages\sqlalchemy\util\_concurrency_py3k.py", line 132, in await_only
    return current.parent.switch(awaitable)  # type: ignore[no-any-return,attr-defined] # noqa: E501
           ~~~~~~~~~~~~~~~~~~~~~^^^^^^^^^^^
  File "C:\Users\nmendoza\Documents\Visual_Works\Planificacion-Voluntarios\plani-app-back\plani-app-back\.venv\Lib\site-packages\sqlalchemy\util\_concurrency_py3k.py", line 196, in greenlet_spawn
    value = await result
            ^^^^^^^^^^^^
  File "C:\Users\nmendoza\Documents\Visual_Works\Planificacion-Voluntarios\plani-app-back\plani-app-back\.venv\Lib\site-packages\sqlalchemy\dialects\postgresql\asyncpg.py", line 912, in _terminate_graceful_close
    await self._connection.close(timeout=2)
  File "C:\Users\nmendoza\Documents\Visual_Works\Planificacion-Voluntarios\plani-app-back\plani-app-back\.venv\Lib\site-packages\asyncpg\connection.py", line 1513, in close
    await self._protocol.close(timeout)
  File "asyncpg/protocol/protocol.pyx", line 617, in close
  File "asyncpg/protocol/protocol.pyx", line 650, in asyncpg.protocol.protocol.BaseProtocol._request_cancel
  File "C:\Users\nmendoza\Documents\Visual_Works\Planificacion-Voluntarios\plani-app-back\plani-app-back\.venv\Lib\site-packages\asyncpg\connection.py", line 1682, in _cancel_current_command
    self._cancellations.add(self._loop.create_task(self._cancel(waiter)))
                            ~~~~~~~~~~~~~~~~~~~~~~^^^^^^^^^^^^^^^^^^^^^^
  File "C:\Users\nmendoza\AppData\Local\Python\pythoncore-3.14-64\Lib\asyncio\base_events.py", line 466, in create_task
    self._check_closed()
    ~~~~~~~~~~~~~~~~~~^^
  File "C:\Users\nmendoza\AppData\Local\Python\pythoncore-3.14-64\Lib\asyncio\base_events.py", line 550, in _check_closed
    raise RuntimeError('Event loop is closed')
RuntimeError: Event loop is closed
___________________________ test_obtener_calendario ___________________________
..\..\..\..\..\AppData\Local\Python\pythoncore-3.14-64\Lib\asyncio\base_events.py:827: in call_soon
    self._check_closed()
..\..\..\..\..\AppData\Local\Python\pythoncore-3.14-64\Lib\asyncio\base_events.py:550: in _check_closed
    raise RuntimeError('Event loop is closed')
E   RuntimeError: Event loop is closed

During handling of the above exception, another exception occurred:
tests\test_calendario.py:113: in test_obtener_calendario
    await setup_test_config_trimestral(db_session, TEST_TRIMESTRE)
tests\conftest.py:170: in setup_test_config_trimestral
    result = await db.execute(
.venv\Lib\site-packages\sqlalchemy\ext\asyncio\session.py:449: in execute
    result = await greenlet_spawn(
.venv\Lib\site-packages\sqlalchemy\util\_concurrency_py3k.py:201: in greenlet_spawn
    result = context.throw(*sys.exc_info())
             ^^^^^^^^^^^^^^^^^^^^^^^^^^^^^^
.venv\Lib\site-packages\sqlalchemy\orm\session.py:2351: in execute
    return self._execute_internal(
.venv\Lib\site-packages\sqlalchemy\orm\session.py:2239: in _execute_internal
    conn = self._connection_for_bind(bind)
           ^^^^^^^^^^^^^^^^^^^^^^^^^^^^^^^
.venv\Lib\site-packages\sqlalchemy\orm\session.py:2108: in _connection_for_bind
    return trans._connection_for_bind(engine, execution_options)
           ^^^^^^^^^^^^^^^^^^^^^^^^^^^^^^^^^^^^^^^^^^^^^^^^^^^^^
<string>:2: in _connection_for_bind
    ???
.venv\Lib\site-packages\sqlalchemy\orm\state_changes.py:137: in _go
    ret_value = fn(self, *arg, **kw)
                ^^^^^^^^^^^^^^^^^^^^
.venv\Lib\site-packages\sqlalchemy\orm\session.py:1187: in _connection_for_bind
    conn = bind.connect()
           ^^^^^^^^^^^^^^
.venv\Lib\site-packages\sqlalchemy\engine\base.py:3293: in connect
    return self._connection_cls(self)
           ^^^^^^^^^^^^^^^^^^^^^^^^^^
.venv\Lib\site-packages\sqlalchemy\engine\base.py:143: in __init__
    self._dbapi_connection = engine.raw_connection()
                             ^^^^^^^^^^^^^^^^^^^^^^^
.venv\Lib\site-packages\sqlalchemy\engine\base.py:3317: in raw_connection
    return self.pool.connect()
           ^^^^^^^^^^^^^^^^^^^
.venv\Lib\site-packages\sqlalchemy\pool\base.py:448: in connect
    return _ConnectionFairy._checkout(self)
           ^^^^^^^^^^^^^^^^^^^^^^^^^^^^^^^^
.venv\Lib\site-packages\sqlalchemy\pool\base.py:1371: in _checkout
    with util.safe_reraise():
         ^^^^^^^^^^^^^^^^^^^
.venv\Lib\site-packages\sqlalchemy\util\langhelpers.py:121: in __exit__
    raise exc_value.with_traceback(exc_tb)
.venv\Lib\site-packages\sqlalchemy\pool\base.py:1309: in _checkout
    result = pool._dialect._do_ping_w_event(
.venv\Lib\site-packages\sqlalchemy\engine\default.py:729: in _do_ping_w_event
    return self.do_ping(dbapi_connection)
           ^^^^^^^^^^^^^^^^^^^^^^^^^^^^^^
.venv\Lib\site-packages\sqlalchemy\dialects\postgresql\asyncpg.py:1160: in do_ping
    dbapi_connection.ping()
.venv\Lib\site-packages\sqlalchemy\dialects\postgresql\asyncpg.py:818: in ping
    self._handle_exception(error)
.venv\Lib\site-packages\sqlalchemy\dialects\postgresql\asyncpg.py:799: in _handle_exception
    raise error
.venv\Lib\site-packages\sqlalchemy\dialects\postgresql\asyncpg.py:816: in ping
    _ = self.await_(self._async_ping())
        ^^^^^^^^^^^^^^^^^^^^^^^^^^^^^^^
.venv\Lib\site-packages\sqlalchemy\util\_concurrency_py3k.py:132: in await_only
    return current.parent.switch(awaitable)  # type: ignore[no-any-return,attr-defined] # noqa: E501
           ^^^^^^^^^^^^^^^^^^^^^^^^^^^^^^^^
.venv\Lib\site-packages\sqlalchemy\util\_concurrency_py3k.py:196: in greenlet_spawn
    value = await result
            ^^^^^^^^^^^^
.venv\Lib\site-packages\sqlalchemy\dialects\postgresql\asyncpg.py:825: in _async_ping
    await tr.start()
.venv\Lib\site-packages\asyncpg\transaction.py:146: in start
    await self._connection.execute(query)
.venv\Lib\site-packages\asyncpg\connection.py:354: in execute
    result = await self._protocol.query(query, timeout)
             ^^^^^^^^^^^^^^^^^^^^^^^^^^^^^^^^^^^^^^^^^^
asyncpg/protocol/protocol.pyx:369: in query
    ???
asyncpg/protocol/protocol.pyx:362: in asyncpg.protocol.protocol.BaseProtocol.query
    ???
asyncpg/protocol/coreproto.pyx:1174: in asyncpg.protocol.protocol.CoreProtocol._simple_query
    ???
asyncpg/protocol/protocol.pyx:956: in asyncpg.protocol.protocol.BaseProtocol._write
    ???
..\..\..\..\..\AppData\Local\Python\pythoncore-3.14-64\Lib\asyncio\sslproto.py:222: in write
    self._ssl_protocol._write_appdata((data,))
..\..\..\..\..\AppData\Local\Python\pythoncore-3.14-64\Lib\asyncio\sslproto.py:700: in _write_appdata
    self._fatal_error(ex, 'Fatal error on SSL protocol')
..\..\..\..\..\AppData\Local\Python\pythoncore-3.14-64\Lib\asyncio\sslproto.py:918: in _fatal_error
    self._transport._force_close(exc)
..\..\..\..\..\AppData\Local\Python\pythoncore-3.14-64\Lib\asyncio\proactor_events.py:152: in _force_close
    self._loop.call_soon(self._call_connection_lost, exc)
..\..\..\..\..\AppData\Local\Python\pythoncore-3.14-64\Lib\asyncio\base_events.py:827: in call_soon
    self._check_closed()
..\..\..\..\..\AppData\Local\Python\pythoncore-3.14-64\Lib\asyncio\base_events.py:550: in _check_closed
    raise RuntimeError('Event loop is closed')
E   RuntimeError: Event loop is closed
------------------------------ Captured log call ------------------------------
ERROR    sqlalchemy.pool.impl.AsyncAdaptedQueuePool:base.py:377 Exception terminating connection <AdaptedConnection <asyncpg.connection.Connection object at 0x0000020EE1592B70>>
Traceback (most recent call last):
  File "C:\Users\nmendoza\Documents\Visual_Works\Planificacion-Voluntarios\plani-app-back\plani-app-back\.venv\Lib\site-packages\sqlalchemy\pool\base.py", line 373, in _close_connection
    self._dialect.do_terminate(connection)
    ~~~~~~~~~~~~~~~~~~~~~~~~~~^^^^^^^^^^^^
  File "C:\Users\nmendoza\Documents\Visual_Works\Planificacion-Voluntarios\plani-app-back\plani-app-back\.venv\Lib\site-packages\sqlalchemy\dialects\postgresql\asyncpg.py", line 1127, in do_terminate
    dbapi_connection.terminate()
    ~~~~~~~~~~~~~~~~~~~~~~~~~~^^
  File "C:\Users\nmendoza\Documents\Visual_Works\Planificacion-Voluntarios\plani-app-back\plani-app-back\.venv\Lib\site-packages\sqlalchemy\connectors\asyncio.py", line 402, in terminate
    self.await_(asyncio.shield(self._terminate_graceful_close()))  # type: ignore[attr-defined] # noqa: E501
    ~~~~~~~~~~~^^^^^^^^^^^^^^^^^^^^^^^^^^^^^^^^^^^^^^^^^^^^^^^^^^
  File "C:\Users\nmendoza\Documents\Visual_Works\Planificacion-Voluntarios\plani-app-back\plani-app-back\.venv\Lib\site-packages\sqlalchemy\util\_concurrency_py3k.py", line 132, in await_only
    return current.parent.switch(awaitable)  # type: ignore[no-any-return,attr-defined] # noqa: E501
           ~~~~~~~~~~~~~~~~~~~~~^^^^^^^^^^^
  File "C:\Users\nmendoza\Documents\Visual_Works\Planificacion-Voluntarios\plani-app-back\plani-app-back\.venv\Lib\site-packages\sqlalchemy\util\_concurrency_py3k.py", line 196, in greenlet_spawn
    value = await result
            ^^^^^^^^^^^^
  File "C:\Users\nmendoza\Documents\Visual_Works\Planificacion-Voluntarios\plani-app-back\plani-app-back\.venv\Lib\site-packages\sqlalchemy\dialects\postgresql\asyncpg.py", line 912, in _terminate_graceful_close
    await self._connection.close(timeout=2)
  File "C:\Users\nmendoza\Documents\Visual_Works\Planificacion-Voluntarios\plani-app-back\plani-app-back\.venv\Lib\site-packages\asyncpg\connection.py", line 1513, in close
    await self._protocol.close(timeout)
  File "asyncpg/protocol/protocol.pyx", line 617, in close
  File "asyncpg/protocol/protocol.pyx", line 650, in asyncpg.protocol.protocol.BaseProtocol._request_cancel
  File "C:\Users\nmendoza\Documents\Visual_Works\Planificacion-Voluntarios\plani-app-back\plani-app-back\.venv\Lib\site-packages\asyncpg\connection.py", line 1682, in _cancel_current_command
    self._cancellations.add(self._loop.create_task(self._cancel(waiter)))
                            ~~~~~~~~~~~~~~~~~~~~~~^^^^^^^^^^^^^^^^^^^^^^
  File "C:\Users\nmendoza\AppData\Local\Python\pythoncore-3.14-64\Lib\asyncio\base_events.py", line 466, in create_task
    self._check_closed()
    ~~~~~~~~~~~~~~~~~~^^
  File "C:\Users\nmendoza\AppData\Local\Python\pythoncore-3.14-64\Lib\asyncio\base_events.py", line 550, in _check_closed
    raise RuntimeError('Event loop is closed')
RuntimeError: Event loop is closed
___________________ test_obtener_calendario_slots_structure ___________________
..\..\..\..\..\AppData\Local\Python\pythoncore-3.14-64\Lib\asyncio\base_events.py:827: in call_soon
    self._check_closed()
..\..\..\..\..\AppData\Local\Python\pythoncore-3.14-64\Lib\asyncio\base_events.py:550: in _check_closed
    raise RuntimeError('Event loop is closed')
E   RuntimeError: Event loop is closed

During handling of the above exception, another exception occurred:
tests\test_calendario.py:132: in test_obtener_calendario_slots_structure
    await setup_test_config_trimestral(db_session, TEST_TRIMESTRE)
tests\conftest.py:170: in setup_test_config_trimestral
    result = await db.execute(
.venv\Lib\site-packages\sqlalchemy\ext\asyncio\session.py:449: in execute
    result = await greenlet_spawn(
.venv\Lib\site-packages\sqlalchemy\util\_concurrency_py3k.py:201: in greenlet_spawn
    result = context.throw(*sys.exc_info())
             ^^^^^^^^^^^^^^^^^^^^^^^^^^^^^^
.venv\Lib\site-packages\sqlalchemy\orm\session.py:2351: in execute
    return self._execute_internal(
.venv\Lib\site-packages\sqlalchemy\orm\session.py:2239: in _execute_internal
    conn = self._connection_for_bind(bind)
           ^^^^^^^^^^^^^^^^^^^^^^^^^^^^^^^
.venv\Lib\site-packages\sqlalchemy\orm\session.py:2108: in _connection_for_bind
    return trans._connection_for_bind(engine, execution_options)
           ^^^^^^^^^^^^^^^^^^^^^^^^^^^^^^^^^^^^^^^^^^^^^^^^^^^^^
<string>:2: in _connection_for_bind
    ???
.venv\Lib\site-packages\sqlalchemy\orm\state_changes.py:137: in _go
    ret_value = fn(self, *arg, **kw)
                ^^^^^^^^^^^^^^^^^^^^
.venv\Lib\site-packages\sqlalchemy\orm\session.py:1187: in _connection_for_bind
    conn = bind.connect()
           ^^^^^^^^^^^^^^
.venv\Lib\site-packages\sqlalchemy\engine\base.py:3293: in connect
    return self._connection_cls(self)
           ^^^^^^^^^^^^^^^^^^^^^^^^^^
.venv\Lib\site-packages\sqlalchemy\engine\base.py:143: in __init__
    self._dbapi_connection = engine.raw_connection()
                             ^^^^^^^^^^^^^^^^^^^^^^^
.venv\Lib\site-packages\sqlalchemy\engine\base.py:3317: in raw_connection
    return self.pool.connect()
           ^^^^^^^^^^^^^^^^^^^
.venv\Lib\site-packages\sqlalchemy\pool\base.py:448: in connect
    return _ConnectionFairy._checkout(self)
           ^^^^^^^^^^^^^^^^^^^^^^^^^^^^^^^^
.venv\Lib\site-packages\sqlalchemy\pool\base.py:1371: in _checkout
    with util.safe_reraise():
         ^^^^^^^^^^^^^^^^^^^
.venv\Lib\site-packages\sqlalchemy\util\langhelpers.py:121: in __exit__
    raise exc_value.with_traceback(exc_tb)
.venv\Lib\site-packages\sqlalchemy\pool\base.py:1309: in _checkout
    result = pool._dialect._do_ping_w_event(
.venv\Lib\site-packages\sqlalchemy\engine\default.py:729: in _do_ping_w_event
    return self.do_ping(dbapi_connection)
           ^^^^^^^^^^^^^^^^^^^^^^^^^^^^^^
.venv\Lib\site-packages\sqlalchemy\dialects\postgresql\asyncpg.py:1160: in do_ping
    dbapi_connection.ping()
.venv\Lib\site-packages\sqlalchemy\dialects\postgresql\asyncpg.py:818: in ping
    self._handle_exception(error)
.venv\Lib\site-packages\sqlalchemy\dialects\postgresql\asyncpg.py:799: in _handle_exception
    raise error
.venv\Lib\site-packages\sqlalchemy\dialects\postgresql\asyncpg.py:816: in ping
    _ = self.await_(self._async_ping())
        ^^^^^^^^^^^^^^^^^^^^^^^^^^^^^^^
.venv\Lib\site-packages\sqlalchemy\util\_concurrency_py3k.py:132: in await_only
    return current.parent.switch(awaitable)  # type: ignore[no-any-return,attr-defined] # noqa: E501
           ^^^^^^^^^^^^^^^^^^^^^^^^^^^^^^^^
.venv\Lib\site-packages\sqlalchemy\util\_concurrency_py3k.py:196: in greenlet_spawn
    value = await result
            ^^^^^^^^^^^^
.venv\Lib\site-packages\sqlalchemy\dialects\postgresql\asyncpg.py:825: in _async_ping
    await tr.start()
.venv\Lib\site-packages\asyncpg\transaction.py:146: in start
    await self._connection.execute(query)
.venv\Lib\site-packages\asyncpg\connection.py:354: in execute
    result = await self._protocol.query(query, timeout)
             ^^^^^^^^^^^^^^^^^^^^^^^^^^^^^^^^^^^^^^^^^^
asyncpg/protocol/protocol.pyx:369: in query
    ???
asyncpg/protocol/protocol.pyx:362: in asyncpg.protocol.protocol.BaseProtocol.query
    ???
asyncpg/protocol/coreproto.pyx:1174: in asyncpg.protocol.protocol.CoreProtocol._simple_query
    ???
asyncpg/protocol/protocol.pyx:956: in asyncpg.protocol.protocol.BaseProtocol._write
    ???
..\..\..\..\..\AppData\Local\Python\pythoncore-3.14-64\Lib\asyncio\sslproto.py:222: in write
    self._ssl_protocol._write_appdata((data,))
..\..\..\..\..\AppData\Local\Python\pythoncore-3.14-64\Lib\asyncio\sslproto.py:700: in _write_appdata
    self._fatal_error(ex, 'Fatal error on SSL protocol')
..\..\..\..\..\AppData\Local\Python\pythoncore-3.14-64\Lib\asyncio\sslproto.py:918: in _fatal_error
    self._transport._force_close(exc)
..\..\..\..\..\AppData\Local\Python\pythoncore-3.14-64\Lib\asyncio\proactor_events.py:152: in _force_close
    self._loop.call_soon(self._call_connection_lost, exc)
..\..\..\..\..\AppData\Local\Python\pythoncore-3.14-64\Lib\asyncio\base_events.py:827: in call_soon
    self._check_closed()
..\..\..\..\..\AppData\Local\Python\pythoncore-3.14-64\Lib\asyncio\base_events.py:550: in _check_closed
    raise RuntimeError('Event loop is closed')
E   RuntimeError: Event loop is closed
------------------------------ Captured log call ------------------------------
ERROR    sqlalchemy.pool.impl.AsyncAdaptedQueuePool:base.py:377 Exception terminating connection <AdaptedConnection <asyncpg.connection.Connection object at 0x0000020EE15A49B0>>
Traceback (most recent call last):
  File "C:\Users\nmendoza\Documents\Visual_Works\Planificacion-Voluntarios\plani-app-back\plani-app-back\.venv\Lib\site-packages\sqlalchemy\pool\base.py", line 373, in _close_connection
    self._dialect.do_terminate(connection)
    ~~~~~~~~~~~~~~~~~~~~~~~~~~^^^^^^^^^^^^
  File "C:\Users\nmendoza\Documents\Visual_Works\Planificacion-Voluntarios\plani-app-back\plani-app-back\.venv\Lib\site-packages\sqlalchemy\dialects\postgresql\asyncpg.py", line 1127, in do_terminate
    dbapi_connection.terminate()
    ~~~~~~~~~~~~~~~~~~~~~~~~~~^^
  File "C:\Users\nmendoza\Documents\Visual_Works\Planificacion-Voluntarios\plani-app-back\plani-app-back\.venv\Lib\site-packages\sqlalchemy\connectors\asyncio.py", line 402, in terminate
    self.await_(asyncio.shield(self._terminate_graceful_close()))  # type: ignore[attr-defined] # noqa: E501
    ~~~~~~~~~~~^^^^^^^^^^^^^^^^^^^^^^^^^^^^^^^^^^^^^^^^^^^^^^^^^^
  File "C:\Users\nmendoza\Documents\Visual_Works\Planificacion-Voluntarios\plani-app-back\plani-app-back\.venv\Lib\site-packages\sqlalchemy\util\_concurrency_py3k.py", line 132, in await_only
    return current.parent.switch(awaitable)  # type: ignore[no-any-return,attr-defined] # noqa: E501
           ~~~~~~~~~~~~~~~~~~~~~^^^^^^^^^^^
  File "C:\Users\nmendoza\Documents\Visual_Works\Planificacion-Voluntarios\plani-app-back\plani-app-back\.venv\Lib\site-packages\sqlalchemy\util\_concurrency_py3k.py", line 196, in greenlet_spawn
    value = await result
            ^^^^^^^^^^^^
  File "C:\Users\nmendoza\Documents\Visual_Works\Planificacion-Voluntarios\plani-app-back\plani-app-back\.venv\Lib\site-packages\sqlalchemy\dialects\postgresql\asyncpg.py", line 912, in _terminate_graceful_close
    await self._connection.close(timeout=2)
  File "C:\Users\nmendoza\Documents\Visual_Works\Planificacion-Voluntarios\plani-app-back\plani-app-back\.venv\Lib\site-packages\asyncpg\connection.py", line 1513, in close
    await self._protocol.close(timeout)
  File "asyncpg/protocol/protocol.pyx", line 617, in close
  File "asyncpg/protocol/protocol.pyx", line 650, in asyncpg.protocol.protocol.BaseProtocol._request_cancel
  File "C:\Users\nmendoza\Documents\Visual_Works\Planificacion-Voluntarios\plani-app-back\plani-app-back\.venv\Lib\site-packages\asyncpg\connection.py", line 1682, in _cancel_current_command
    self._cancellations.add(self._loop.create_task(self._cancel(waiter)))
                            ~~~~~~~~~~~~~~~~~~~~~~^^^^^^^^^^^^^^^^^^^^^^
  File "C:\Users\nmendoza\AppData\Local\Python\pythoncore-3.14-64\Lib\asyncio\base_events.py", line 466, in create_task
    self._check_closed()
    ~~~~~~~~~~~~~~~~~~^^
  File "C:\Users\nmendoza\AppData\Local\Python\pythoncore-3.14-64\Lib\asyncio\base_events.py", line 550, in _check_closed
    raise RuntimeError('Event loop is closed')
RuntimeError: Event loop is closed
_____________________________ test_exportar_excel _____________________________
..\..\..\..\..\AppData\Local\Python\pythoncore-3.14-64\Lib\asyncio\base_events.py:827: in call_soon
    self._check_closed()
..\..\..\..\..\AppData\Local\Python\pythoncore-3.14-64\Lib\asyncio\base_events.py:550: in _check_closed
    raise RuntimeError('Event loop is closed')
E   RuntimeError: Event loop is closed

During handling of the above exception, another exception occurred:
tests\test_calendario.py:151: in test_exportar_excel
    await setup_test_config_trimestral(db_session, TEST_TRIMESTRE)
tests\conftest.py:170: in setup_test_config_trimestral
    result = await db.execute(
.venv\Lib\site-packages\sqlalchemy\ext\asyncio\session.py:449: in execute
    result = await greenlet_spawn(
.venv\Lib\site-packages\sqlalchemy\util\_concurrency_py3k.py:201: in greenlet_spawn
    result = context.throw(*sys.exc_info())
             ^^^^^^^^^^^^^^^^^^^^^^^^^^^^^^
.venv\Lib\site-packages\sqlalchemy\orm\session.py:2351: in execute
    return self._execute_internal(
.venv\Lib\site-packages\sqlalchemy\orm\session.py:2239: in _execute_internal
    conn = self._connection_for_bind(bind)
           ^^^^^^^^^^^^^^^^^^^^^^^^^^^^^^^
.venv\Lib\site-packages\sqlalchemy\orm\session.py:2108: in _connection_for_bind
    return trans._connection_for_bind(engine, execution_options)
           ^^^^^^^^^^^^^^^^^^^^^^^^^^^^^^^^^^^^^^^^^^^^^^^^^^^^^
<string>:2: in _connection_for_bind
    ???
.venv\Lib\site-packages\sqlalchemy\orm\state_changes.py:137: in _go
    ret_value = fn(self, *arg, **kw)
                ^^^^^^^^^^^^^^^^^^^^
.venv\Lib\site-packages\sqlalchemy\orm\session.py:1187: in _connection_for_bind
    conn = bind.connect()
           ^^^^^^^^^^^^^^
.venv\Lib\site-packages\sqlalchemy\engine\base.py:3293: in connect
    return self._connection_cls(self)
           ^^^^^^^^^^^^^^^^^^^^^^^^^^
.venv\Lib\site-packages\sqlalchemy\engine\base.py:143: in __init__
    self._dbapi_connection = engine.raw_connection()
                             ^^^^^^^^^^^^^^^^^^^^^^^
.venv\Lib\site-packages\sqlalchemy\engine\base.py:3317: in raw_connection
    return self.pool.connect()
           ^^^^^^^^^^^^^^^^^^^
.venv\Lib\site-packages\sqlalchemy\pool\base.py:448: in connect
    return _ConnectionFairy._checkout(self)
           ^^^^^^^^^^^^^^^^^^^^^^^^^^^^^^^^
.venv\Lib\site-packages\sqlalchemy\pool\base.py:1371: in _checkout
    with util.safe_reraise():
         ^^^^^^^^^^^^^^^^^^^
.venv\Lib\site-packages\sqlalchemy\util\langhelpers.py:121: in __exit__
    raise exc_value.with_traceback(exc_tb)
.venv\Lib\site-packages\sqlalchemy\pool\base.py:1309: in _checkout
    result = pool._dialect._do_ping_w_event(
.venv\Lib\site-packages\sqlalchemy\engine\default.py:729: in _do_ping_w_event
    return self.do_ping(dbapi_connection)
           ^^^^^^^^^^^^^^^^^^^^^^^^^^^^^^
.venv\Lib\site-packages\sqlalchemy\dialects\postgresql\asyncpg.py:1160: in do_ping
    dbapi_connection.ping()
.venv\Lib\site-packages\sqlalchemy\dialects\postgresql\asyncpg.py:818: in ping
    self._handle_exception(error)
.venv\Lib\site-packages\sqlalchemy\dialects\postgresql\asyncpg.py:799: in _handle_exception
    raise error
.venv\Lib\site-packages\sqlalchemy\dialects\postgresql\asyncpg.py:816: in ping
    _ = self.await_(self._async_ping())
        ^^^^^^^^^^^^^^^^^^^^^^^^^^^^^^^
.venv\Lib\site-packages\sqlalchemy\util\_concurrency_py3k.py:132: in await_only
    return current.parent.switch(awaitable)  # type: ignore[no-any-return,attr-defined] # noqa: E501
           ^^^^^^^^^^^^^^^^^^^^^^^^^^^^^^^^
.venv\Lib\site-packages\sqlalchemy\util\_concurrency_py3k.py:196: in greenlet_spawn
    value = await result
            ^^^^^^^^^^^^
.venv\Lib\site-packages\sqlalchemy\dialects\postgresql\asyncpg.py:825: in _async_ping
    await tr.start()
.venv\Lib\site-packages\asyncpg\transaction.py:146: in start
    await self._connection.execute(query)
.venv\Lib\site-packages\asyncpg\connection.py:354: in execute
    result = await self._protocol.query(query, timeout)
             ^^^^^^^^^^^^^^^^^^^^^^^^^^^^^^^^^^^^^^^^^^
asyncpg/protocol/protocol.pyx:369: in query
    ???
asyncpg/protocol/protocol.pyx:362: in asyncpg.protocol.protocol.BaseProtocol.query
    ???
asyncpg/protocol/coreproto.pyx:1174: in asyncpg.protocol.protocol.CoreProtocol._simple_query
    ???
asyncpg/protocol/protocol.pyx:956: in asyncpg.protocol.protocol.BaseProtocol._write
    ???
..\..\..\..\..\AppData\Local\Python\pythoncore-3.14-64\Lib\asyncio\sslproto.py:222: in write
    self._ssl_protocol._write_appdata((data,))
..\..\..\..\..\AppData\Local\Python\pythoncore-3.14-64\Lib\asyncio\sslproto.py:700: in _write_appdata
    self._fatal_error(ex, 'Fatal error on SSL protocol')
..\..\..\..\..\AppData\Local\Python\pythoncore-3.14-64\Lib\asyncio\sslproto.py:918: in _fatal_error
    self._transport._force_close(exc)
..\..\..\..\..\AppData\Local\Python\pythoncore-3.14-64\Lib\asyncio\proactor_events.py:152: in _force_close
    self._loop.call_soon(self._call_connection_lost, exc)
..\..\..\..\..\AppData\Local\Python\pythoncore-3.14-64\Lib\asyncio\base_events.py:827: in call_soon
    self._check_closed()
..\..\..\..\..\AppData\Local\Python\pythoncore-3.14-64\Lib\asyncio\base_events.py:550: in _check_closed
    raise RuntimeError('Event loop is closed')
E   RuntimeError: Event loop is closed
------------------------------ Captured log call ------------------------------
ERROR    sqlalchemy.pool.impl.AsyncAdaptedQueuePool:base.py:377 Exception terminating connection <AdaptedConnection <asyncpg.connection.Connection object at 0x0000020EE15A6A80>>
Traceback (most recent call last):
  File "C:\Users\nmendoza\Documents\Visual_Works\Planificacion-Voluntarios\plani-app-back\plani-app-back\.venv\Lib\site-packages\sqlalchemy\pool\base.py", line 373, in _close_connection
    self._dialect.do_terminate(connection)
    ~~~~~~~~~~~~~~~~~~~~~~~~~~^^^^^^^^^^^^
  File "C:\Users\nmendoza\Documents\Visual_Works\Planificacion-Voluntarios\plani-app-back\plani-app-back\.venv\Lib\site-packages\sqlalchemy\dialects\postgresql\asyncpg.py", line 1127, in do_terminate
    dbapi_connection.terminate()
    ~~~~~~~~~~~~~~~~~~~~~~~~~~^^
  File "C:\Users\nmendoza\Documents\Visual_Works\Planificacion-Voluntarios\plani-app-back\plani-app-back\.venv\Lib\site-packages\sqlalchemy\connectors\asyncio.py", line 402, in terminate
    self.await_(asyncio.shield(self._terminate_graceful_close()))  # type: ignore[attr-defined] # noqa: E501
    ~~~~~~~~~~~^^^^^^^^^^^^^^^^^^^^^^^^^^^^^^^^^^^^^^^^^^^^^^^^^^
  File "C:\Users\nmendoza\Documents\Visual_Works\Planificacion-Voluntarios\plani-app-back\plani-app-back\.venv\Lib\site-packages\sqlalchemy\util\_concurrency_py3k.py", line 132, in await_only
    return current.parent.switch(awaitable)  # type: ignore[no-any-return,attr-defined] # noqa: E501
           ~~~~~~~~~~~~~~~~~~~~~^^^^^^^^^^^
  File "C:\Users\nmendoza\Documents\Visual_Works\Planificacion-Voluntarios\plani-app-back\plani-app-back\.venv\Lib\site-packages\sqlalchemy\util\_concurrency_py3k.py", line 196, in greenlet_spawn
    value = await result
            ^^^^^^^^^^^^
  File "C:\Users\nmendoza\Documents\Visual_Works\Planificacion-Voluntarios\plani-app-back\plani-app-back\.venv\Lib\site-packages\sqlalchemy\dialects\postgresql\asyncpg.py", line 912, in _terminate_graceful_close
    await self._connection.close(timeout=2)
  File "C:\Users\nmendoza\Documents\Visual_Works\Planificacion-Voluntarios\plani-app-back\plani-app-back\.venv\Lib\site-packages\asyncpg\connection.py", line 1513, in close
    await self._protocol.close(timeout)
  File "asyncpg/protocol/protocol.pyx", line 617, in close
  File "asyncpg/protocol/protocol.pyx", line 650, in asyncpg.protocol.protocol.BaseProtocol._request_cancel
  File "C:\Users\nmendoza\Documents\Visual_Works\Planificacion-Voluntarios\plani-app-back\plani-app-back\.venv\Lib\site-packages\asyncpg\connection.py", line 1682, in _cancel_current_command
    self._cancellations.add(self._loop.create_task(self._cancel(waiter)))
                            ~~~~~~~~~~~~~~~~~~~~~~^^^^^^^^^^^^^^^^^^^^^^
  File "C:\Users\nmendoza\AppData\Local\Python\pythoncore-3.14-64\Lib\asyncio\base_events.py", line 466, in create_task
    self._check_closed()
    ~~~~~~~~~~~~~~~~~~^^
  File "C:\Users\nmendoza\AppData\Local\Python\pythoncore-3.14-64\Lib\asyncio\base_events.py", line 550, in _check_closed
    raise RuntimeError('Event loop is closed')
RuntimeError: Event loop is closed
____________________ test_exportar_excel_has_fecha_column _____________________
..\..\..\..\..\AppData\Local\Python\pythoncore-3.14-64\Lib\asyncio\base_events.py:827: in call_soon
    self._check_closed()
..\..\..\..\..\AppData\Local\Python\pythoncore-3.14-64\Lib\asyncio\base_events.py:550: in _check_closed
    raise RuntimeError('Event loop is closed')
E   RuntimeError: Event loop is closed

During handling of the above exception, another exception occurred:
tests\test_calendario.py:169: in test_exportar_excel_has_fecha_column
    await setup_test_config_trimestral(db_session, TEST_TRIMESTRE)
tests\conftest.py:170: in setup_test_config_trimestral
    result = await db.execute(
.venv\Lib\site-packages\sqlalchemy\ext\asyncio\session.py:449: in execute
    result = await greenlet_spawn(
.venv\Lib\site-packages\sqlalchemy\util\_concurrency_py3k.py:201: in greenlet_spawn
    result = context.throw(*sys.exc_info())
             ^^^^^^^^^^^^^^^^^^^^^^^^^^^^^^
.venv\Lib\site-packages\sqlalchemy\orm\session.py:2351: in execute
    return self._execute_internal(
.venv\Lib\site-packages\sqlalchemy\orm\session.py:2239: in _execute_internal
    conn = self._connection_for_bind(bind)
           ^^^^^^^^^^^^^^^^^^^^^^^^^^^^^^^
.venv\Lib\site-packages\sqlalchemy\orm\session.py:2108: in _connection_for_bind
    return trans._connection_for_bind(engine, execution_options)
           ^^^^^^^^^^^^^^^^^^^^^^^^^^^^^^^^^^^^^^^^^^^^^^^^^^^^^
<string>:2: in _connection_for_bind
    ???
.venv\Lib\site-packages\sqlalchemy\orm\state_changes.py:137: in _go
    ret_value = fn(self, *arg, **kw)
                ^^^^^^^^^^^^^^^^^^^^
.venv\Lib\site-packages\sqlalchemy\orm\session.py:1187: in _connection_for_bind
    conn = bind.connect()
           ^^^^^^^^^^^^^^
.venv\Lib\site-packages\sqlalchemy\engine\base.py:3293: in connect
    return self._connection_cls(self)
           ^^^^^^^^^^^^^^^^^^^^^^^^^^
.venv\Lib\site-packages\sqlalchemy\engine\base.py:143: in __init__
    self._dbapi_connection = engine.raw_connection()
                             ^^^^^^^^^^^^^^^^^^^^^^^
.venv\Lib\site-packages\sqlalchemy\engine\base.py:3317: in raw_connection
    return self.pool.connect()
           ^^^^^^^^^^^^^^^^^^^
.venv\Lib\site-packages\sqlalchemy\pool\base.py:448: in connect
    return _ConnectionFairy._checkout(self)
           ^^^^^^^^^^^^^^^^^^^^^^^^^^^^^^^^
.venv\Lib\site-packages\sqlalchemy\pool\base.py:1371: in _checkout
    with util.safe_reraise():
         ^^^^^^^^^^^^^^^^^^^
.venv\Lib\site-packages\sqlalchemy\util\langhelpers.py:121: in __exit__
    raise exc_value.with_traceback(exc_tb)
.venv\Lib\site-packages\sqlalchemy\pool\base.py:1309: in _checkout
    result = pool._dialect._do_ping_w_event(
.venv\Lib\site-packages\sqlalchemy\engine\default.py:729: in _do_ping_w_event
    return self.do_ping(dbapi_connection)
           ^^^^^^^^^^^^^^^^^^^^^^^^^^^^^^
.venv\Lib\site-packages\sqlalchemy\dialects\postgresql\asyncpg.py:1160: in do_ping
    dbapi_connection.ping()
.venv\Lib\site-packages\sqlalchemy\dialects\postgresql\asyncpg.py:818: in ping
    self._handle_exception(error)
.venv\Lib\site-packages\sqlalchemy\dialects\postgresql\asyncpg.py:799: in _handle_exception
    raise error
.venv\Lib\site-packages\sqlalchemy\dialects\postgresql\asyncpg.py:816: in ping
    _ = self.await_(self._async_ping())
        ^^^^^^^^^^^^^^^^^^^^^^^^^^^^^^^
.venv\Lib\site-packages\sqlalchemy\util\_concurrency_py3k.py:132: in await_only
    return current.parent.switch(awaitable)  # type: ignore[no-any-return,attr-defined] # noqa: E501
           ^^^^^^^^^^^^^^^^^^^^^^^^^^^^^^^^
.venv\Lib\site-packages\sqlalchemy\util\_concurrency_py3k.py:196: in greenlet_spawn
    value = await result
            ^^^^^^^^^^^^
.venv\Lib\site-packages\sqlalchemy\dialects\postgresql\asyncpg.py:825: in _async_ping
    await tr.start()
.venv\Lib\site-packages\asyncpg\transaction.py:146: in start
    await self._connection.execute(query)
.venv\Lib\site-packages\asyncpg\connection.py:354: in execute
    result = await self._protocol.query(query, timeout)
             ^^^^^^^^^^^^^^^^^^^^^^^^^^^^^^^^^^^^^^^^^^
asyncpg/protocol/protocol.pyx:369: in query
    ???
asyncpg/protocol/protocol.pyx:362: in asyncpg.protocol.protocol.BaseProtocol.query
    ???
asyncpg/protocol/coreproto.pyx:1174: in asyncpg.protocol.protocol.CoreProtocol._simple_query
    ???
asyncpg/protocol/protocol.pyx:956: in asyncpg.protocol.protocol.BaseProtocol._write
    ???
..\..\..\..\..\AppData\Local\Python\pythoncore-3.14-64\Lib\asyncio\sslproto.py:222: in write
    self._ssl_protocol._write_appdata((data,))
..\..\..\..\..\AppData\Local\Python\pythoncore-3.14-64\Lib\asyncio\sslproto.py:700: in _write_appdata
    self._fatal_error(ex, 'Fatal error on SSL protocol')
..\..\..\..\..\AppData\Local\Python\pythoncore-3.14-64\Lib\asyncio\sslproto.py:918: in _fatal_error
    self._transport._force_close(exc)
..\..\..\..\..\AppData\Local\Python\pythoncore-3.14-64\Lib\asyncio\proactor_events.py:152: in _force_close
    self._loop.call_soon(self._call_connection_lost, exc)
..\..\..\..\..\AppData\Local\Python\pythoncore-3.14-64\Lib\asyncio\base_events.py:827: in call_soon
    self._check_closed()
..\..\..\..\..\AppData\Local\Python\pythoncore-3.14-64\Lib\asyncio\base_events.py:550: in _check_closed
    raise RuntimeError('Event loop is closed')
E   RuntimeError: Event loop is closed
------------------------------ Captured log call ------------------------------
ERROR    sqlalchemy.pool.impl.AsyncAdaptedQueuePool:base.py:377 Exception terminating connection <AdaptedConnection <asyncpg.connection.Connection object at 0x0000020EE1530410>>
Traceback (most recent call last):
  File "C:\Users\nmendoza\Documents\Visual_Works\Planificacion-Voluntarios\plani-app-back\plani-app-back\.venv\Lib\site-packages\sqlalchemy\pool\base.py", line 373, in _close_connection
    self._dialect.do_terminate(connection)
    ~~~~~~~~~~~~~~~~~~~~~~~~~~^^^^^^^^^^^^
  File "C:\Users\nmendoza\Documents\Visual_Works\Planificacion-Voluntarios\plani-app-back\plani-app-back\.venv\Lib\site-packages\sqlalchemy\dialects\postgresql\asyncpg.py", line 1127, in do_terminate
    dbapi_connection.terminate()
    ~~~~~~~~~~~~~~~~~~~~~~~~~~^^
  File "C:\Users\nmendoza\Documents\Visual_Works\Planificacion-Voluntarios\plani-app-back\plani-app-back\.venv\Lib\site-packages\sqlalchemy\connectors\asyncio.py", line 402, in terminate
    self.await_(asyncio.shield(self._terminate_graceful_close()))  # type: ignore[attr-defined] # noqa: E501
    ~~~~~~~~~~~^^^^^^^^^^^^^^^^^^^^^^^^^^^^^^^^^^^^^^^^^^^^^^^^^^
  File "C:\Users\nmendoza\Documents\Visual_Works\Planificacion-Voluntarios\plani-app-back\plani-app-back\.venv\Lib\site-packages\sqlalchemy\util\_concurrency_py3k.py", line 132, in await_only
    return current.parent.switch(awaitable)  # type: ignore[no-any-return,attr-defined] # noqa: E501
           ~~~~~~~~~~~~~~~~~~~~~^^^^^^^^^^^
  File "C:\Users\nmendoza\Documents\Visual_Works\Planificacion-Voluntarios\plani-app-back\plani-app-back\.venv\Lib\site-packages\sqlalchemy\util\_concurrency_py3k.py", line 196, in greenlet_spawn
    value = await result
            ^^^^^^^^^^^^
  File "C:\Users\nmendoza\Documents\Visual_Works\Planificacion-Voluntarios\plani-app-back\plani-app-back\.venv\Lib\site-packages\sqlalchemy\dialects\postgresql\asyncpg.py", line 912, in _terminate_graceful_close
    await self._connection.close(timeout=2)
  File "C:\Users\nmendoza\Documents\Visual_Works\Planificacion-Voluntarios\plani-app-back\plani-app-back\.venv\Lib\site-packages\asyncpg\connection.py", line 1513, in close
    await self._protocol.close(timeout)
  File "asyncpg/protocol/protocol.pyx", line 617, in close
  File "asyncpg/protocol/protocol.pyx", line 650, in asyncpg.protocol.protocol.BaseProtocol._request_cancel
  File "C:\Users\nmendoza\Documents\Visual_Works\Planificacion-Voluntarios\plani-app-back\plani-app-back\.venv\Lib\site-packages\asyncpg\connection.py", line 1682, in _cancel_current_command
    self._cancellations.add(self._loop.create_task(self._cancel(waiter)))
                            ~~~~~~~~~~~~~~~~~~~~~~^^^^^^^^^^^^^^^^^^^^^^
  File "C:\Users\nmendoza\AppData\Local\Python\pythoncore-3.14-64\Lib\asyncio\base_events.py", line 466, in create_task
    self._check_closed()
    ~~~~~~~~~~~~~~~~~~^^
  File "C:\Users\nmendoza\AppData\Local\Python\pythoncore-3.14-64\Lib\asyncio\base_events.py", line 550, in _check_closed
    raise RuntimeError('Event loop is closed')
RuntimeError: Event loop is closed
___________________ test_obtener_calendario_empty_trimestre ___________________
..\..\..\..\..\AppData\Local\Python\pythoncore-3.14-64\Lib\asyncio\base_events.py:827: in call_soon
    self._check_closed()
..\..\..\..\..\AppData\Local\Python\pythoncore-3.14-64\Lib\asyncio\base_events.py:550: in _check_closed
    raise RuntimeError('Event loop is closed')
E   RuntimeError: Event loop is closed

During handling of the above exception, another exception occurred:
tests\test_calendario.py:197: in test_obtener_calendario_empty_trimestre
    response = await client.get("/api/calendario/NONEXISTENT-Q1")
               ^^^^^^^^^^^^^^^^^^^^^^^^^^^^^^^^^^^^^^^^^^^^^^^^^^
.venv\Lib\site-packages\httpx\_client.py:1768: in get
    return await self.request(
.venv\Lib\site-packages\httpx\_client.py:1540: in request
    return await self.send(request, auth=auth, follow_redirects=follow_redirects)
           ^^^^^^^^^^^^^^^^^^^^^^^^^^^^^^^^^^^^^^^^^^^^^^^^^^^^^^^^^^^^^^^^^^^^^^
.venv\Lib\site-packages\httpx\_client.py:1629: in send
    response = await self._send_handling_auth(
.venv\Lib\site-packages\httpx\_client.py:1657: in _send_handling_auth
    response = await self._send_handling_redirects(
.venv\Lib\site-packages\httpx\_client.py:1694: in _send_handling_redirects
    response = await self._send_single_request(request)
               ^^^^^^^^^^^^^^^^^^^^^^^^^^^^^^^^^^^^^^^^
.venv\Lib\site-packages\httpx\_client.py:1730: in _send_single_request
    response = await transport.handle_async_request(request)
               ^^^^^^^^^^^^^^^^^^^^^^^^^^^^^^^^^^^^^^^^^^^^^
.venv\Lib\site-packages\httpx\_transports\asgi.py:170: in handle_async_request
    await self.app(scope, receive, send)
.venv\Lib\site-packages\fastapi\applications.py:1163: in __call__
    await super().__call__(scope, receive, send)
.venv\Lib\site-packages\starlette\applications.py:90: in __call__
    await self.middleware_stack(scope, receive, send)
.venv\Lib\site-packages\starlette\middleware\errors.py:186: in __call__
    raise exc
.venv\Lib\site-packages\starlette\middleware\errors.py:164: in __call__
    await self.app(scope, receive, _send)
.venv\Lib\site-packages\starlette\middleware\cors.py:88: in __call__
    await self.app(scope, receive, send)
.venv\Lib\site-packages\starlette\middleware\exceptions.py:63: in __call__
    await wrap_app_handling_exceptions(self.app, conn)(scope, receive, send)
.venv\Lib\site-packages\starlette\_exception_handler.py:53: in wrapped_app
    raise exc
.venv\Lib\site-packages\starlette\_exception_handler.py:42: in wrapped_app
    await app(scope, receive, sender)
.venv\Lib\site-packages\fastapi\middleware\asyncexitstack.py:18: in __call__
    await self.app(scope, receive, send)
.venv\Lib\site-packages\starlette\routing.py:660: in __call__
    await self.middleware_stack(scope, receive, send)
.venv\Lib\site-packages\starlette\routing.py:680: in app
    await route.handle(scope, receive, send)
.venv\Lib\site-packages\starlette\routing.py:276: in handle
    await self.app(scope, receive, send)
.venv\Lib\site-packages\fastapi\routing.py:134: in app
    await wrap_app_handling_exceptions(app, request)(scope, receive, send)
.venv\Lib\site-packages\starlette\_exception_handler.py:53: in wrapped_app
    raise exc
.venv\Lib\site-packages\starlette\_exception_handler.py:42: in wrapped_app
    await app(scope, receive, sender)
.venv\Lib\site-packages\fastapi\routing.py:120: in app
    response = await f(request)
               ^^^^^^^^^^^^^^^^
.venv\Lib\site-packages\fastapi\routing.py:674: in app
    raw_response = await run_endpoint_function(
.venv\Lib\site-packages\fastapi\routing.py:328: in run_endpoint_function
    return await dependant.call(**values)
           ^^^^^^^^^^^^^^^^^^^^^^^^^^^^^^
app\routers\calendario.py:310: in obtener_calendario
    result = await db.execute(
.venv\Lib\site-packages\sqlalchemy\ext\asyncio\session.py:449: in execute
    result = await greenlet_spawn(
.venv\Lib\site-packages\sqlalchemy\util\_concurrency_py3k.py:201: in greenlet_spawn
    result = context.throw(*sys.exc_info())
             ^^^^^^^^^^^^^^^^^^^^^^^^^^^^^^
.venv\Lib\site-packages\sqlalchemy\orm\session.py:2351: in execute
    return self._execute_internal(
.venv\Lib\site-packages\sqlalchemy\orm\session.py:2239: in _execute_internal
    conn = self._connection_for_bind(bind)
           ^^^^^^^^^^^^^^^^^^^^^^^^^^^^^^^
.venv\Lib\site-packages\sqlalchemy\orm\session.py:2108: in _connection_for_bind
    return trans._connection_for_bind(engine, execution_options)
           ^^^^^^^^^^^^^^^^^^^^^^^^^^^^^^^^^^^^^^^^^^^^^^^^^^^^^
<string>:2: in _connection_for_bind
    ???
.venv\Lib\site-packages\sqlalchemy\orm\state_changes.py:137: in _go
    ret_value = fn(self, *arg, **kw)
                ^^^^^^^^^^^^^^^^^^^^
.venv\Lib\site-packages\sqlalchemy\orm\session.py:1187: in _connection_for_bind
    conn = bind.connect()
           ^^^^^^^^^^^^^^
.venv\Lib\site-packages\sqlalchemy\engine\base.py:3293: in connect
    return self._connection_cls(self)
           ^^^^^^^^^^^^^^^^^^^^^^^^^^
.venv\Lib\site-packages\sqlalchemy\engine\base.py:143: in __init__
    self._dbapi_connection = engine.raw_connection()
                             ^^^^^^^^^^^^^^^^^^^^^^^
.venv\Lib\site-packages\sqlalchemy\engine\base.py:3317: in raw_connection
    return self.pool.connect()
           ^^^^^^^^^^^^^^^^^^^
.venv\Lib\site-packages\sqlalchemy\pool\base.py:448: in connect
    return _ConnectionFairy._checkout(self)
           ^^^^^^^^^^^^^^^^^^^^^^^^^^^^^^^^
.venv\Lib\site-packages\sqlalchemy\pool\base.py:1371: in _checkout
    with util.safe_reraise():
         ^^^^^^^^^^^^^^^^^^^
.venv\Lib\site-packages\sqlalchemy\util\langhelpers.py:121: in __exit__
    raise exc_value.with_traceback(exc_tb)
.venv\Lib\site-packages\sqlalchemy\pool\base.py:1309: in _checkout
    result = pool._dialect._do_ping_w_event(
.venv\Lib\site-packages\sqlalchemy\engine\default.py:729: in _do_ping_w_event
    return self.do_ping(dbapi_connection)
           ^^^^^^^^^^^^^^^^^^^^^^^^^^^^^^
.venv\Lib\site-packages\sqlalchemy\dialects\postgresql\asyncpg.py:1160: in do_ping
    dbapi_connection.ping()
.venv\Lib\site-packages\sqlalchemy\dialects\postgresql\asyncpg.py:818: in ping
    self._handle_exception(error)
.venv\Lib\site-packages\sqlalchemy\dialects\postgresql\asyncpg.py:799: in _handle_exception
    raise error
.venv\Lib\site-packages\sqlalchemy\dialects\postgresql\asyncpg.py:816: in ping
    _ = self.await_(self._async_ping())
        ^^^^^^^^^^^^^^^^^^^^^^^^^^^^^^^
.venv\Lib\site-packages\sqlalchemy\util\_concurrency_py3k.py:132: in await_only
    return current.parent.switch(awaitable)  # type: ignore[no-any-return,attr-defined] # noqa: E501
           ^^^^^^^^^^^^^^^^^^^^^^^^^^^^^^^^
.venv\Lib\site-packages\sqlalchemy\util\_concurrency_py3k.py:196: in greenlet_spawn
    value = await result
            ^^^^^^^^^^^^
.venv\Lib\site-packages\sqlalchemy\dialects\postgresql\asyncpg.py:825: in _async_ping
    await tr.start()
.venv\Lib\site-packages\asyncpg\transaction.py:146: in start
    await self._connection.execute(query)
.venv\Lib\site-packages\asyncpg\connection.py:354: in execute
    result = await self._protocol.query(query, timeout)
             ^^^^^^^^^^^^^^^^^^^^^^^^^^^^^^^^^^^^^^^^^^
asyncpg/protocol/protocol.pyx:369: in query
    ???
asyncpg/protocol/protocol.pyx:362: in asyncpg.protocol.protocol.BaseProtocol.query
    ???
asyncpg/protocol/coreproto.pyx:1174: in asyncpg.protocol.protocol.CoreProtocol._simple_query
    ???
asyncpg/protocol/protocol.pyx:956: in asyncpg.protocol.protocol.BaseProtocol._write
    ???
..\..\..\..\..\AppData\Local\Python\pythoncore-3.14-64\Lib\asyncio\sslproto.py:222: in write
    self._ssl_protocol._write_appdata((data,))
..\..\..\..\..\AppData\Local\Python\pythoncore-3.14-64\Lib\asyncio\sslproto.py:700: in _write_appdata
    self._fatal_error(ex, 'Fatal error on SSL protocol')
..\..\..\..\..\AppData\Local\Python\pythoncore-3.14-64\Lib\asyncio\sslproto.py:918: in _fatal_error
    self._transport._force_close(exc)
..\..\..\..\..\AppData\Local\Python\pythoncore-3.14-64\Lib\asyncio\proactor_events.py:152: in _force_close
    self._loop.call_soon(self._call_connection_lost, exc)
..\..\..\..\..\AppData\Local\Python\pythoncore-3.14-64\Lib\asyncio\base_events.py:827: in call_soon
    self._check_closed()
..\..\..\..\..\AppData\Local\Python\pythoncore-3.14-64\Lib\asyncio\base_events.py:550: in _check_closed
    raise RuntimeError('Event loop is closed')
E   RuntimeError: Event loop is closed
------------------------------ Captured log call ------------------------------
ERROR    sqlalchemy.pool.impl.AsyncAdaptedQueuePool:base.py:377 Exception terminating connection <AdaptedConnection <asyncpg.connection.Connection object at 0x0000020EE1532210>>
Traceback (most recent call last):
  File "C:\Users\nmendoza\Documents\Visual_Works\Planificacion-Voluntarios\plani-app-back\plani-app-back\.venv\Lib\site-packages\sqlalchemy\pool\base.py", line 373, in _close_connection
    self._dialect.do_terminate(connection)
    ~~~~~~~~~~~~~~~~~~~~~~~~~~^^^^^^^^^^^^
  File "C:\Users\nmendoza\Documents\Visual_Works\Planificacion-Voluntarios\plani-app-back\plani-app-back\.venv\Lib\site-packages\sqlalchemy\dialects\postgresql\asyncpg.py", line 1127, in do_terminate
    dbapi_connection.terminate()
    ~~~~~~~~~~~~~~~~~~~~~~~~~~^^
  File "C:\Users\nmendoza\Documents\Visual_Works\Planificacion-Voluntarios\plani-app-back\plani-app-back\.venv\Lib\site-packages\sqlalchemy\connectors\asyncio.py", line 402, in terminate
    self.await_(asyncio.shield(self._terminate_graceful_close()))  # type: ignore[attr-defined] # noqa: E501
    ~~~~~~~~~~~^^^^^^^^^^^^^^^^^^^^^^^^^^^^^^^^^^^^^^^^^^^^^^^^^^
  File "C:\Users\nmendoza\Documents\Visual_Works\Planificacion-Voluntarios\plani-app-back\plani-app-back\.venv\Lib\site-packages\sqlalchemy\util\_concurrency_py3k.py", line 132, in await_only
    return current.parent.switch(awaitable)  # type: ignore[no-any-return,attr-defined] # noqa: E501
           ~~~~~~~~~~~~~~~~~~~~~^^^^^^^^^^^
  File "C:\Users\nmendoza\Documents\Visual_Works\Planificacion-Voluntarios\plani-app-back\plani-app-back\.venv\Lib\site-packages\sqlalchemy\util\_concurrency_py3k.py", line 196, in greenlet_spawn
    value = await result
            ^^^^^^^^^^^^
  File "C:\Users\nmendoza\Documents\Visual_Works\Planificacion-Voluntarios\plani-app-back\plani-app-back\.venv\Lib\site-packages\sqlalchemy\dialects\postgresql\asyncpg.py", line 912, in _terminate_graceful_close
    await self._connection.close(timeout=2)
  File "C:\Users\nmendoza\Documents\Visual_Works\Planificacion-Voluntarios\plani-app-back\plani-app-back\.venv\Lib\site-packages\asyncpg\connection.py", line 1513, in close
    await self._protocol.close(timeout)
  File "asyncpg/protocol/protocol.pyx", line 617, in close
  File "asyncpg/protocol/protocol.pyx", line 650, in asyncpg.protocol.protocol.BaseProtocol._request_cancel
  File "C:\Users\nmendoza\Documents\Visual_Works\Planificacion-Voluntarios\plani-app-back\plani-app-back\.venv\Lib\site-packages\asyncpg\connection.py", line 1682, in _cancel_current_command
    self._cancellations.add(self._loop.create_task(self._cancel(waiter)))
                            ~~~~~~~~~~~~~~~~~~~~~~^^^^^^^^^^^^^^^^^^^^^^
  File "C:\Users\nmendoza\AppData\Local\Python\pythoncore-3.14-64\Lib\asyncio\base_events.py", line 466, in create_task
    self._check_closed()
    ~~~~~~~~~~~~~~~~~~^^
  File "C:\Users\nmendoza\AppData\Local\Python\pythoncore-3.14-64\Lib\asyncio\base_events.py", line 550, in _check_closed
    raise RuntimeError('Event loop is closed')
RuntimeError: Event loop is closed
________________________ test_cerrar_trimestre_preview ________________________
..\..\..\..\..\AppData\Local\Python\pythoncore-3.14-64\Lib\asyncio\base_events.py:827: in call_soon
    self._check_closed()
..\..\..\..\..\AppData\Local\Python\pythoncore-3.14-64\Lib\asyncio\base_events.py:550: in _check_closed
    raise RuntimeError('Event loop is closed')
E   RuntimeError: Event loop is closed

During handling of the above exception, another exception occurred:
tests\test_cierre.py:14: in test_cerrar_trimestre_preview
    await setup_test_config_trimestral(db_session, TEST_TRIMESTRE)
tests\conftest.py:170: in setup_test_config_trimestral
    result = await db.execute(
.venv\Lib\site-packages\sqlalchemy\ext\asyncio\session.py:449: in execute
    result = await greenlet_spawn(
.venv\Lib\site-packages\sqlalchemy\util\_concurrency_py3k.py:201: in greenlet_spawn
    result = context.throw(*sys.exc_info())
             ^^^^^^^^^^^^^^^^^^^^^^^^^^^^^^
.venv\Lib\site-packages\sqlalchemy\orm\session.py:2351: in execute
    return self._execute_internal(
.venv\Lib\site-packages\sqlalchemy\orm\session.py:2239: in _execute_internal
    conn = self._connection_for_bind(bind)
           ^^^^^^^^^^^^^^^^^^^^^^^^^^^^^^^
.venv\Lib\site-packages\sqlalchemy\orm\session.py:2108: in _connection_for_bind
    return trans._connection_for_bind(engine, execution_options)
           ^^^^^^^^^^^^^^^^^^^^^^^^^^^^^^^^^^^^^^^^^^^^^^^^^^^^^
<string>:2: in _connection_for_bind
    ???
.venv\Lib\site-packages\sqlalchemy\orm\state_changes.py:137: in _go
    ret_value = fn(self, *arg, **kw)
                ^^^^^^^^^^^^^^^^^^^^
.venv\Lib\site-packages\sqlalchemy\orm\session.py:1187: in _connection_for_bind
    conn = bind.connect()
           ^^^^^^^^^^^^^^
.venv\Lib\site-packages\sqlalchemy\engine\base.py:3293: in connect
    return self._connection_cls(self)
           ^^^^^^^^^^^^^^^^^^^^^^^^^^
.venv\Lib\site-packages\sqlalchemy\engine\base.py:143: in __init__
    self._dbapi_connection = engine.raw_connection()
                             ^^^^^^^^^^^^^^^^^^^^^^^
.venv\Lib\site-packages\sqlalchemy\engine\base.py:3317: in raw_connection
    return self.pool.connect()
           ^^^^^^^^^^^^^^^^^^^
.venv\Lib\site-packages\sqlalchemy\pool\base.py:448: in connect
    return _ConnectionFairy._checkout(self)
           ^^^^^^^^^^^^^^^^^^^^^^^^^^^^^^^^
.venv\Lib\site-packages\sqlalchemy\pool\base.py:1371: in _checkout
    with util.safe_reraise():
         ^^^^^^^^^^^^^^^^^^^
.venv\Lib\site-packages\sqlalchemy\util\langhelpers.py:121: in __exit__
    raise exc_value.with_traceback(exc_tb)
.venv\Lib\site-packages\sqlalchemy\pool\base.py:1309: in _checkout
    result = pool._dialect._do_ping_w_event(
.venv\Lib\site-packages\sqlalchemy\engine\default.py:729: in _do_ping_w_event
    return self.do_ping(dbapi_connection)
           ^^^^^^^^^^^^^^^^^^^^^^^^^^^^^^
.venv\Lib\site-packages\sqlalchemy\dialects\postgresql\asyncpg.py:1160: in do_ping
    dbapi_connection.ping()
.venv\Lib\site-packages\sqlalchemy\dialects\postgresql\asyncpg.py:818: in ping
    self._handle_exception(error)
.venv\Lib\site-packages\sqlalchemy\dialects\postgresql\asyncpg.py:799: in _handle_exception
    raise error
.venv\Lib\site-packages\sqlalchemy\dialects\postgresql\asyncpg.py:816: in ping
    _ = self.await_(self._async_ping())
        ^^^^^^^^^^^^^^^^^^^^^^^^^^^^^^^
.venv\Lib\site-packages\sqlalchemy\util\_concurrency_py3k.py:132: in await_only
    return current.parent.switch(awaitable)  # type: ignore[no-any-return,attr-defined] # noqa: E501
           ^^^^^^^^^^^^^^^^^^^^^^^^^^^^^^^^
.venv\Lib\site-packages\sqlalchemy\util\_concurrency_py3k.py:196: in greenlet_spawn
    value = await result
            ^^^^^^^^^^^^
.venv\Lib\site-packages\sqlalchemy\dialects\postgresql\asyncpg.py:825: in _async_ping
    await tr.start()
.venv\Lib\site-packages\asyncpg\transaction.py:146: in start
    await self._connection.execute(query)
.venv\Lib\site-packages\asyncpg\connection.py:354: in execute
    result = await self._protocol.query(query, timeout)
             ^^^^^^^^^^^^^^^^^^^^^^^^^^^^^^^^^^^^^^^^^^
asyncpg/protocol/protocol.pyx:369: in query
    ???
asyncpg/protocol/protocol.pyx:362: in asyncpg.protocol.protocol.BaseProtocol.query
    ???
asyncpg/protocol/coreproto.pyx:1174: in asyncpg.protocol.protocol.CoreProtocol._simple_query
    ???
asyncpg/protocol/protocol.pyx:956: in asyncpg.protocol.protocol.BaseProtocol._write
    ???
..\..\..\..\..\AppData\Local\Python\pythoncore-3.14-64\Lib\asyncio\sslproto.py:222: in write
    self._ssl_protocol._write_appdata((data,))
..\..\..\..\..\AppData\Local\Python\pythoncore-3.14-64\Lib\asyncio\sslproto.py:700: in _write_appdata
    self._fatal_error(ex, 'Fatal error on SSL protocol')
..\..\..\..\..\AppData\Local\Python\pythoncore-3.14-64\Lib\asyncio\sslproto.py:918: in _fatal_error
    self._transport._force_close(exc)
..\..\..\..\..\AppData\Local\Python\pythoncore-3.14-64\Lib\asyncio\proactor_events.py:152: in _force_close
    self._loop.call_soon(self._call_connection_lost, exc)
..\..\..\..\..\AppData\Local\Python\pythoncore-3.14-64\Lib\asyncio\base_events.py:827: in call_soon
    self._check_closed()
..\..\..\..\..\AppData\Local\Python\pythoncore-3.14-64\Lib\asyncio\base_events.py:550: in _check_closed
    raise RuntimeError('Event loop is closed')
E   RuntimeError: Event loop is closed
------------------------------ Captured log call ------------------------------
ERROR    sqlalchemy.pool.impl.AsyncAdaptedQueuePool:base.py:377 Exception terminating connection <AdaptedConnection <asyncpg.connection.Connection object at 0x0000020EE0CF0C80>>
Traceback (most recent call last):
  File "C:\Users\nmendoza\Documents\Visual_Works\Planificacion-Voluntarios\plani-app-back\plani-app-back\.venv\Lib\site-packages\sqlalchemy\pool\base.py", line 373, in _close_connection
    self._dialect.do_terminate(connection)
    ~~~~~~~~~~~~~~~~~~~~~~~~~~^^^^^^^^^^^^
  File "C:\Users\nmendoza\Documents\Visual_Works\Planificacion-Voluntarios\plani-app-back\plani-app-back\.venv\Lib\site-packages\sqlalchemy\dialects\postgresql\asyncpg.py", line 1127, in do_terminate
    dbapi_connection.terminate()
    ~~~~~~~~~~~~~~~~~~~~~~~~~~^^
  File "C:\Users\nmendoza\Documents\Visual_Works\Planificacion-Voluntarios\plani-app-back\plani-app-back\.venv\Lib\site-packages\sqlalchemy\connectors\asyncio.py", line 402, in terminate
    self.await_(asyncio.shield(self._terminate_graceful_close()))  # type: ignore[attr-defined] # noqa: E501
    ~~~~~~~~~~~^^^^^^^^^^^^^^^^^^^^^^^^^^^^^^^^^^^^^^^^^^^^^^^^^^
  File "C:\Users\nmendoza\Documents\Visual_Works\Planificacion-Voluntarios\plani-app-back\plani-app-back\.venv\Lib\site-packages\sqlalchemy\util\_concurrency_py3k.py", line 132, in await_only
    return current.parent.switch(awaitable)  # type: ignore[no-any-return,attr-defined] # noqa: E501
           ~~~~~~~~~~~~~~~~~~~~~^^^^^^^^^^^
  File "C:\Users\nmendoza\Documents\Visual_Works\Planificacion-Voluntarios\plani-app-back\plani-app-back\.venv\Lib\site-packages\sqlalchemy\util\_concurrency_py3k.py", line 196, in greenlet_spawn
    value = await result
            ^^^^^^^^^^^^
  File "C:\Users\nmendoza\Documents\Visual_Works\Planificacion-Voluntarios\plani-app-back\plani-app-back\.venv\Lib\site-packages\sqlalchemy\dialects\postgresql\asyncpg.py", line 912, in _terminate_graceful_close
    await self._connection.close(timeout=2)
  File "C:\Users\nmendoza\Documents\Visual_Works\Planificacion-Voluntarios\plani-app-back\plani-app-back\.venv\Lib\site-packages\asyncpg\connection.py", line 1513, in close
    await self._protocol.close(timeout)
  File "asyncpg/protocol/protocol.pyx", line 617, in close
  File "asyncpg/protocol/protocol.pyx", line 650, in asyncpg.protocol.protocol.BaseProtocol._request_cancel
  File "C:\Users\nmendoza\Documents\Visual_Works\Planificacion-Voluntarios\plani-app-back\plani-app-back\.venv\Lib\site-packages\asyncpg\connection.py", line 1682, in _cancel_current_command
    self._cancellations.add(self._loop.create_task(self._cancel(waiter)))
                            ~~~~~~~~~~~~~~~~~~~~~~^^^^^^^^^^^^^^^^^^^^^^
  File "C:\Users\nmendoza\AppData\Local\Python\pythoncore-3.14-64\Lib\asyncio\base_events.py", line 466, in create_task
    self._check_closed()
    ~~~~~~~~~~~~~~~~~~^^
  File "C:\Users\nmendoza\AppData\Local\Python\pythoncore-3.14-64\Lib\asyncio\base_events.py", line 550, in _check_closed
    raise RuntimeError('Event loop is closed')
RuntimeError: Event loop is closed
____________________ test_cerrar_trimestre_preview_counts _____________________
..\..\..\..\..\AppData\Local\Python\pythoncore-3.14-64\Lib\asyncio\base_events.py:827: in call_soon
    self._check_closed()
..\..\..\..\..\AppData\Local\Python\pythoncore-3.14-64\Lib\asyncio\base_events.py:550: in _check_closed
    raise RuntimeError('Event loop is closed')
E   RuntimeError: Event loop is closed

During handling of the above exception, another exception occurred:
tests\test_cierre.py:59: in test_cerrar_trimestre_preview_counts
    await setup_test_config_trimestral(db_session, TEST_TRIMESTRE)
tests\conftest.py:170: in setup_test_config_trimestral
    result = await db.execute(
.venv\Lib\site-packages\sqlalchemy\ext\asyncio\session.py:449: in execute
    result = await greenlet_spawn(
.venv\Lib\site-packages\sqlalchemy\util\_concurrency_py3k.py:201: in greenlet_spawn
    result = context.throw(*sys.exc_info())
             ^^^^^^^^^^^^^^^^^^^^^^^^^^^^^^
.venv\Lib\site-packages\sqlalchemy\orm\session.py:2351: in execute
    return self._execute_internal(
.venv\Lib\site-packages\sqlalchemy\orm\session.py:2239: in _execute_internal
    conn = self._connection_for_bind(bind)
           ^^^^^^^^^^^^^^^^^^^^^^^^^^^^^^^
.venv\Lib\site-packages\sqlalchemy\orm\session.py:2108: in _connection_for_bind
    return trans._connection_for_bind(engine, execution_options)
           ^^^^^^^^^^^^^^^^^^^^^^^^^^^^^^^^^^^^^^^^^^^^^^^^^^^^^
<string>:2: in _connection_for_bind
    ???
.venv\Lib\site-packages\sqlalchemy\orm\state_changes.py:137: in _go
    ret_value = fn(self, *arg, **kw)
                ^^^^^^^^^^^^^^^^^^^^
.venv\Lib\site-packages\sqlalchemy\orm\session.py:1187: in _connection_for_bind
    conn = bind.connect()
           ^^^^^^^^^^^^^^
.venv\Lib\site-packages\sqlalchemy\engine\base.py:3293: in connect
    return self._connection_cls(self)
           ^^^^^^^^^^^^^^^^^^^^^^^^^^
.venv\Lib\site-packages\sqlalchemy\engine\base.py:143: in __init__
    self._dbapi_connection = engine.raw_connection()
                             ^^^^^^^^^^^^^^^^^^^^^^^
.venv\Lib\site-packages\sqlalchemy\engine\base.py:3317: in raw_connection
    return self.pool.connect()
           ^^^^^^^^^^^^^^^^^^^
.venv\Lib\site-packages\sqlalchemy\pool\base.py:448: in connect
    return _ConnectionFairy._checkout(self)
           ^^^^^^^^^^^^^^^^^^^^^^^^^^^^^^^^
.venv\Lib\site-packages\sqlalchemy\pool\base.py:1371: in _checkout
    with util.safe_reraise():
         ^^^^^^^^^^^^^^^^^^^
.venv\Lib\site-packages\sqlalchemy\util\langhelpers.py:121: in __exit__
    raise exc_value.with_traceback(exc_tb)
.venv\Lib\site-packages\sqlalchemy\pool\base.py:1309: in _checkout
    result = pool._dialect._do_ping_w_event(
.venv\Lib\site-packages\sqlalchemy\engine\default.py:729: in _do_ping_w_event
    return self.do_ping(dbapi_connection)
           ^^^^^^^^^^^^^^^^^^^^^^^^^^^^^^
.venv\Lib\site-packages\sqlalchemy\dialects\postgresql\asyncpg.py:1160: in do_ping
    dbapi_connection.ping()
.venv\Lib\site-packages\sqlalchemy\dialects\postgresql\asyncpg.py:818: in ping
    self._handle_exception(error)
.venv\Lib\site-packages\sqlalchemy\dialects\postgresql\asyncpg.py:799: in _handle_exception
    raise error
.venv\Lib\site-packages\sqlalchemy\dialects\postgresql\asyncpg.py:816: in ping
    _ = self.await_(self._async_ping())
        ^^^^^^^^^^^^^^^^^^^^^^^^^^^^^^^
.venv\Lib\site-packages\sqlalchemy\util\_concurrency_py3k.py:132: in await_only
    return current.parent.switch(awaitable)  # type: ignore[no-any-return,attr-defined] # noqa: E501
           ^^^^^^^^^^^^^^^^^^^^^^^^^^^^^^^^
.venv\Lib\site-packages\sqlalchemy\util\_concurrency_py3k.py:196: in greenlet_spawn
    value = await result
            ^^^^^^^^^^^^
.venv\Lib\site-packages\sqlalchemy\dialects\postgresql\asyncpg.py:825: in _async_ping
    await tr.start()
.venv\Lib\site-packages\asyncpg\transaction.py:146: in start
    await self._connection.execute(query)
.venv\Lib\site-packages\asyncpg\connection.py:354: in execute
    result = await self._protocol.query(query, timeout)
             ^^^^^^^^^^^^^^^^^^^^^^^^^^^^^^^^^^^^^^^^^^
asyncpg/protocol/protocol.pyx:369: in query
    ???
asyncpg/protocol/protocol.pyx:362: in asyncpg.protocol.protocol.BaseProtocol.query
    ???
asyncpg/protocol/coreproto.pyx:1174: in asyncpg.protocol.protocol.CoreProtocol._simple_query
    ???
asyncpg/protocol/protocol.pyx:956: in asyncpg.protocol.protocol.BaseProtocol._write
    ???
..\..\..\..\..\AppData\Local\Python\pythoncore-3.14-64\Lib\asyncio\sslproto.py:222: in write
    self._ssl_protocol._write_appdata((data,))
..\..\..\..\..\AppData\Local\Python\pythoncore-3.14-64\Lib\asyncio\sslproto.py:700: in _write_appdata
    self._fatal_error(ex, 'Fatal error on SSL protocol')
..\..\..\..\..\AppData\Local\Python\pythoncore-3.14-64\Lib\asyncio\sslproto.py:918: in _fatal_error
    self._transport._force_close(exc)
..\..\..\..\..\AppData\Local\Python\pythoncore-3.14-64\Lib\asyncio\proactor_events.py:152: in _force_close
    self._loop.call_soon(self._call_connection_lost, exc)
..\..\..\..\..\AppData\Local\Python\pythoncore-3.14-64\Lib\asyncio\base_events.py:827: in call_soon
    self._check_closed()
..\..\..\..\..\AppData\Local\Python\pythoncore-3.14-64\Lib\asyncio\base_events.py:550: in _check_closed
    raise RuntimeError('Event loop is closed')
E   RuntimeError: Event loop is closed
------------------------------ Captured log call ------------------------------
ERROR    sqlalchemy.pool.impl.AsyncAdaptedQueuePool:base.py:377 Exception terminating connection <AdaptedConnection <asyncpg.connection.Connection object at 0x0000020EE0CE96D0>>
Traceback (most recent call last):
  File "C:\Users\nmendoza\Documents\Visual_Works\Planificacion-Voluntarios\plani-app-back\plani-app-back\.venv\Lib\site-packages\sqlalchemy\pool\base.py", line 373, in _close_connection
    self._dialect.do_terminate(connection)
    ~~~~~~~~~~~~~~~~~~~~~~~~~~^^^^^^^^^^^^
  File "C:\Users\nmendoza\Documents\Visual_Works\Planificacion-Voluntarios\plani-app-back\plani-app-back\.venv\Lib\site-packages\sqlalchemy\dialects\postgresql\asyncpg.py", line 1127, in do_terminate
    dbapi_connection.terminate()
    ~~~~~~~~~~~~~~~~~~~~~~~~~~^^
  File "C:\Users\nmendoza\Documents\Visual_Works\Planificacion-Voluntarios\plani-app-back\plani-app-back\.venv\Lib\site-packages\sqlalchemy\connectors\asyncio.py", line 402, in terminate
    self.await_(asyncio.shield(self._terminate_graceful_close()))  # type: ignore[attr-defined] # noqa: E501
    ~~~~~~~~~~~^^^^^^^^^^^^^^^^^^^^^^^^^^^^^^^^^^^^^^^^^^^^^^^^^^
  File "C:\Users\nmendoza\Documents\Visual_Works\Planificacion-Voluntarios\plani-app-back\plani-app-back\.venv\Lib\site-packages\sqlalchemy\util\_concurrency_py3k.py", line 132, in await_only
    return current.parent.switch(awaitable)  # type: ignore[no-any-return,attr-defined] # noqa: E501
           ~~~~~~~~~~~~~~~~~~~~~^^^^^^^^^^^
  File "C:\Users\nmendoza\Documents\Visual_Works\Planificacion-Voluntarios\plani-app-back\plani-app-back\.venv\Lib\site-packages\sqlalchemy\util\_concurrency_py3k.py", line 196, in greenlet_spawn
    value = await result
            ^^^^^^^^^^^^
  File "C:\Users\nmendoza\Documents\Visual_Works\Planificacion-Voluntarios\plani-app-back\plani-app-back\.venv\Lib\site-packages\sqlalchemy\dialects\postgresql\asyncpg.py", line 912, in _terminate_graceful_close
    await self._connection.close(timeout=2)
  File "C:\Users\nmendoza\Documents\Visual_Works\Planificacion-Voluntarios\plani-app-back\plani-app-back\.venv\Lib\site-packages\asyncpg\connection.py", line 1513, in close
    await self._protocol.close(timeout)
  File "asyncpg/protocol/protocol.pyx", line 617, in close
  File "asyncpg/protocol/protocol.pyx", line 650, in asyncpg.protocol.protocol.BaseProtocol._request_cancel
  File "C:\Users\nmendoza\Documents\Visual_Works\Planificacion-Voluntarios\plani-app-back\plani-app-back\.venv\Lib\site-packages\asyncpg\connection.py", line 1682, in _cancel_current_command
    self._cancellations.add(self._loop.create_task(self._cancel(waiter)))
                            ~~~~~~~~~~~~~~~~~~~~~~^^^^^^^^^^^^^^^^^^^^^^
  File "C:\Users\nmendoza\AppData\Local\Python\pythoncore-3.14-64\Lib\asyncio\base_events.py", line 466, in create_task
    self._check_closed()
    ~~~~~~~~~~~~~~~~~~^^
  File "C:\Users\nmendoza\AppData\Local\Python\pythoncore-3.14-64\Lib\asyncio\base_events.py", line 550, in _check_closed
    raise RuntimeError('Event loop is closed')
RuntimeError: Event loop is closed
________________________ test_cerrar_trimestre_execute ________________________
..\..\..\..\..\AppData\Local\Python\pythoncore-3.14-64\Lib\asyncio\base_events.py:827: in call_soon
    self._check_closed()
..\..\..\..\..\AppData\Local\Python\pythoncore-3.14-64\Lib\asyncio\base_events.py:550: in _check_closed
    raise RuntimeError('Event loop is closed')
E   RuntimeError: Event loop is closed

During handling of the above exception, another exception occurred:
tests\test_cierre.py:100: in test_cerrar_trimestre_execute
    await setup_test_config_trimestral(db_session, TEST_TRIMESTRE)
tests\conftest.py:170: in setup_test_config_trimestral
    result = await db.execute(
.venv\Lib\site-packages\sqlalchemy\ext\asyncio\session.py:449: in execute
    result = await greenlet_spawn(
.venv\Lib\site-packages\sqlalchemy\util\_concurrency_py3k.py:201: in greenlet_spawn
    result = context.throw(*sys.exc_info())
             ^^^^^^^^^^^^^^^^^^^^^^^^^^^^^^
.venv\Lib\site-packages\sqlalchemy\orm\session.py:2351: in execute
    return self._execute_internal(
.venv\Lib\site-packages\sqlalchemy\orm\session.py:2239: in _execute_internal
    conn = self._connection_for_bind(bind)
           ^^^^^^^^^^^^^^^^^^^^^^^^^^^^^^^
.venv\Lib\site-packages\sqlalchemy\orm\session.py:2108: in _connection_for_bind
    return trans._connection_for_bind(engine, execution_options)
           ^^^^^^^^^^^^^^^^^^^^^^^^^^^^^^^^^^^^^^^^^^^^^^^^^^^^^
<string>:2: in _connection_for_bind
    ???
.venv\Lib\site-packages\sqlalchemy\orm\state_changes.py:137: in _go
    ret_value = fn(self, *arg, **kw)
                ^^^^^^^^^^^^^^^^^^^^
.venv\Lib\site-packages\sqlalchemy\orm\session.py:1187: in _connection_for_bind
    conn = bind.connect()
           ^^^^^^^^^^^^^^
.venv\Lib\site-packages\sqlalchemy\engine\base.py:3293: in connect
    return self._connection_cls(self)
           ^^^^^^^^^^^^^^^^^^^^^^^^^^
.venv\Lib\site-packages\sqlalchemy\engine\base.py:143: in __init__
    self._dbapi_connection = engine.raw_connection()
                             ^^^^^^^^^^^^^^^^^^^^^^^
.venv\Lib\site-packages\sqlalchemy\engine\base.py:3317: in raw_connection
    return self.pool.connect()
           ^^^^^^^^^^^^^^^^^^^
.venv\Lib\site-packages\sqlalchemy\pool\base.py:448: in connect
    return _ConnectionFairy._checkout(self)
           ^^^^^^^^^^^^^^^^^^^^^^^^^^^^^^^^
.venv\Lib\site-packages\sqlalchemy\pool\base.py:1371: in _checkout
    with util.safe_reraise():
         ^^^^^^^^^^^^^^^^^^^
.venv\Lib\site-packages\sqlalchemy\util\langhelpers.py:121: in __exit__
    raise exc_value.with_traceback(exc_tb)
.venv\Lib\site-packages\sqlalchemy\pool\base.py:1309: in _checkout
    result = pool._dialect._do_ping_w_event(
.venv\Lib\site-packages\sqlalchemy\engine\default.py:729: in _do_ping_w_event
    return self.do_ping(dbapi_connection)
           ^^^^^^^^^^^^^^^^^^^^^^^^^^^^^^
.venv\Lib\site-packages\sqlalchemy\dialects\postgresql\asyncpg.py:1160: in do_ping
    dbapi_connection.ping()
.venv\Lib\site-packages\sqlalchemy\dialects\postgresql\asyncpg.py:818: in ping
    self._handle_exception(error)
.venv\Lib\site-packages\sqlalchemy\dialects\postgresql\asyncpg.py:799: in _handle_exception
    raise error
.venv\Lib\site-packages\sqlalchemy\dialects\postgresql\asyncpg.py:816: in ping
    _ = self.await_(self._async_ping())
        ^^^^^^^^^^^^^^^^^^^^^^^^^^^^^^^
.venv\Lib\site-packages\sqlalchemy\util\_concurrency_py3k.py:132: in await_only
    return current.parent.switch(awaitable)  # type: ignore[no-any-return,attr-defined] # noqa: E501
           ^^^^^^^^^^^^^^^^^^^^^^^^^^^^^^^^
.venv\Lib\site-packages\sqlalchemy\util\_concurrency_py3k.py:196: in greenlet_spawn
    value = await result
            ^^^^^^^^^^^^
.venv\Lib\site-packages\sqlalchemy\dialects\postgresql\asyncpg.py:825: in _async_ping
    await tr.start()
.venv\Lib\site-packages\asyncpg\transaction.py:146: in start
    await self._connection.execute(query)
.venv\Lib\site-packages\asyncpg\connection.py:354: in execute
    result = await self._protocol.query(query, timeout)
             ^^^^^^^^^^^^^^^^^^^^^^^^^^^^^^^^^^^^^^^^^^
asyncpg/protocol/protocol.pyx:369: in query
    ???
asyncpg/protocol/protocol.pyx:362: in asyncpg.protocol.protocol.BaseProtocol.query
    ???
asyncpg/protocol/coreproto.pyx:1174: in asyncpg.protocol.protocol.CoreProtocol._simple_query
    ???
asyncpg/protocol/protocol.pyx:956: in asyncpg.protocol.protocol.BaseProtocol._write
    ???
..\..\..\..\..\AppData\Local\Python\pythoncore-3.14-64\Lib\asyncio\sslproto.py:222: in write
    self._ssl_protocol._write_appdata((data,))
..\..\..\..\..\AppData\Local\Python\pythoncore-3.14-64\Lib\asyncio\sslproto.py:700: in _write_appdata
    self._fatal_error(ex, 'Fatal error on SSL protocol')
..\..\..\..\..\AppData\Local\Python\pythoncore-3.14-64\Lib\asyncio\sslproto.py:918: in _fatal_error
    self._transport._force_close(exc)
..\..\..\..\..\AppData\Local\Python\pythoncore-3.14-64\Lib\asyncio\proactor_events.py:152: in _force_close
    self._loop.call_soon(self._call_connection_lost, exc)
..\..\..\..\..\AppData\Local\Python\pythoncore-3.14-64\Lib\asyncio\base_events.py:827: in call_soon
    self._check_closed()
..\..\..\..\..\AppData\Local\Python\pythoncore-3.14-64\Lib\asyncio\base_events.py:550: in _check_closed
    raise RuntimeError('Event loop is closed')
E   RuntimeError: Event loop is closed
------------------------------ Captured log call ------------------------------
ERROR    sqlalchemy.pool.impl.AsyncAdaptedQueuePool:base.py:377 Exception terminating connection <AdaptedConnection <asyncpg.connection.Connection object at 0x0000020EE1568C80>>
Traceback (most recent call last):
  File "C:\Users\nmendoza\Documents\Visual_Works\Planificacion-Voluntarios\plani-app-back\plani-app-back\.venv\Lib\site-packages\sqlalchemy\pool\base.py", line 373, in _close_connection
    self._dialect.do_terminate(connection)
    ~~~~~~~~~~~~~~~~~~~~~~~~~~^^^^^^^^^^^^
  File "C:\Users\nmendoza\Documents\Visual_Works\Planificacion-Voluntarios\plani-app-back\plani-app-back\.venv\Lib\site-packages\sqlalchemy\dialects\postgresql\asyncpg.py", line 1127, in do_terminate
    dbapi_connection.terminate()
    ~~~~~~~~~~~~~~~~~~~~~~~~~~^^
  File "C:\Users\nmendoza\Documents\Visual_Works\Planificacion-Voluntarios\plani-app-back\plani-app-back\.venv\Lib\site-packages\sqlalchemy\connectors\asyncio.py", line 402, in terminate
    self.await_(asyncio.shield(self._terminate_graceful_close()))  # type: ignore[attr-defined] # noqa: E501
    ~~~~~~~~~~~^^^^^^^^^^^^^^^^^^^^^^^^^^^^^^^^^^^^^^^^^^^^^^^^^^
  File "C:\Users\nmendoza\Documents\Visual_Works\Planificacion-Voluntarios\plani-app-back\plani-app-back\.venv\Lib\site-packages\sqlalchemy\util\_concurrency_py3k.py", line 132, in await_only
    return current.parent.switch(awaitable)  # type: ignore[no-any-return,attr-defined] # noqa: E501
           ~~~~~~~~~~~~~~~~~~~~~^^^^^^^^^^^
  File "C:\Users\nmendoza\Documents\Visual_Works\Planificacion-Voluntarios\plani-app-back\plani-app-back\.venv\Lib\site-packages\sqlalchemy\util\_concurrency_py3k.py", line 196, in greenlet_spawn
    value = await result
            ^^^^^^^^^^^^
  File "C:\Users\nmendoza\Documents\Visual_Works\Planificacion-Voluntarios\plani-app-back\plani-app-back\.venv\Lib\site-packages\sqlalchemy\dialects\postgresql\asyncpg.py", line 912, in _terminate_graceful_close
    await self._connection.close(timeout=2)
  File "C:\Users\nmendoza\Documents\Visual_Works\Planificacion-Voluntarios\plani-app-back\plani-app-back\.venv\Lib\site-packages\asyncpg\connection.py", line 1513, in close
    await self._protocol.close(timeout)
  File "asyncpg/protocol/protocol.pyx", line 617, in close
  File "asyncpg/protocol/protocol.pyx", line 650, in asyncpg.protocol.protocol.BaseProtocol._request_cancel
  File "C:\Users\nmendoza\Documents\Visual_Works\Planificacion-Voluntarios\plani-app-back\plani-app-back\.venv\Lib\site-packages\asyncpg\connection.py", line 1682, in _cancel_current_command
    self._cancellations.add(self._loop.create_task(self._cancel(waiter)))
                            ~~~~~~~~~~~~~~~~~~~~~~^^^^^^^^^^^^^^^^^^^^^^
  File "C:\Users\nmendoza\AppData\Local\Python\pythoncore-3.14-64\Lib\asyncio\base_events.py", line 466, in create_task
    self._check_closed()
    ~~~~~~~~~~~~~~~~~~^^
  File "C:\Users\nmendoza\AppData\Local\Python\pythoncore-3.14-64\Lib\asyncio\base_events.py", line 550, in _check_closed
    raise RuntimeError('Event loop is closed')
RuntimeError: Event loop is closed
_________________________ test_historico_after_close __________________________
..\..\..\..\..\AppData\Local\Python\pythoncore-3.14-64\Lib\asyncio\base_events.py:827: in call_soon
    self._check_closed()
..\..\..\..\..\AppData\Local\Python\pythoncore-3.14-64\Lib\asyncio\base_events.py:550: in _check_closed
    raise RuntimeError('Event loop is closed')
E   RuntimeError: Event loop is closed

During handling of the above exception, another exception occurred:
tests\test_cierre.py:131: in test_historico_after_close
    await setup_test_config_trimestral(db_session, TEST_TRIMESTRE)
tests\conftest.py:170: in setup_test_config_trimestral
    result = await db.execute(
.venv\Lib\site-packages\sqlalchemy\ext\asyncio\session.py:449: in execute
    result = await greenlet_spawn(
.venv\Lib\site-packages\sqlalchemy\util\_concurrency_py3k.py:201: in greenlet_spawn
    result = context.throw(*sys.exc_info())
             ^^^^^^^^^^^^^^^^^^^^^^^^^^^^^^
.venv\Lib\site-packages\sqlalchemy\orm\session.py:2351: in execute
    return self._execute_internal(
.venv\Lib\site-packages\sqlalchemy\orm\session.py:2239: in _execute_internal
    conn = self._connection_for_bind(bind)
           ^^^^^^^^^^^^^^^^^^^^^^^^^^^^^^^
.venv\Lib\site-packages\sqlalchemy\orm\session.py:2108: in _connection_for_bind
    return trans._connection_for_bind(engine, execution_options)
           ^^^^^^^^^^^^^^^^^^^^^^^^^^^^^^^^^^^^^^^^^^^^^^^^^^^^^
<string>:2: in _connection_for_bind
    ???
.venv\Lib\site-packages\sqlalchemy\orm\state_changes.py:137: in _go
    ret_value = fn(self, *arg, **kw)
                ^^^^^^^^^^^^^^^^^^^^
.venv\Lib\site-packages\sqlalchemy\orm\session.py:1187: in _connection_for_bind
    conn = bind.connect()
           ^^^^^^^^^^^^^^
.venv\Lib\site-packages\sqlalchemy\engine\base.py:3293: in connect
    return self._connection_cls(self)
           ^^^^^^^^^^^^^^^^^^^^^^^^^^
.venv\Lib\site-packages\sqlalchemy\engine\base.py:143: in __init__
    self._dbapi_connection = engine.raw_connection()
                             ^^^^^^^^^^^^^^^^^^^^^^^
.venv\Lib\site-packages\sqlalchemy\engine\base.py:3317: in raw_connection
    return self.pool.connect()
           ^^^^^^^^^^^^^^^^^^^
.venv\Lib\site-packages\sqlalchemy\pool\base.py:448: in connect
    return _ConnectionFairy._checkout(self)
           ^^^^^^^^^^^^^^^^^^^^^^^^^^^^^^^^
.venv\Lib\site-packages\sqlalchemy\pool\base.py:1371: in _checkout
    with util.safe_reraise():
         ^^^^^^^^^^^^^^^^^^^
.venv\Lib\site-packages\sqlalchemy\util\langhelpers.py:121: in __exit__
    raise exc_value.with_traceback(exc_tb)
.venv\Lib\site-packages\sqlalchemy\pool\base.py:1309: in _checkout
    result = pool._dialect._do_ping_w_event(
.venv\Lib\site-packages\sqlalchemy\engine\default.py:729: in _do_ping_w_event
    return self.do_ping(dbapi_connection)
           ^^^^^^^^^^^^^^^^^^^^^^^^^^^^^^
.venv\Lib\site-packages\sqlalchemy\dialects\postgresql\asyncpg.py:1160: in do_ping
    dbapi_connection.ping()
.venv\Lib\site-packages\sqlalchemy\dialects\postgresql\asyncpg.py:818: in ping
    self._handle_exception(error)
.venv\Lib\site-packages\sqlalchemy\dialects\postgresql\asyncpg.py:799: in _handle_exception
    raise error
.venv\Lib\site-packages\sqlalchemy\dialects\postgresql\asyncpg.py:816: in ping
    _ = self.await_(self._async_ping())
        ^^^^^^^^^^^^^^^^^^^^^^^^^^^^^^^
.venv\Lib\site-packages\sqlalchemy\util\_concurrency_py3k.py:132: in await_only
    return current.parent.switch(awaitable)  # type: ignore[no-any-return,attr-defined] # noqa: E501
           ^^^^^^^^^^^^^^^^^^^^^^^^^^^^^^^^
.venv\Lib\site-packages\sqlalchemy\util\_concurrency_py3k.py:196: in greenlet_spawn
    value = await result
            ^^^^^^^^^^^^
.venv\Lib\site-packages\sqlalchemy\dialects\postgresql\asyncpg.py:825: in _async_ping
    await tr.start()
.venv\Lib\site-packages\asyncpg\transaction.py:146: in start
    await self._connection.execute(query)
.venv\Lib\site-packages\asyncpg\connection.py:354: in execute
    result = await self._protocol.query(query, timeout)
             ^^^^^^^^^^^^^^^^^^^^^^^^^^^^^^^^^^^^^^^^^^
asyncpg/protocol/protocol.pyx:369: in query
    ???
asyncpg/protocol/protocol.pyx:362: in asyncpg.protocol.protocol.BaseProtocol.query
    ???
asyncpg/protocol/coreproto.pyx:1174: in asyncpg.protocol.protocol.CoreProtocol._simple_query
    ???
asyncpg/protocol/protocol.pyx:956: in asyncpg.protocol.protocol.BaseProtocol._write
    ???
..\..\..\..\..\AppData\Local\Python\pythoncore-3.14-64\Lib\asyncio\sslproto.py:222: in write
    self._ssl_protocol._write_appdata((data,))
..\..\..\..\..\AppData\Local\Python\pythoncore-3.14-64\Lib\asyncio\sslproto.py:700: in _write_appdata
    self._fatal_error(ex, 'Fatal error on SSL protocol')
..\..\..\..\..\AppData\Local\Python\pythoncore-3.14-64\Lib\asyncio\sslproto.py:918: in _fatal_error
    self._transport._force_close(exc)
..\..\..\..\..\AppData\Local\Python\pythoncore-3.14-64\Lib\asyncio\proactor_events.py:152: in _force_close
    self._loop.call_soon(self._call_connection_lost, exc)
..\..\..\..\..\AppData\Local\Python\pythoncore-3.14-64\Lib\asyncio\base_events.py:827: in call_soon
    self._check_closed()
..\..\..\..\..\AppData\Local\Python\pythoncore-3.14-64\Lib\asyncio\base_events.py:550: in _check_closed
    raise RuntimeError('Event loop is closed')
E   RuntimeError: Event loop is closed
------------------------------ Captured log call ------------------------------
ERROR    sqlalchemy.pool.impl.AsyncAdaptedQueuePool:base.py:377 Exception terminating connection <AdaptedConnection <asyncpg.connection.Connection object at 0x0000020EE1204230>>
Traceback (most recent call last):
  File "C:\Users\nmendoza\Documents\Visual_Works\Planificacion-Voluntarios\plani-app-back\plani-app-back\.venv\Lib\site-packages\sqlalchemy\pool\base.py", line 373, in _close_connection
    self._dialect.do_terminate(connection)
    ~~~~~~~~~~~~~~~~~~~~~~~~~~^^^^^^^^^^^^
  File "C:\Users\nmendoza\Documents\Visual_Works\Planificacion-Voluntarios\plani-app-back\plani-app-back\.venv\Lib\site-packages\sqlalchemy\dialects\postgresql\asyncpg.py", line 1127, in do_terminate
    dbapi_connection.terminate()
    ~~~~~~~~~~~~~~~~~~~~~~~~~~^^
  File "C:\Users\nmendoza\Documents\Visual_Works\Planificacion-Voluntarios\plani-app-back\plani-app-back\.venv\Lib\site-packages\sqlalchemy\connectors\asyncio.py", line 402, in terminate
    self.await_(asyncio.shield(self._terminate_graceful_close()))  # type: ignore[attr-defined] # noqa: E501
    ~~~~~~~~~~~^^^^^^^^^^^^^^^^^^^^^^^^^^^^^^^^^^^^^^^^^^^^^^^^^^
  File "C:\Users\nmendoza\Documents\Visual_Works\Planificacion-Voluntarios\plani-app-back\plani-app-back\.venv\Lib\site-packages\sqlalchemy\util\_concurrency_py3k.py", line 132, in await_only
    return current.parent.switch(awaitable)  # type: ignore[no-any-return,attr-defined] # noqa: E501
           ~~~~~~~~~~~~~~~~~~~~~^^^^^^^^^^^
  File "C:\Users\nmendoza\Documents\Visual_Works\Planificacion-Voluntarios\plani-app-back\plani-app-back\.venv\Lib\site-packages\sqlalchemy\util\_concurrency_py3k.py", line 196, in greenlet_spawn
    value = await result
            ^^^^^^^^^^^^
  File "C:\Users\nmendoza\Documents\Visual_Works\Planificacion-Voluntarios\plani-app-back\plani-app-back\.venv\Lib\site-packages\sqlalchemy\dialects\postgresql\asyncpg.py", line 912, in _terminate_graceful_close
    await self._connection.close(timeout=2)
  File "C:\Users\nmendoza\Documents\Visual_Works\Planificacion-Voluntarios\plani-app-back\plani-app-back\.venv\Lib\site-packages\asyncpg\connection.py", line 1513, in close
    await self._protocol.close(timeout)
  File "asyncpg/protocol/protocol.pyx", line 617, in close
  File "asyncpg/protocol/protocol.pyx", line 650, in asyncpg.protocol.protocol.BaseProtocol._request_cancel
  File "C:\Users\nmendoza\Documents\Visual_Works\Planificacion-Voluntarios\plani-app-back\plani-app-back\.venv\Lib\site-packages\asyncpg\connection.py", line 1682, in _cancel_current_command
    self._cancellations.add(self._loop.create_task(self._cancel(waiter)))
                            ~~~~~~~~~~~~~~~~~~~~~~^^^^^^^^^^^^^^^^^^^^^^
  File "C:\Users\nmendoza\AppData\Local\Python\pythoncore-3.14-64\Lib\asyncio\base_events.py", line 466, in create_task
    self._check_closed()
    ~~~~~~~~~~~~~~~~~~^^
  File "C:\Users\nmendoza\AppData\Local\Python\pythoncore-3.14-64\Lib\asyncio\base_events.py", line 550, in _check_closed
    raise RuntimeError('Event loop is closed')
RuntimeError: Event loop is closed
________________________ test_trimestres_cerrados_list ________________________
..\..\..\..\..\AppData\Local\Python\pythoncore-3.14-64\Lib\asyncio\base_events.py:827: in call_soon
    self._check_closed()
..\..\..\..\..\AppData\Local\Python\pythoncore-3.14-64\Lib\asyncio\base_events.py:550: in _check_closed
    raise RuntimeError('Event loop is closed')
E   RuntimeError: Event loop is closed

During handling of the above exception, another exception occurred:
tests\test_cierre.py:164: in test_trimestres_cerrados_list
    await setup_test_config_trimestral(db_session, TEST_TRIMESTRE)
tests\conftest.py:170: in setup_test_config_trimestral
    result = await db.execute(
.venv\Lib\site-packages\sqlalchemy\ext\asyncio\session.py:449: in execute
    result = await greenlet_spawn(
.venv\Lib\site-packages\sqlalchemy\util\_concurrency_py3k.py:201: in greenlet_spawn
    result = context.throw(*sys.exc_info())
             ^^^^^^^^^^^^^^^^^^^^^^^^^^^^^^
.venv\Lib\site-packages\sqlalchemy\orm\session.py:2351: in execute
    return self._execute_internal(
.venv\Lib\site-packages\sqlalchemy\orm\session.py:2239: in _execute_internal
    conn = self._connection_for_bind(bind)
           ^^^^^^^^^^^^^^^^^^^^^^^^^^^^^^^
.venv\Lib\site-packages\sqlalchemy\orm\session.py:2108: in _connection_for_bind
    return trans._connection_for_bind(engine, execution_options)
           ^^^^^^^^^^^^^^^^^^^^^^^^^^^^^^^^^^^^^^^^^^^^^^^^^^^^^
<string>:2: in _connection_for_bind
    ???
.venv\Lib\site-packages\sqlalchemy\orm\state_changes.py:137: in _go
    ret_value = fn(self, *arg, **kw)
                ^^^^^^^^^^^^^^^^^^^^
.venv\Lib\site-packages\sqlalchemy\orm\session.py:1187: in _connection_for_bind
    conn = bind.connect()
           ^^^^^^^^^^^^^^
.venv\Lib\site-packages\sqlalchemy\engine\base.py:3293: in connect
    return self._connection_cls(self)
           ^^^^^^^^^^^^^^^^^^^^^^^^^^
.venv\Lib\site-packages\sqlalchemy\engine\base.py:143: in __init__
    self._dbapi_connection = engine.raw_connection()
                             ^^^^^^^^^^^^^^^^^^^^^^^
.venv\Lib\site-packages\sqlalchemy\engine\base.py:3317: in raw_connection
    return self.pool.connect()
           ^^^^^^^^^^^^^^^^^^^
.venv\Lib\site-packages\sqlalchemy\pool\base.py:448: in connect
    return _ConnectionFairy._checkout(self)
           ^^^^^^^^^^^^^^^^^^^^^^^^^^^^^^^^
.venv\Lib\site-packages\sqlalchemy\pool\base.py:1371: in _checkout
    with util.safe_reraise():
         ^^^^^^^^^^^^^^^^^^^
.venv\Lib\site-packages\sqlalchemy\util\langhelpers.py:121: in __exit__
    raise exc_value.with_traceback(exc_tb)
.venv\Lib\site-packages\sqlalchemy\pool\base.py:1309: in _checkout
    result = pool._dialect._do_ping_w_event(
.venv\Lib\site-packages\sqlalchemy\engine\default.py:729: in _do_ping_w_event
    return self.do_ping(dbapi_connection)
           ^^^^^^^^^^^^^^^^^^^^^^^^^^^^^^
.venv\Lib\site-packages\sqlalchemy\dialects\postgresql\asyncpg.py:1160: in do_ping
    dbapi_connection.ping()
.venv\Lib\site-packages\sqlalchemy\dialects\postgresql\asyncpg.py:818: in ping
    self._handle_exception(error)
.venv\Lib\site-packages\sqlalchemy\dialects\postgresql\asyncpg.py:799: in _handle_exception
    raise error
.venv\Lib\site-packages\sqlalchemy\dialects\postgresql\asyncpg.py:816: in ping
    _ = self.await_(self._async_ping())
        ^^^^^^^^^^^^^^^^^^^^^^^^^^^^^^^
.venv\Lib\site-packages\sqlalchemy\util\_concurrency_py3k.py:132: in await_only
    return current.parent.switch(awaitable)  # type: ignore[no-any-return,attr-defined] # noqa: E501
           ^^^^^^^^^^^^^^^^^^^^^^^^^^^^^^^^
.venv\Lib\site-packages\sqlalchemy\util\_concurrency_py3k.py:196: in greenlet_spawn
    value = await result
            ^^^^^^^^^^^^
.venv\Lib\site-packages\sqlalchemy\dialects\postgresql\asyncpg.py:825: in _async_ping
    await tr.start()
.venv\Lib\site-packages\asyncpg\transaction.py:146: in start
    await self._connection.execute(query)
.venv\Lib\site-packages\asyncpg\connection.py:354: in execute
    result = await self._protocol.query(query, timeout)
             ^^^^^^^^^^^^^^^^^^^^^^^^^^^^^^^^^^^^^^^^^^
asyncpg/protocol/protocol.pyx:369: in query
    ???
asyncpg/protocol/protocol.pyx:362: in asyncpg.protocol.protocol.BaseProtocol.query
    ???
asyncpg/protocol/coreproto.pyx:1174: in asyncpg.protocol.protocol.CoreProtocol._simple_query
    ???
asyncpg/protocol/protocol.pyx:956: in asyncpg.protocol.protocol.BaseProtocol._write
    ???
..\..\..\..\..\AppData\Local\Python\pythoncore-3.14-64\Lib\asyncio\sslproto.py:222: in write
    self._ssl_protocol._write_appdata((data,))
..\..\..\..\..\AppData\Local\Python\pythoncore-3.14-64\Lib\asyncio\sslproto.py:700: in _write_appdata
    self._fatal_error(ex, 'Fatal error on SSL protocol')
..\..\..\..\..\AppData\Local\Python\pythoncore-3.14-64\Lib\asyncio\sslproto.py:918: in _fatal_error
    self._transport._force_close(exc)
..\..\..\..\..\AppData\Local\Python\pythoncore-3.14-64\Lib\asyncio\proactor_events.py:152: in _force_close
    self._loop.call_soon(self._call_connection_lost, exc)
..\..\..\..\..\AppData\Local\Python\pythoncore-3.14-64\Lib\asyncio\base_events.py:827: in call_soon
    self._check_closed()
..\..\..\..\..\AppData\Local\Python\pythoncore-3.14-64\Lib\asyncio\base_events.py:550: in _check_closed
    raise RuntimeError('Event loop is closed')
E   RuntimeError: Event loop is closed
------------------------------ Captured log call ------------------------------
ERROR    sqlalchemy.pool.impl.AsyncAdaptedQueuePool:base.py:377 Exception terminating connection <AdaptedConnection <asyncpg.connection.Connection object at 0x0000020EE1205C70>>
Traceback (most recent call last):
  File "C:\Users\nmendoza\Documents\Visual_Works\Planificacion-Voluntarios\plani-app-back\plani-app-back\.venv\Lib\site-packages\sqlalchemy\pool\base.py", line 373, in _close_connection
    self._dialect.do_terminate(connection)
    ~~~~~~~~~~~~~~~~~~~~~~~~~~^^^^^^^^^^^^
  File "C:\Users\nmendoza\Documents\Visual_Works\Planificacion-Voluntarios\plani-app-back\plani-app-back\.venv\Lib\site-packages\sqlalchemy\dialects\postgresql\asyncpg.py", line 1127, in do_terminate
    dbapi_connection.terminate()
    ~~~~~~~~~~~~~~~~~~~~~~~~~~^^
  File "C:\Users\nmendoza\Documents\Visual_Works\Planificacion-Voluntarios\plani-app-back\plani-app-back\.venv\Lib\site-packages\sqlalchemy\connectors\asyncio.py", line 402, in terminate
    self.await_(asyncio.shield(self._terminate_graceful_close()))  # type: ignore[attr-defined] # noqa: E501
    ~~~~~~~~~~~^^^^^^^^^^^^^^^^^^^^^^^^^^^^^^^^^^^^^^^^^^^^^^^^^^
  File "C:\Users\nmendoza\Documents\Visual_Works\Planificacion-Voluntarios\plani-app-back\plani-app-back\.venv\Lib\site-packages\sqlalchemy\util\_concurrency_py3k.py", line 132, in await_only
    return current.parent.switch(awaitable)  # type: ignore[no-any-return,attr-defined] # noqa: E501
           ~~~~~~~~~~~~~~~~~~~~~^^^^^^^^^^^
  File "C:\Users\nmendoza\Documents\Visual_Works\Planificacion-Voluntarios\plani-app-back\plani-app-back\.venv\Lib\site-packages\sqlalchemy\util\_concurrency_py3k.py", line 196, in greenlet_spawn
    value = await result
            ^^^^^^^^^^^^
  File "C:\Users\nmendoza\Documents\Visual_Works\Planificacion-Voluntarios\plani-app-back\plani-app-back\.venv\Lib\site-packages\sqlalchemy\dialects\postgresql\asyncpg.py", line 912, in _terminate_graceful_close
    await self._connection.close(timeout=2)
  File "C:\Users\nmendoza\Documents\Visual_Works\Planificacion-Voluntarios\plani-app-back\plani-app-back\.venv\Lib\site-packages\asyncpg\connection.py", line 1513, in close
    await self._protocol.close(timeout)
  File "asyncpg/protocol/protocol.pyx", line 617, in close
  File "asyncpg/protocol/protocol.pyx", line 650, in asyncpg.protocol.protocol.BaseProtocol._request_cancel
  File "C:\Users\nmendoza\Documents\Visual_Works\Planificacion-Voluntarios\plani-app-back\plani-app-back\.venv\Lib\site-packages\asyncpg\connection.py", line 1682, in _cancel_current_command
    self._cancellations.add(self._loop.create_task(self._cancel(waiter)))
                            ~~~~~~~~~~~~~~~~~~~~~~^^^^^^^^^^^^^^^^^^^^^^
  File "C:\Users\nmendoza\AppData\Local\Python\pythoncore-3.14-64\Lib\asyncio\base_events.py", line 466, in create_task
    self._check_closed()
    ~~~~~~~~~~~~~~~~~~^^
  File "C:\Users\nmendoza\AppData\Local\Python\pythoncore-3.14-64\Lib\asyncio\base_events.py", line 550, in _check_closed
    raise RuntimeError('Event loop is closed')
RuntimeError: Event loop is closed
______________________ test_cerrar_empty_trimestre_fails ______________________
..\..\..\..\..\AppData\Local\Python\pythoncore-3.14-64\Lib\asyncio\base_events.py:827: in call_soon
    self._check_closed()
..\..\..\..\..\AppData\Local\Python\pythoncore-3.14-64\Lib\asyncio\base_events.py:550: in _check_closed
    raise RuntimeError('Event loop is closed')
E   RuntimeError: Event loop is closed

During handling of the above exception, another exception occurred:
tests\test_cierre.py:195: in test_cerrar_empty_trimestre_fails
    response = await client.post(
.venv\Lib\site-packages\httpx\_client.py:1859: in post
    return await self.request(
.venv\Lib\site-packages\httpx\_client.py:1540: in request
    return await self.send(request, auth=auth, follow_redirects=follow_redirects)
           ^^^^^^^^^^^^^^^^^^^^^^^^^^^^^^^^^^^^^^^^^^^^^^^^^^^^^^^^^^^^^^^^^^^^^^
.venv\Lib\site-packages\httpx\_client.py:1629: in send
    response = await self._send_handling_auth(
.venv\Lib\site-packages\httpx\_client.py:1657: in _send_handling_auth
    response = await self._send_handling_redirects(
.venv\Lib\site-packages\httpx\_client.py:1694: in _send_handling_redirects
    response = await self._send_single_request(request)
               ^^^^^^^^^^^^^^^^^^^^^^^^^^^^^^^^^^^^^^^^
.venv\Lib\site-packages\httpx\_client.py:1730: in _send_single_request
    response = await transport.handle_async_request(request)
               ^^^^^^^^^^^^^^^^^^^^^^^^^^^^^^^^^^^^^^^^^^^^^
.venv\Lib\site-packages\httpx\_transports\asgi.py:170: in handle_async_request
    await self.app(scope, receive, send)
.venv\Lib\site-packages\fastapi\applications.py:1163: in __call__
    await super().__call__(scope, receive, send)
.venv\Lib\site-packages\starlette\applications.py:90: in __call__
    await self.middleware_stack(scope, receive, send)
.venv\Lib\site-packages\starlette\middleware\errors.py:186: in __call__
    raise exc
.venv\Lib\site-packages\starlette\middleware\errors.py:164: in __call__
    await self.app(scope, receive, _send)
.venv\Lib\site-packages\starlette\middleware\cors.py:88: in __call__
    await self.app(scope, receive, send)
.venv\Lib\site-packages\starlette\middleware\exceptions.py:63: in __call__
    await wrap_app_handling_exceptions(self.app, conn)(scope, receive, send)
.venv\Lib\site-packages\starlette\_exception_handler.py:53: in wrapped_app
    raise exc
.venv\Lib\site-packages\starlette\_exception_handler.py:42: in wrapped_app
    await app(scope, receive, sender)
.venv\Lib\site-packages\fastapi\middleware\asyncexitstack.py:18: in __call__
    await self.app(scope, receive, send)
.venv\Lib\site-packages\starlette\routing.py:660: in __call__
    await self.middleware_stack(scope, receive, send)
.venv\Lib\site-packages\starlette\routing.py:680: in app
    await route.handle(scope, receive, send)
.venv\Lib\site-packages\starlette\routing.py:276: in handle
    await self.app(scope, receive, send)
.venv\Lib\site-packages\fastapi\routing.py:134: in app
    await wrap_app_handling_exceptions(app, request)(scope, receive, send)
.venv\Lib\site-packages\starlette\_exception_handler.py:53: in wrapped_app
    raise exc
.venv\Lib\site-packages\starlette\_exception_handler.py:42: in wrapped_app
    await app(scope, receive, sender)
.venv\Lib\site-packages\fastapi\routing.py:120: in app
    response = await f(request)
               ^^^^^^^^^^^^^^^^
.venv\Lib\site-packages\fastapi\routing.py:674: in app
    raw_response = await run_endpoint_function(
.venv\Lib\site-packages\fastapi\routing.py:328: in run_endpoint_function
    return await dependant.call(**values)
           ^^^^^^^^^^^^^^^^^^^^^^^^^^^^^^
app\routers\calendario.py:2538: in cerrar_trimestre
    result = await db.execute(
.venv\Lib\site-packages\sqlalchemy\ext\asyncio\session.py:449: in execute
    result = await greenlet_spawn(
.venv\Lib\site-packages\sqlalchemy\util\_concurrency_py3k.py:201: in greenlet_spawn
    result = context.throw(*sys.exc_info())
             ^^^^^^^^^^^^^^^^^^^^^^^^^^^^^^
.venv\Lib\site-packages\sqlalchemy\orm\session.py:2351: in execute
    return self._execute_internal(
.venv\Lib\site-packages\sqlalchemy\orm\session.py:2239: in _execute_internal
    conn = self._connection_for_bind(bind)
           ^^^^^^^^^^^^^^^^^^^^^^^^^^^^^^^
.venv\Lib\site-packages\sqlalchemy\orm\session.py:2108: in _connection_for_bind
    return trans._connection_for_bind(engine, execution_options)
           ^^^^^^^^^^^^^^^^^^^^^^^^^^^^^^^^^^^^^^^^^^^^^^^^^^^^^
<string>:2: in _connection_for_bind
    ???
.venv\Lib\site-packages\sqlalchemy\orm\state_changes.py:137: in _go
    ret_value = fn(self, *arg, **kw)
                ^^^^^^^^^^^^^^^^^^^^
.venv\Lib\site-packages\sqlalchemy\orm\session.py:1187: in _connection_for_bind
    conn = bind.connect()
           ^^^^^^^^^^^^^^
.venv\Lib\site-packages\sqlalchemy\engine\base.py:3293: in connect
    return self._connection_cls(self)
           ^^^^^^^^^^^^^^^^^^^^^^^^^^
.venv\Lib\site-packages\sqlalchemy\engine\base.py:143: in __init__
    self._dbapi_connection = engine.raw_connection()
                             ^^^^^^^^^^^^^^^^^^^^^^^
.venv\Lib\site-packages\sqlalchemy\engine\base.py:3317: in raw_connection
    return self.pool.connect()
           ^^^^^^^^^^^^^^^^^^^
.venv\Lib\site-packages\sqlalchemy\pool\base.py:448: in connect
    return _ConnectionFairy._checkout(self)
           ^^^^^^^^^^^^^^^^^^^^^^^^^^^^^^^^
.venv\Lib\site-packages\sqlalchemy\pool\base.py:1371: in _checkout
    with util.safe_reraise():
         ^^^^^^^^^^^^^^^^^^^
.venv\Lib\site-packages\sqlalchemy\util\langhelpers.py:121: in __exit__
    raise exc_value.with_traceback(exc_tb)
.venv\Lib\site-packages\sqlalchemy\pool\base.py:1309: in _checkout
    result = pool._dialect._do_ping_w_event(
.venv\Lib\site-packages\sqlalchemy\engine\default.py:729: in _do_ping_w_event
    return self.do_ping(dbapi_connection)
           ^^^^^^^^^^^^^^^^^^^^^^^^^^^^^^
.venv\Lib\site-packages\sqlalchemy\dialects\postgresql\asyncpg.py:1160: in do_ping
    dbapi_connection.ping()
.venv\Lib\site-packages\sqlalchemy\dialects\postgresql\asyncpg.py:818: in ping
    self._handle_exception(error)
.venv\Lib\site-packages\sqlalchemy\dialects\postgresql\asyncpg.py:799: in _handle_exception
    raise error
.venv\Lib\site-packages\sqlalchemy\dialects\postgresql\asyncpg.py:816: in ping
    _ = self.await_(self._async_ping())
        ^^^^^^^^^^^^^^^^^^^^^^^^^^^^^^^
.venv\Lib\site-packages\sqlalchemy\util\_concurrency_py3k.py:132: in await_only
    return current.parent.switch(awaitable)  # type: ignore[no-any-return,attr-defined] # noqa: E501
           ^^^^^^^^^^^^^^^^^^^^^^^^^^^^^^^^
.venv\Lib\site-packages\sqlalchemy\util\_concurrency_py3k.py:196: in greenlet_spawn
    value = await result
            ^^^^^^^^^^^^
.venv\Lib\site-packages\sqlalchemy\dialects\postgresql\asyncpg.py:825: in _async_ping
    await tr.start()
.venv\Lib\site-packages\asyncpg\transaction.py:146: in start
    await self._connection.execute(query)
.venv\Lib\site-packages\asyncpg\connection.py:354: in execute
    result = await self._protocol.query(query, timeout)
             ^^^^^^^^^^^^^^^^^^^^^^^^^^^^^^^^^^^^^^^^^^
asyncpg/protocol/protocol.pyx:369: in query
    ???
asyncpg/protocol/protocol.pyx:362: in asyncpg.protocol.protocol.BaseProtocol.query
    ???
asyncpg/protocol/coreproto.pyx:1174: in asyncpg.protocol.protocol.CoreProtocol._simple_query
    ???
asyncpg/protocol/protocol.pyx:956: in asyncpg.protocol.protocol.BaseProtocol._write
    ???
..\..\..\..\..\AppData\Local\Python\pythoncore-3.14-64\Lib\asyncio\sslproto.py:222: in write
    self._ssl_protocol._write_appdata((data,))
..\..\..\..\..\AppData\Local\Python\pythoncore-3.14-64\Lib\asyncio\sslproto.py:700: in _write_appdata
    self._fatal_error(ex, 'Fatal error on SSL protocol')
..\..\..\..\..\AppData\Local\Python\pythoncore-3.14-64\Lib\asyncio\sslproto.py:918: in _fatal_error
    self._transport._force_close(exc)
..\..\..\..\..\AppData\Local\Python\pythoncore-3.14-64\Lib\asyncio\proactor_events.py:152: in _force_close
    self._loop.call_soon(self._call_connection_lost, exc)
..\..\..\..\..\AppData\Local\Python\pythoncore-3.14-64\Lib\asyncio\base_events.py:827: in call_soon
    self._check_closed()
..\..\..\..\..\AppData\Local\Python\pythoncore-3.14-64\Lib\asyncio\base_events.py:550: in _check_closed
    raise RuntimeError('Event loop is closed')
E   RuntimeError: Event loop is closed
------------------------------ Captured log call ------------------------------
ERROR    sqlalchemy.pool.impl.AsyncAdaptedQueuePool:base.py:377 Exception terminating connection <AdaptedConnection <asyncpg.connection.Connection object at 0x0000020EE1218500>>
Traceback (most recent call last):
  File "C:\Users\nmendoza\Documents\Visual_Works\Planificacion-Voluntarios\plani-app-back\plani-app-back\.venv\Lib\site-packages\sqlalchemy\pool\base.py", line 373, in _close_connection
    self._dialect.do_terminate(connection)
    ~~~~~~~~~~~~~~~~~~~~~~~~~~^^^^^^^^^^^^
  File "C:\Users\nmendoza\Documents\Visual_Works\Planificacion-Voluntarios\plani-app-back\plani-app-back\.venv\Lib\site-packages\sqlalchemy\dialects\postgresql\asyncpg.py", line 1127, in do_terminate
    dbapi_connection.terminate()
    ~~~~~~~~~~~~~~~~~~~~~~~~~~^^
  File "C:\Users\nmendoza\Documents\Visual_Works\Planificacion-Voluntarios\plani-app-back\plani-app-back\.venv\Lib\site-packages\sqlalchemy\connectors\asyncio.py", line 402, in terminate
    self.await_(asyncio.shield(self._terminate_graceful_close()))  # type: ignore[attr-defined] # noqa: E501
    ~~~~~~~~~~~^^^^^^^^^^^^^^^^^^^^^^^^^^^^^^^^^^^^^^^^^^^^^^^^^^
  File "C:\Users\nmendoza\Documents\Visual_Works\Planificacion-Voluntarios\plani-app-back\plani-app-back\.venv\Lib\site-packages\sqlalchemy\util\_concurrency_py3k.py", line 132, in await_only
    return current.parent.switch(awaitable)  # type: ignore[no-any-return,attr-defined] # noqa: E501
           ~~~~~~~~~~~~~~~~~~~~~^^^^^^^^^^^
  File "C:\Users\nmendoza\Documents\Visual_Works\Planificacion-Voluntarios\plani-app-back\plani-app-back\.venv\Lib\site-packages\sqlalchemy\util\_concurrency_py3k.py", line 196, in greenlet_spawn
    value = await result
            ^^^^^^^^^^^^
  File "C:\Users\nmendoza\Documents\Visual_Works\Planificacion-Voluntarios\plani-app-back\plani-app-back\.venv\Lib\site-packages\sqlalchemy\dialects\postgresql\asyncpg.py", line 912, in _terminate_graceful_close
    await self._connection.close(timeout=2)
  File "C:\Users\nmendoza\Documents\Visual_Works\Planificacion-Voluntarios\plani-app-back\plani-app-back\.venv\Lib\site-packages\asyncpg\connection.py", line 1513, in close
    await self._protocol.close(timeout)
  File "asyncpg/protocol/protocol.pyx", line 617, in close
  File "asyncpg/protocol/protocol.pyx", line 650, in asyncpg.protocol.protocol.BaseProtocol._request_cancel
  File "C:\Users\nmendoza\Documents\Visual_Works\Planificacion-Voluntarios\plani-app-back\plani-app-back\.venv\Lib\site-packages\asyncpg\connection.py", line 1682, in _cancel_current_command
    self._cancellations.add(self._loop.create_task(self._cancel(waiter)))
                            ~~~~~~~~~~~~~~~~~~~~~~^^^^^^^^^^^^^^^^^^^^^^
  File "C:\Users\nmendoza\AppData\Local\Python\pythoncore-3.14-64\Lib\asyncio\base_events.py", line 466, in create_task
    self._check_closed()
    ~~~~~~~~~~~~~~~~~~^^
  File "C:\Users\nmendoza\AppData\Local\Python\pythoncore-3.14-64\Lib\asyncio\base_events.py", line 550, in _check_closed
    raise RuntimeError('Event loop is closed')
RuntimeError: Event loop is closed
______________ test_listar_empresas_ep_devuelve_solo_ep_activas _______________
..\..\..\..\..\AppData\Local\Python\pythoncore-3.14-64\Lib\asyncio\base_events.py:827: in call_soon
    self._check_closed()
..\..\..\..\..\AppData\Local\Python\pythoncore-3.14-64\Lib\asyncio\base_events.py:550: in _check_closed
    raise RuntimeError('Event loop is closed')
E   RuntimeError: Event loop is closed

During handling of the above exception, another exception occurred:
tests\test_config_trimestral.py:59: in test_listar_empresas_ep_devuelve_solo_ep_activas
    ep_activa_id = await _create_empresa(
tests\test_config_trimestral.py:23: in _create_empresa
    res = await db.execute(
.venv\Lib\site-packages\sqlalchemy\ext\asyncio\session.py:449: in execute
    result = await greenlet_spawn(
.venv\Lib\site-packages\sqlalchemy\util\_concurrency_py3k.py:201: in greenlet_spawn
    result = context.throw(*sys.exc_info())
             ^^^^^^^^^^^^^^^^^^^^^^^^^^^^^^
.venv\Lib\site-packages\sqlalchemy\orm\session.py:2351: in execute
    return self._execute_internal(
.venv\Lib\site-packages\sqlalchemy\orm\session.py:2239: in _execute_internal
    conn = self._connection_for_bind(bind)
           ^^^^^^^^^^^^^^^^^^^^^^^^^^^^^^^
.venv\Lib\site-packages\sqlalchemy\orm\session.py:2108: in _connection_for_bind
    return trans._connection_for_bind(engine, execution_options)
           ^^^^^^^^^^^^^^^^^^^^^^^^^^^^^^^^^^^^^^^^^^^^^^^^^^^^^
<string>:2: in _connection_for_bind
    ???
.venv\Lib\site-packages\sqlalchemy\orm\state_changes.py:137: in _go
    ret_value = fn(self, *arg, **kw)
                ^^^^^^^^^^^^^^^^^^^^
.venv\Lib\site-packages\sqlalchemy\orm\session.py:1187: in _connection_for_bind
    conn = bind.connect()
           ^^^^^^^^^^^^^^
.venv\Lib\site-packages\sqlalchemy\engine\base.py:3293: in connect
    return self._connection_cls(self)
           ^^^^^^^^^^^^^^^^^^^^^^^^^^
.venv\Lib\site-packages\sqlalchemy\engine\base.py:143: in __init__
    self._dbapi_connection = engine.raw_connection()
                             ^^^^^^^^^^^^^^^^^^^^^^^
.venv\Lib\site-packages\sqlalchemy\engine\base.py:3317: in raw_connection
    return self.pool.connect()
           ^^^^^^^^^^^^^^^^^^^
.venv\Lib\site-packages\sqlalchemy\pool\base.py:448: in connect
    return _ConnectionFairy._checkout(self)
           ^^^^^^^^^^^^^^^^^^^^^^^^^^^^^^^^
.venv\Lib\site-packages\sqlalchemy\pool\base.py:1371: in _checkout
    with util.safe_reraise():
         ^^^^^^^^^^^^^^^^^^^
.venv\Lib\site-packages\sqlalchemy\util\langhelpers.py:121: in __exit__
    raise exc_value.with_traceback(exc_tb)
.venv\Lib\site-packages\sqlalchemy\pool\base.py:1309: in _checkout
    result = pool._dialect._do_ping_w_event(
.venv\Lib\site-packages\sqlalchemy\engine\default.py:729: in _do_ping_w_event
    return self.do_ping(dbapi_connection)
           ^^^^^^^^^^^^^^^^^^^^^^^^^^^^^^
.venv\Lib\site-packages\sqlalchemy\dialects\postgresql\asyncpg.py:1160: in do_ping
    dbapi_connection.ping()
.venv\Lib\site-packages\sqlalchemy\dialects\postgresql\asyncpg.py:818: in ping
    self._handle_exception(error)
.venv\Lib\site-packages\sqlalchemy\dialects\postgresql\asyncpg.py:799: in _handle_exception
    raise error
.venv\Lib\site-packages\sqlalchemy\dialects\postgresql\asyncpg.py:816: in ping
    _ = self.await_(self._async_ping())
        ^^^^^^^^^^^^^^^^^^^^^^^^^^^^^^^
.venv\Lib\site-packages\sqlalchemy\util\_concurrency_py3k.py:132: in await_only
    return current.parent.switch(awaitable)  # type: ignore[no-any-return,attr-defined] # noqa: E501
           ^^^^^^^^^^^^^^^^^^^^^^^^^^^^^^^^
.venv\Lib\site-packages\sqlalchemy\util\_concurrency_py3k.py:196: in greenlet_spawn
    value = await result
            ^^^^^^^^^^^^
.venv\Lib\site-packages\sqlalchemy\dialects\postgresql\asyncpg.py:825: in _async_ping
    await tr.start()
.venv\Lib\site-packages\asyncpg\transaction.py:146: in start
    await self._connection.execute(query)
.venv\Lib\site-packages\asyncpg\connection.py:354: in execute
    result = await self._protocol.query(query, timeout)
             ^^^^^^^^^^^^^^^^^^^^^^^^^^^^^^^^^^^^^^^^^^
asyncpg/protocol/protocol.pyx:369: in query
    ???
asyncpg/protocol/protocol.pyx:362: in asyncpg.protocol.protocol.BaseProtocol.query
    ???
asyncpg/protocol/coreproto.pyx:1174: in asyncpg.protocol.protocol.CoreProtocol._simple_query
    ???
asyncpg/protocol/protocol.pyx:956: in asyncpg.protocol.protocol.BaseProtocol._write
    ???
..\..\..\..\..\AppData\Local\Python\pythoncore-3.14-64\Lib\asyncio\sslproto.py:222: in write
    self._ssl_protocol._write_appdata((data,))
..\..\..\..\..\AppData\Local\Python\pythoncore-3.14-64\Lib\asyncio\sslproto.py:700: in _write_appdata
    self._fatal_error(ex, 'Fatal error on SSL protocol')
..\..\..\..\..\AppData\Local\Python\pythoncore-3.14-64\Lib\asyncio\sslproto.py:918: in _fatal_error
    self._transport._force_close(exc)
..\..\..\..\..\AppData\Local\Python\pythoncore-3.14-64\Lib\asyncio\proactor_events.py:152: in _force_close
    self._loop.call_soon(self._call_connection_lost, exc)
..\..\..\..\..\AppData\Local\Python\pythoncore-3.14-64\Lib\asyncio\base_events.py:827: in call_soon
    self._check_closed()
..\..\..\..\..\AppData\Local\Python\pythoncore-3.14-64\Lib\asyncio\base_events.py:550: in _check_closed
    raise RuntimeError('Event loop is closed')
E   RuntimeError: Event loop is closed
------------------------------ Captured log call ------------------------------
ERROR    sqlalchemy.pool.impl.AsyncAdaptedQueuePool:base.py:377 Exception terminating connection <AdaptedConnection <asyncpg.connection.Connection object at 0x0000020EE15A65D0>>
Traceback (most recent call last):
  File "C:\Users\nmendoza\Documents\Visual_Works\Planificacion-Voluntarios\plani-app-back\plani-app-back\.venv\Lib\site-packages\sqlalchemy\pool\base.py", line 373, in _close_connection
    self._dialect.do_terminate(connection)
    ~~~~~~~~~~~~~~~~~~~~~~~~~~^^^^^^^^^^^^
  File "C:\Users\nmendoza\Documents\Visual_Works\Planificacion-Voluntarios\plani-app-back\plani-app-back\.venv\Lib\site-packages\sqlalchemy\dialects\postgresql\asyncpg.py", line 1127, in do_terminate
    dbapi_connection.terminate()
    ~~~~~~~~~~~~~~~~~~~~~~~~~~^^
  File "C:\Users\nmendoza\Documents\Visual_Works\Planificacion-Voluntarios\plani-app-back\plani-app-back\.venv\Lib\site-packages\sqlalchemy\connectors\asyncio.py", line 402, in terminate
    self.await_(asyncio.shield(self._terminate_graceful_close()))  # type: ignore[attr-defined] # noqa: E501
    ~~~~~~~~~~~^^^^^^^^^^^^^^^^^^^^^^^^^^^^^^^^^^^^^^^^^^^^^^^^^^
  File "C:\Users\nmendoza\Documents\Visual_Works\Planificacion-Voluntarios\plani-app-back\plani-app-back\.venv\Lib\site-packages\sqlalchemy\util\_concurrency_py3k.py", line 132, in await_only
    return current.parent.switch(awaitable)  # type: ignore[no-any-return,attr-defined] # noqa: E501
           ~~~~~~~~~~~~~~~~~~~~~^^^^^^^^^^^
  File "C:\Users\nmendoza\Documents\Visual_Works\Planificacion-Voluntarios\plani-app-back\plani-app-back\.venv\Lib\site-packages\sqlalchemy\util\_concurrency_py3k.py", line 196, in greenlet_spawn
    value = await result
            ^^^^^^^^^^^^
  File "C:\Users\nmendoza\Documents\Visual_Works\Planificacion-Voluntarios\plani-app-back\plani-app-back\.venv\Lib\site-packages\sqlalchemy\dialects\postgresql\asyncpg.py", line 912, in _terminate_graceful_close
    await self._connection.close(timeout=2)
  File "C:\Users\nmendoza\Documents\Visual_Works\Planificacion-Voluntarios\plani-app-back\plani-app-back\.venv\Lib\site-packages\asyncpg\connection.py", line 1513, in close
    await self._protocol.close(timeout)
  File "asyncpg/protocol/protocol.pyx", line 617, in close
  File "asyncpg/protocol/protocol.pyx", line 650, in asyncpg.protocol.protocol.BaseProtocol._request_cancel
  File "C:\Users\nmendoza\Documents\Visual_Works\Planificacion-Voluntarios\plani-app-back\plani-app-back\.venv\Lib\site-packages\asyncpg\connection.py", line 1682, in _cancel_current_command
    self._cancellations.add(self._loop.create_task(self._cancel(waiter)))
                            ~~~~~~~~~~~~~~~~~~~~~~^^^^^^^^^^^^^^^^^^^^^^
  File "C:\Users\nmendoza\AppData\Local\Python\pythoncore-3.14-64\Lib\asyncio\base_events.py", line 466, in create_task
    self._check_closed()
    ~~~~~~~~~~~~~~~~~~^^
  File "C:\Users\nmendoza\AppData\Local\Python\pythoncore-3.14-64\Lib\asyncio\base_events.py", line 550, in _check_closed
    raise RuntimeError('Event loop is closed')
RuntimeError: Event loop is closed
__________________ test_listar_empresas_ep_orden_alfabetico ___________________
..\..\..\..\..\AppData\Local\Python\pythoncore-3.14-64\Lib\asyncio\base_events.py:827: in call_soon
    self._check_closed()
..\..\..\..\..\AppData\Local\Python\pythoncore-3.14-64\Lib\asyncio\base_events.py:550: in _check_closed
    raise RuntimeError('Event loop is closed')
E   RuntimeError: Event loop is closed

During handling of the above exception, another exception occurred:
tests\test_config_trimestral.py:104: in test_listar_empresas_ep_orden_alfabetico
    b_id = await _create_empresa(db_session, name_b)
           ^^^^^^^^^^^^^^^^^^^^^^^^^^^^^^^^^^^^^^^^^
tests\test_config_trimestral.py:23: in _create_empresa
    res = await db.execute(
.venv\Lib\site-packages\sqlalchemy\ext\asyncio\session.py:449: in execute
    result = await greenlet_spawn(
.venv\Lib\site-packages\sqlalchemy\util\_concurrency_py3k.py:201: in greenlet_spawn
    result = context.throw(*sys.exc_info())
             ^^^^^^^^^^^^^^^^^^^^^^^^^^^^^^
.venv\Lib\site-packages\sqlalchemy\orm\session.py:2351: in execute
    return self._execute_internal(
.venv\Lib\site-packages\sqlalchemy\orm\session.py:2239: in _execute_internal
    conn = self._connection_for_bind(bind)
           ^^^^^^^^^^^^^^^^^^^^^^^^^^^^^^^
.venv\Lib\site-packages\sqlalchemy\orm\session.py:2108: in _connection_for_bind
    return trans._connection_for_bind(engine, execution_options)
           ^^^^^^^^^^^^^^^^^^^^^^^^^^^^^^^^^^^^^^^^^^^^^^^^^^^^^
<string>:2: in _connection_for_bind
    ???
.venv\Lib\site-packages\sqlalchemy\orm\state_changes.py:137: in _go
    ret_value = fn(self, *arg, **kw)
                ^^^^^^^^^^^^^^^^^^^^
.venv\Lib\site-packages\sqlalchemy\orm\session.py:1187: in _connection_for_bind
    conn = bind.connect()
           ^^^^^^^^^^^^^^
.venv\Lib\site-packages\sqlalchemy\engine\base.py:3293: in connect
    return self._connection_cls(self)
           ^^^^^^^^^^^^^^^^^^^^^^^^^^
.venv\Lib\site-packages\sqlalchemy\engine\base.py:143: in __init__
    self._dbapi_connection = engine.raw_connection()
                             ^^^^^^^^^^^^^^^^^^^^^^^
.venv\Lib\site-packages\sqlalchemy\engine\base.py:3317: in raw_connection
    return self.pool.connect()
           ^^^^^^^^^^^^^^^^^^^
.venv\Lib\site-packages\sqlalchemy\pool\base.py:448: in connect
    return _ConnectionFairy._checkout(self)
           ^^^^^^^^^^^^^^^^^^^^^^^^^^^^^^^^
.venv\Lib\site-packages\sqlalchemy\pool\base.py:1371: in _checkout
    with util.safe_reraise():
         ^^^^^^^^^^^^^^^^^^^
.venv\Lib\site-packages\sqlalchemy\util\langhelpers.py:121: in __exit__
    raise exc_value.with_traceback(exc_tb)
.venv\Lib\site-packages\sqlalchemy\pool\base.py:1309: in _checkout
    result = pool._dialect._do_ping_w_event(
.venv\Lib\site-packages\sqlalchemy\engine\default.py:729: in _do_ping_w_event
    return self.do_ping(dbapi_connection)
           ^^^^^^^^^^^^^^^^^^^^^^^^^^^^^^
.venv\Lib\site-packages\sqlalchemy\dialects\postgresql\asyncpg.py:1160: in do_ping
    dbapi_connection.ping()
.venv\Lib\site-packages\sqlalchemy\dialects\postgresql\asyncpg.py:818: in ping
    self._handle_exception(error)
.venv\Lib\site-packages\sqlalchemy\dialects\postgresql\asyncpg.py:799: in _handle_exception
    raise error
.venv\Lib\site-packages\sqlalchemy\dialects\postgresql\asyncpg.py:816: in ping
    _ = self.await_(self._async_ping())
        ^^^^^^^^^^^^^^^^^^^^^^^^^^^^^^^
.venv\Lib\site-packages\sqlalchemy\util\_concurrency_py3k.py:132: in await_only
    return current.parent.switch(awaitable)  # type: ignore[no-any-return,attr-defined] # noqa: E501
           ^^^^^^^^^^^^^^^^^^^^^^^^^^^^^^^^
.venv\Lib\site-packages\sqlalchemy\util\_concurrency_py3k.py:196: in greenlet_spawn
    value = await result
            ^^^^^^^^^^^^
.venv\Lib\site-packages\sqlalchemy\dialects\postgresql\asyncpg.py:825: in _async_ping
    await tr.start()
.venv\Lib\site-packages\asyncpg\transaction.py:146: in start
    await self._connection.execute(query)
.venv\Lib\site-packages\asyncpg\connection.py:354: in execute
    result = await self._protocol.query(query, timeout)
             ^^^^^^^^^^^^^^^^^^^^^^^^^^^^^^^^^^^^^^^^^^
asyncpg/protocol/protocol.pyx:369: in query
    ???
asyncpg/protocol/protocol.pyx:362: in asyncpg.protocol.protocol.BaseProtocol.query
    ???
asyncpg/protocol/coreproto.pyx:1174: in asyncpg.protocol.protocol.CoreProtocol._simple_query
    ???
asyncpg/protocol/protocol.pyx:956: in asyncpg.protocol.protocol.BaseProtocol._write
    ???
..\..\..\..\..\AppData\Local\Python\pythoncore-3.14-64\Lib\asyncio\sslproto.py:222: in write
    self._ssl_protocol._write_appdata((data,))
..\..\..\..\..\AppData\Local\Python\pythoncore-3.14-64\Lib\asyncio\sslproto.py:700: in _write_appdata
    self._fatal_error(ex, 'Fatal error on SSL protocol')
..\..\..\..\..\AppData\Local\Python\pythoncore-3.14-64\Lib\asyncio\sslproto.py:918: in _fatal_error
    self._transport._force_close(exc)
..\..\..\..\..\AppData\Local\Python\pythoncore-3.14-64\Lib\asyncio\proactor_events.py:152: in _force_close
    self._loop.call_soon(self._call_connection_lost, exc)
..\..\..\..\..\AppData\Local\Python\pythoncore-3.14-64\Lib\asyncio\base_events.py:827: in call_soon
    self._check_closed()
..\..\..\..\..\AppData\Local\Python\pythoncore-3.14-64\Lib\asyncio\base_events.py:550: in _check_closed
    raise RuntimeError('Event loop is closed')
E   RuntimeError: Event loop is closed
------------------------------ Captured log call ------------------------------
ERROR    sqlalchemy.pool.impl.AsyncAdaptedQueuePool:base.py:377 Exception terminating connection <AdaptedConnection <asyncpg.connection.Connection object at 0x0000020EE15A7B60>>
Traceback (most recent call last):
  File "C:\Users\nmendoza\Documents\Visual_Works\Planificacion-Voluntarios\plani-app-back\plani-app-back\.venv\Lib\site-packages\sqlalchemy\pool\base.py", line 373, in _close_connection
    self._dialect.do_terminate(connection)
    ~~~~~~~~~~~~~~~~~~~~~~~~~~^^^^^^^^^^^^
  File "C:\Users\nmendoza\Documents\Visual_Works\Planificacion-Voluntarios\plani-app-back\plani-app-back\.venv\Lib\site-packages\sqlalchemy\dialects\postgresql\asyncpg.py", line 1127, in do_terminate
    dbapi_connection.terminate()
    ~~~~~~~~~~~~~~~~~~~~~~~~~~^^
  File "C:\Users\nmendoza\Documents\Visual_Works\Planificacion-Voluntarios\plani-app-back\plani-app-back\.venv\Lib\site-packages\sqlalchemy\connectors\asyncio.py", line 402, in terminate
    self.await_(asyncio.shield(self._terminate_graceful_close()))  # type: ignore[attr-defined] # noqa: E501
    ~~~~~~~~~~~^^^^^^^^^^^^^^^^^^^^^^^^^^^^^^^^^^^^^^^^^^^^^^^^^^
  File "C:\Users\nmendoza\Documents\Visual_Works\Planificacion-Voluntarios\plani-app-back\plani-app-back\.venv\Lib\site-packages\sqlalchemy\util\_concurrency_py3k.py", line 132, in await_only
    return current.parent.switch(awaitable)  # type: ignore[no-any-return,attr-defined] # noqa: E501
           ~~~~~~~~~~~~~~~~~~~~~^^^^^^^^^^^
  File "C:\Users\nmendoza\Documents\Visual_Works\Planificacion-Voluntarios\plani-app-back\plani-app-back\.venv\Lib\site-packages\sqlalchemy\util\_concurrency_py3k.py", line 196, in greenlet_spawn
    value = await result
            ^^^^^^^^^^^^
  File "C:\Users\nmendoza\Documents\Visual_Works\Planificacion-Voluntarios\plani-app-back\plani-app-back\.venv\Lib\site-packages\sqlalchemy\dialects\postgresql\asyncpg.py", line 912, in _terminate_graceful_close
    await self._connection.close(timeout=2)
  File "C:\Users\nmendoza\Documents\Visual_Works\Planificacion-Voluntarios\plani-app-back\plani-app-back\.venv\Lib\site-packages\asyncpg\connection.py", line 1513, in close
    await self._protocol.close(timeout)
  File "asyncpg/protocol/protocol.pyx", line 617, in close
  File "asyncpg/protocol/protocol.pyx", line 650, in asyncpg.protocol.protocol.BaseProtocol._request_cancel
  File "C:\Users\nmendoza\Documents\Visual_Works\Planificacion-Voluntarios\plani-app-back\plani-app-back\.venv\Lib\site-packages\asyncpg\connection.py", line 1682, in _cancel_current_command
    self._cancellations.add(self._loop.create_task(self._cancel(waiter)))
                            ~~~~~~~~~~~~~~~~~~~~~~^^^^^^^^^^^^^^^^^^^^^^
  File "C:\Users\nmendoza\AppData\Local\Python\pythoncore-3.14-64\Lib\asyncio\base_events.py", line 466, in create_task
    self._check_closed()
    ~~~~~~~~~~~~~~~~~~^^
  File "C:\Users\nmendoza\AppData\Local\Python\pythoncore-3.14-64\Lib\asyncio\base_events.py", line 550, in _check_closed
    raise RuntimeError('Event loop is closed')
RuntimeError: Event loop is closed
________________ test_listar_empresas_ep_trimestre_inexistente ________________
..\..\..\..\..\AppData\Local\Python\pythoncore-3.14-64\Lib\asyncio\base_events.py:827: in call_soon
    self._check_closed()
..\..\..\..\..\AppData\Local\Python\pythoncore-3.14-64\Lib\asyncio\base_events.py:550: in _check_closed
    raise RuntimeError('Event loop is closed')
E   RuntimeError: Event loop is closed

During handling of the above exception, another exception occurred:
tests\test_config_trimestral.py:125: in test_listar_empresas_ep_trimestre_inexistente
    resp = await client.get(
.venv\Lib\site-packages\httpx\_client.py:1768: in get
    return await self.request(
.venv\Lib\site-packages\httpx\_client.py:1540: in request
    return await self.send(request, auth=auth, follow_redirects=follow_redirects)
           ^^^^^^^^^^^^^^^^^^^^^^^^^^^^^^^^^^^^^^^^^^^^^^^^^^^^^^^^^^^^^^^^^^^^^^
.venv\Lib\site-packages\httpx\_client.py:1629: in send
    response = await self._send_handling_auth(
.venv\Lib\site-packages\httpx\_client.py:1657: in _send_handling_auth
    response = await self._send_handling_redirects(
.venv\Lib\site-packages\httpx\_client.py:1694: in _send_handling_redirects
    response = await self._send_single_request(request)
               ^^^^^^^^^^^^^^^^^^^^^^^^^^^^^^^^^^^^^^^^
.venv\Lib\site-packages\httpx\_client.py:1730: in _send_single_request
    response = await transport.handle_async_request(request)
               ^^^^^^^^^^^^^^^^^^^^^^^^^^^^^^^^^^^^^^^^^^^^^
.venv\Lib\site-packages\httpx\_transports\asgi.py:170: in handle_async_request
    await self.app(scope, receive, send)
.venv\Lib\site-packages\fastapi\applications.py:1163: in __call__
    await super().__call__(scope, receive, send)
.venv\Lib\site-packages\starlette\applications.py:90: in __call__
    await self.middleware_stack(scope, receive, send)
.venv\Lib\site-packages\starlette\middleware\errors.py:186: in __call__
    raise exc
.venv\Lib\site-packages\starlette\middleware\errors.py:164: in __call__
    await self.app(scope, receive, _send)
.venv\Lib\site-packages\starlette\middleware\cors.py:88: in __call__
    await self.app(scope, receive, send)
.venv\Lib\site-packages\starlette\middleware\exceptions.py:63: in __call__
    await wrap_app_handling_exceptions(self.app, conn)(scope, receive, send)
.venv\Lib\site-packages\starlette\_exception_handler.py:53: in wrapped_app
    raise exc
.venv\Lib\site-packages\starlette\_exception_handler.py:42: in wrapped_app
    await app(scope, receive, sender)
.venv\Lib\site-packages\fastapi\middleware\asyncexitstack.py:18: in __call__
    await self.app(scope, receive, send)
.venv\Lib\site-packages\starlette\routing.py:660: in __call__
    await self.middleware_stack(scope, receive, send)
.venv\Lib\site-packages\starlette\routing.py:680: in app
    await route.handle(scope, receive, send)
.venv\Lib\site-packages\starlette\routing.py:276: in handle
    await self.app(scope, receive, send)
.venv\Lib\site-packages\fastapi\routing.py:134: in app
    await wrap_app_handling_exceptions(app, request)(scope, receive, send)
.venv\Lib\site-packages\starlette\_exception_handler.py:53: in wrapped_app
    raise exc
.venv\Lib\site-packages\starlette\_exception_handler.py:42: in wrapped_app
    await app(scope, receive, sender)
.venv\Lib\site-packages\fastapi\routing.py:120: in app
    response = await f(request)
               ^^^^^^^^^^^^^^^^
.venv\Lib\site-packages\fastapi\routing.py:674: in app
    raw_response = await run_endpoint_function(
.venv\Lib\site-packages\fastapi\routing.py:328: in run_endpoint_function
    return await dependant.call(**values)
           ^^^^^^^^^^^^^^^^^^^^^^^^^^^^^^
app\routers\config_trimestral.py:295: in listar_empresas_ep
    result = await db.execute(
.venv\Lib\site-packages\sqlalchemy\ext\asyncio\session.py:449: in execute
    result = await greenlet_spawn(
.venv\Lib\site-packages\sqlalchemy\util\_concurrency_py3k.py:201: in greenlet_spawn
    result = context.throw(*sys.exc_info())
             ^^^^^^^^^^^^^^^^^^^^^^^^^^^^^^
.venv\Lib\site-packages\sqlalchemy\orm\session.py:2351: in execute
    return self._execute_internal(
.venv\Lib\site-packages\sqlalchemy\orm\session.py:2239: in _execute_internal
    conn = self._connection_for_bind(bind)
           ^^^^^^^^^^^^^^^^^^^^^^^^^^^^^^^
.venv\Lib\site-packages\sqlalchemy\orm\session.py:2108: in _connection_for_bind
    return trans._connection_for_bind(engine, execution_options)
           ^^^^^^^^^^^^^^^^^^^^^^^^^^^^^^^^^^^^^^^^^^^^^^^^^^^^^
<string>:2: in _connection_for_bind
    ???
.venv\Lib\site-packages\sqlalchemy\orm\state_changes.py:137: in _go
    ret_value = fn(self, *arg, **kw)
                ^^^^^^^^^^^^^^^^^^^^
.venv\Lib\site-packages\sqlalchemy\orm\session.py:1187: in _connection_for_bind
    conn = bind.connect()
           ^^^^^^^^^^^^^^
.venv\Lib\site-packages\sqlalchemy\engine\base.py:3293: in connect
    return self._connection_cls(self)
           ^^^^^^^^^^^^^^^^^^^^^^^^^^
.venv\Lib\site-packages\sqlalchemy\engine\base.py:143: in __init__
    self._dbapi_connection = engine.raw_connection()
                             ^^^^^^^^^^^^^^^^^^^^^^^
.venv\Lib\site-packages\sqlalchemy\engine\base.py:3317: in raw_connection
    return self.pool.connect()
           ^^^^^^^^^^^^^^^^^^^
.venv\Lib\site-packages\sqlalchemy\pool\base.py:448: in connect
    return _ConnectionFairy._checkout(self)
           ^^^^^^^^^^^^^^^^^^^^^^^^^^^^^^^^
.venv\Lib\site-packages\sqlalchemy\pool\base.py:1371: in _checkout
    with util.safe_reraise():
         ^^^^^^^^^^^^^^^^^^^
.venv\Lib\site-packages\sqlalchemy\util\langhelpers.py:121: in __exit__
    raise exc_value.with_traceback(exc_tb)
.venv\Lib\site-packages\sqlalchemy\pool\base.py:1309: in _checkout
    result = pool._dialect._do_ping_w_event(
.venv\Lib\site-packages\sqlalchemy\engine\default.py:729: in _do_ping_w_event
    return self.do_ping(dbapi_connection)
           ^^^^^^^^^^^^^^^^^^^^^^^^^^^^^^
.venv\Lib\site-packages\sqlalchemy\dialects\postgresql\asyncpg.py:1160: in do_ping
    dbapi_connection.ping()
.venv\Lib\site-packages\sqlalchemy\dialects\postgresql\asyncpg.py:818: in ping
    self._handle_exception(error)
.venv\Lib\site-packages\sqlalchemy\dialects\postgresql\asyncpg.py:799: in _handle_exception
    raise error
.venv\Lib\site-packages\sqlalchemy\dialects\postgresql\asyncpg.py:816: in ping
    _ = self.await_(self._async_ping())
        ^^^^^^^^^^^^^^^^^^^^^^^^^^^^^^^
.venv\Lib\site-packages\sqlalchemy\util\_concurrency_py3k.py:132: in await_only
    return current.parent.switch(awaitable)  # type: ignore[no-any-return,attr-defined] # noqa: E501
           ^^^^^^^^^^^^^^^^^^^^^^^^^^^^^^^^
.venv\Lib\site-packages\sqlalchemy\util\_concurrency_py3k.py:196: in greenlet_spawn
    value = await result
            ^^^^^^^^^^^^
.venv\Lib\site-packages\sqlalchemy\dialects\postgresql\asyncpg.py:825: in _async_ping
    await tr.start()
.venv\Lib\site-packages\asyncpg\transaction.py:146: in start
    await self._connection.execute(query)
.venv\Lib\site-packages\asyncpg\connection.py:354: in execute
    result = await self._protocol.query(query, timeout)
             ^^^^^^^^^^^^^^^^^^^^^^^^^^^^^^^^^^^^^^^^^^
asyncpg/protocol/protocol.pyx:369: in query
    ???
asyncpg/protocol/protocol.pyx:362: in asyncpg.protocol.protocol.BaseProtocol.query
    ???
asyncpg/protocol/coreproto.pyx:1174: in asyncpg.protocol.protocol.CoreProtocol._simple_query
    ???
asyncpg/protocol/protocol.pyx:956: in asyncpg.protocol.protocol.BaseProtocol._write
    ???
..\..\..\..\..\AppData\Local\Python\pythoncore-3.14-64\Lib\asyncio\sslproto.py:222: in write
    self._ssl_protocol._write_appdata((data,))
..\..\..\..\..\AppData\Local\Python\pythoncore-3.14-64\Lib\asyncio\sslproto.py:700: in _write_appdata
    self._fatal_error(ex, 'Fatal error on SSL protocol')
..\..\..\..\..\AppData\Local\Python\pythoncore-3.14-64\Lib\asyncio\sslproto.py:918: in _fatal_error
    self._transport._force_close(exc)
..\..\..\..\..\AppData\Local\Python\pythoncore-3.14-64\Lib\asyncio\proactor_events.py:152: in _force_close
    self._loop.call_soon(self._call_connection_lost, exc)
..\..\..\..\..\AppData\Local\Python\pythoncore-3.14-64\Lib\asyncio\base_events.py:827: in call_soon
    self._check_closed()
..\..\..\..\..\AppData\Local\Python\pythoncore-3.14-64\Lib\asyncio\base_events.py:550: in _check_closed
    raise RuntimeError('Event loop is closed')
E   RuntimeError: Event loop is closed
------------------------------ Captured log call ------------------------------
ERROR    sqlalchemy.pool.impl.AsyncAdaptedQueuePool:base.py:377 Exception terminating connection <AdaptedConnection <asyncpg.connection.Connection object at 0x0000020EE1530F50>>
Traceback (most recent call last):
  File "C:\Users\nmendoza\Documents\Visual_Works\Planificacion-Voluntarios\plani-app-back\plani-app-back\.venv\Lib\site-packages\sqlalchemy\pool\base.py", line 373, in _close_connection
    self._dialect.do_terminate(connection)
    ~~~~~~~~~~~~~~~~~~~~~~~~~~^^^^^^^^^^^^
  File "C:\Users\nmendoza\Documents\Visual_Works\Planificacion-Voluntarios\plani-app-back\plani-app-back\.venv\Lib\site-packages\sqlalchemy\dialects\postgresql\asyncpg.py", line 1127, in do_terminate
    dbapi_connection.terminate()
    ~~~~~~~~~~~~~~~~~~~~~~~~~~^^
  File "C:\Users\nmendoza\Documents\Visual_Works\Planificacion-Voluntarios\plani-app-back\plani-app-back\.venv\Lib\site-packages\sqlalchemy\connectors\asyncio.py", line 402, in terminate
    self.await_(asyncio.shield(self._terminate_graceful_close()))  # type: ignore[attr-defined] # noqa: E501
    ~~~~~~~~~~~^^^^^^^^^^^^^^^^^^^^^^^^^^^^^^^^^^^^^^^^^^^^^^^^^^
  File "C:\Users\nmendoza\Documents\Visual_Works\Planificacion-Voluntarios\plani-app-back\plani-app-back\.venv\Lib\site-packages\sqlalchemy\util\_concurrency_py3k.py", line 132, in await_only
    return current.parent.switch(awaitable)  # type: ignore[no-any-return,attr-defined] # noqa: E501
           ~~~~~~~~~~~~~~~~~~~~~^^^^^^^^^^^
  File "C:\Users\nmendoza\Documents\Visual_Works\Planificacion-Voluntarios\plani-app-back\plani-app-back\.venv\Lib\site-packages\sqlalchemy\util\_concurrency_py3k.py", line 196, in greenlet_spawn
    value = await result
            ^^^^^^^^^^^^
  File "C:\Users\nmendoza\Documents\Visual_Works\Planificacion-Voluntarios\plani-app-back\plani-app-back\.venv\Lib\site-packages\sqlalchemy\dialects\postgresql\asyncpg.py", line 912, in _terminate_graceful_close
    await self._connection.close(timeout=2)
  File "C:\Users\nmendoza\Documents\Visual_Works\Planificacion-Voluntarios\plani-app-back\plani-app-back\.venv\Lib\site-packages\asyncpg\connection.py", line 1513, in close
    await self._protocol.close(timeout)
  File "asyncpg/protocol/protocol.pyx", line 617, in close
  File "asyncpg/protocol/protocol.pyx", line 650, in asyncpg.protocol.protocol.BaseProtocol._request_cancel
  File "C:\Users\nmendoza\Documents\Visual_Works\Planificacion-Voluntarios\plani-app-back\plani-app-back\.venv\Lib\site-packages\asyncpg\connection.py", line 1682, in _cancel_current_command
    self._cancellations.add(self._loop.create_task(self._cancel(waiter)))
                            ~~~~~~~~~~~~~~~~~~~~~~^^^^^^^^^^^^^^^^^^^^^^
  File "C:\Users\nmendoza\AppData\Local\Python\pythoncore-3.14-64\Lib\asyncio\base_events.py", line 466, in create_task
    self._check_closed()
    ~~~~~~~~~~~~~~~~~~^^
  File "C:\Users\nmendoza\AppData\Local\Python\pythoncore-3.14-64\Lib\asyncio\base_events.py", line 550, in _check_closed
    raise RuntimeError('Event loop is closed')
RuntimeError: Event loop is closed
_______________________ test_listar_empresas_ep_q2_real _______________________
..\..\..\..\..\AppData\Local\Python\pythoncore-3.14-64\Lib\asyncio\base_events.py:827: in call_soon
    self._check_closed()
..\..\..\..\..\AppData\Local\Python\pythoncore-3.14-64\Lib\asyncio\base_events.py:550: in _check_closed
    raise RuntimeError('Event loop is closed')
E   RuntimeError: Event loop is closed

During handling of the above exception, another exception occurred:
tests\test_config_trimestral.py:145: in test_listar_empresas_ep_q2_real
    pre = await db_session.execute(
.venv\Lib\site-packages\sqlalchemy\ext\asyncio\session.py:449: in execute
    result = await greenlet_spawn(
.venv\Lib\site-packages\sqlalchemy\util\_concurrency_py3k.py:201: in greenlet_spawn
    result = context.throw(*sys.exc_info())
             ^^^^^^^^^^^^^^^^^^^^^^^^^^^^^^
.venv\Lib\site-packages\sqlalchemy\orm\session.py:2351: in execute
    return self._execute_internal(
.venv\Lib\site-packages\sqlalchemy\orm\session.py:2239: in _execute_internal
    conn = self._connection_for_bind(bind)
           ^^^^^^^^^^^^^^^^^^^^^^^^^^^^^^^
.venv\Lib\site-packages\sqlalchemy\orm\session.py:2108: in _connection_for_bind
    return trans._connection_for_bind(engine, execution_options)
           ^^^^^^^^^^^^^^^^^^^^^^^^^^^^^^^^^^^^^^^^^^^^^^^^^^^^^
<string>:2: in _connection_for_bind
    ???
.venv\Lib\site-packages\sqlalchemy\orm\state_changes.py:137: in _go
    ret_value = fn(self, *arg, **kw)
                ^^^^^^^^^^^^^^^^^^^^
.venv\Lib\site-packages\sqlalchemy\orm\session.py:1187: in _connection_for_bind
    conn = bind.connect()
           ^^^^^^^^^^^^^^
.venv\Lib\site-packages\sqlalchemy\engine\base.py:3293: in connect
    return self._connection_cls(self)
           ^^^^^^^^^^^^^^^^^^^^^^^^^^
.venv\Lib\site-packages\sqlalchemy\engine\base.py:143: in __init__
    self._dbapi_connection = engine.raw_connection()
                             ^^^^^^^^^^^^^^^^^^^^^^^
.venv\Lib\site-packages\sqlalchemy\engine\base.py:3317: in raw_connection
    return self.pool.connect()
           ^^^^^^^^^^^^^^^^^^^
.venv\Lib\site-packages\sqlalchemy\pool\base.py:448: in connect
    return _ConnectionFairy._checkout(self)
           ^^^^^^^^^^^^^^^^^^^^^^^^^^^^^^^^
.venv\Lib\site-packages\sqlalchemy\pool\base.py:1371: in _checkout
    with util.safe_reraise():
         ^^^^^^^^^^^^^^^^^^^
.venv\Lib\site-packages\sqlalchemy\util\langhelpers.py:121: in __exit__
    raise exc_value.with_traceback(exc_tb)
.venv\Lib\site-packages\sqlalchemy\pool\base.py:1309: in _checkout
    result = pool._dialect._do_ping_w_event(
.venv\Lib\site-packages\sqlalchemy\engine\default.py:729: in _do_ping_w_event
    return self.do_ping(dbapi_connection)
           ^^^^^^^^^^^^^^^^^^^^^^^^^^^^^^
.venv\Lib\site-packages\sqlalchemy\dialects\postgresql\asyncpg.py:1160: in do_ping
    dbapi_connection.ping()
.venv\Lib\site-packages\sqlalchemy\dialects\postgresql\asyncpg.py:818: in ping
    self._handle_exception(error)
.venv\Lib\site-packages\sqlalchemy\dialects\postgresql\asyncpg.py:799: in _handle_exception
    raise error
.venv\Lib\site-packages\sqlalchemy\dialects\postgresql\asyncpg.py:816: in ping
    _ = self.await_(self._async_ping())
        ^^^^^^^^^^^^^^^^^^^^^^^^^^^^^^^
.venv\Lib\site-packages\sqlalchemy\util\_concurrency_py3k.py:132: in await_only
    return current.parent.switch(awaitable)  # type: ignore[no-any-return,attr-defined] # noqa: E501
           ^^^^^^^^^^^^^^^^^^^^^^^^^^^^^^^^
.venv\Lib\site-packages\sqlalchemy\util\_concurrency_py3k.py:196: in greenlet_spawn
    value = await result
            ^^^^^^^^^^^^
.venv\Lib\site-packages\sqlalchemy\dialects\postgresql\asyncpg.py:825: in _async_ping
    await tr.start()
.venv\Lib\site-packages\asyncpg\transaction.py:146: in start
    await self._connection.execute(query)
.venv\Lib\site-packages\asyncpg\connection.py:354: in execute
    result = await self._protocol.query(query, timeout)
             ^^^^^^^^^^^^^^^^^^^^^^^^^^^^^^^^^^^^^^^^^^
asyncpg/protocol/protocol.pyx:369: in query
    ???
asyncpg/protocol/protocol.pyx:362: in asyncpg.protocol.protocol.BaseProtocol.query
    ???
asyncpg/protocol/coreproto.pyx:1174: in asyncpg.protocol.protocol.CoreProtocol._simple_query
    ???
asyncpg/protocol/protocol.pyx:956: in asyncpg.protocol.protocol.BaseProtocol._write
    ???
..\..\..\..\..\AppData\Local\Python\pythoncore-3.14-64\Lib\asyncio\sslproto.py:222: in write
    self._ssl_protocol._write_appdata((data,))
..\..\..\..\..\AppData\Local\Python\pythoncore-3.14-64\Lib\asyncio\sslproto.py:700: in _write_appdata
    self._fatal_error(ex, 'Fatal error on SSL protocol')
..\..\..\..\..\AppData\Local\Python\pythoncore-3.14-64\Lib\asyncio\sslproto.py:918: in _fatal_error
    self._transport._force_close(exc)
..\..\..\..\..\AppData\Local\Python\pythoncore-3.14-64\Lib\asyncio\proactor_events.py:152: in _force_close
    self._loop.call_soon(self._call_connection_lost, exc)
..\..\..\..\..\AppData\Local\Python\pythoncore-3.14-64\Lib\asyncio\base_events.py:827: in call_soon
    self._check_closed()
..\..\..\..\..\AppData\Local\Python\pythoncore-3.14-64\Lib\asyncio\base_events.py:550: in _check_closed
    raise RuntimeError('Event loop is closed')
E   RuntimeError: Event loop is closed
------------------------------ Captured log call ------------------------------
ERROR    sqlalchemy.pool.impl.AsyncAdaptedQueuePool:base.py:377 Exception terminating connection <AdaptedConnection <asyncpg.connection.Connection object at 0x0000020EE1206B70>>
Traceback (most recent call last):
  File "C:\Users\nmendoza\Documents\Visual_Works\Planificacion-Voluntarios\plani-app-back\plani-app-back\.venv\Lib\site-packages\sqlalchemy\pool\base.py", line 373, in _close_connection
    self._dialect.do_terminate(connection)
    ~~~~~~~~~~~~~~~~~~~~~~~~~~^^^^^^^^^^^^
  File "C:\Users\nmendoza\Documents\Visual_Works\Planificacion-Voluntarios\plani-app-back\plani-app-back\.venv\Lib\site-packages\sqlalchemy\dialects\postgresql\asyncpg.py", line 1127, in do_terminate
    dbapi_connection.terminate()
    ~~~~~~~~~~~~~~~~~~~~~~~~~~^^
  File "C:\Users\nmendoza\Documents\Visual_Works\Planificacion-Voluntarios\plani-app-back\plani-app-back\.venv\Lib\site-packages\sqlalchemy\connectors\asyncio.py", line 402, in terminate
    self.await_(asyncio.shield(self._terminate_graceful_close()))  # type: ignore[attr-defined] # noqa: E501
    ~~~~~~~~~~~^^^^^^^^^^^^^^^^^^^^^^^^^^^^^^^^^^^^^^^^^^^^^^^^^^
  File "C:\Users\nmendoza\Documents\Visual_Works\Planificacion-Voluntarios\plani-app-back\plani-app-back\.venv\Lib\site-packages\sqlalchemy\util\_concurrency_py3k.py", line 132, in await_only
    return current.parent.switch(awaitable)  # type: ignore[no-any-return,attr-defined] # noqa: E501
           ~~~~~~~~~~~~~~~~~~~~~^^^^^^^^^^^
  File "C:\Users\nmendoza\Documents\Visual_Works\Planificacion-Voluntarios\plani-app-back\plani-app-back\.venv\Lib\site-packages\sqlalchemy\util\_concurrency_py3k.py", line 196, in greenlet_spawn
    value = await result
            ^^^^^^^^^^^^
  File "C:\Users\nmendoza\Documents\Visual_Works\Planificacion-Voluntarios\plani-app-back\plani-app-back\.venv\Lib\site-packages\sqlalchemy\dialects\postgresql\asyncpg.py", line 912, in _terminate_graceful_close
    await self._connection.close(timeout=2)
  File "C:\Users\nmendoza\Documents\Visual_Works\Planificacion-Voluntarios\plani-app-back\plani-app-back\.venv\Lib\site-packages\asyncpg\connection.py", line 1513, in close
    await self._protocol.close(timeout)
  File "asyncpg/protocol/protocol.pyx", line 617, in close
  File "asyncpg/protocol/protocol.pyx", line 650, in asyncpg.protocol.protocol.BaseProtocol._request_cancel
  File "C:\Users\nmendoza\Documents\Visual_Works\Planificacion-Voluntarios\plani-app-back\plani-app-back\.venv\Lib\site-packages\asyncpg\connection.py", line 1682, in _cancel_current_command
    self._cancellations.add(self._loop.create_task(self._cancel(waiter)))
                            ~~~~~~~~~~~~~~~~~~~~~~^^^^^^^^^^^^^^^^^^^^^^
  File "C:\Users\nmendoza\AppData\Local\Python\pythoncore-3.14-64\Lib\asyncio\base_events.py", line 466, in create_task
    self._check_closed()
    ~~~~~~~~~~~~~~~~~~^^
  File "C:\Users\nmendoza\AppData\Local\Python\pythoncore-3.14-64\Lib\asyncio\base_events.py", line 550, in _check_closed
    raise RuntimeError('Event loop is closed')
RuntimeError: Event loop is closed
____________________________ test_listar_empresas _____________________________
..\..\..\..\..\AppData\Local\Python\pythoncore-3.14-64\Lib\asyncio\base_events.py:827: in call_soon
    self._check_closed()
..\..\..\..\..\AppData\Local\Python\pythoncore-3.14-64\Lib\asyncio\base_events.py:550: in _check_closed
    raise RuntimeError('Event loop is closed')
E   RuntimeError: Event loop is closed

During handling of the above exception, another exception occurred:
tests\test_empresas.py:12: in test_listar_empresas
    response = await client.get("/api/empresas/")
               ^^^^^^^^^^^^^^^^^^^^^^^^^^^^^^^^^^
.venv\Lib\site-packages\httpx\_client.py:1768: in get
    return await self.request(
.venv\Lib\site-packages\httpx\_client.py:1540: in request
    return await self.send(request, auth=auth, follow_redirects=follow_redirects)
           ^^^^^^^^^^^^^^^^^^^^^^^^^^^^^^^^^^^^^^^^^^^^^^^^^^^^^^^^^^^^^^^^^^^^^^
.venv\Lib\site-packages\httpx\_client.py:1629: in send
    response = await self._send_handling_auth(
.venv\Lib\site-packages\httpx\_client.py:1657: in _send_handling_auth
    response = await self._send_handling_redirects(
.venv\Lib\site-packages\httpx\_client.py:1694: in _send_handling_redirects
    response = await self._send_single_request(request)
               ^^^^^^^^^^^^^^^^^^^^^^^^^^^^^^^^^^^^^^^^
.venv\Lib\site-packages\httpx\_client.py:1730: in _send_single_request
    response = await transport.handle_async_request(request)
               ^^^^^^^^^^^^^^^^^^^^^^^^^^^^^^^^^^^^^^^^^^^^^
.venv\Lib\site-packages\httpx\_transports\asgi.py:170: in handle_async_request
    await self.app(scope, receive, send)
.venv\Lib\site-packages\fastapi\applications.py:1163: in __call__
    await super().__call__(scope, receive, send)
.venv\Lib\site-packages\starlette\applications.py:90: in __call__
    await self.middleware_stack(scope, receive, send)
.venv\Lib\site-packages\starlette\middleware\errors.py:186: in __call__
    raise exc
.venv\Lib\site-packages\starlette\middleware\errors.py:164: in __call__
    await self.app(scope, receive, _send)
.venv\Lib\site-packages\starlette\middleware\cors.py:88: in __call__
    await self.app(scope, receive, send)
.venv\Lib\site-packages\starlette\middleware\exceptions.py:63: in __call__
    await wrap_app_handling_exceptions(self.app, conn)(scope, receive, send)
.venv\Lib\site-packages\starlette\_exception_handler.py:53: in wrapped_app
    raise exc
.venv\Lib\site-packages\starlette\_exception_handler.py:42: in wrapped_app
    await app(scope, receive, sender)
.venv\Lib\site-packages\fastapi\middleware\asyncexitstack.py:18: in __call__
    await self.app(scope, receive, send)
.venv\Lib\site-packages\starlette\routing.py:660: in __call__
    await self.middleware_stack(scope, receive, send)
.venv\Lib\site-packages\starlette\routing.py:680: in app
    await route.handle(scope, receive, send)
.venv\Lib\site-packages\starlette\routing.py:276: in handle
    await self.app(scope, receive, send)
.venv\Lib\site-packages\fastapi\routing.py:134: in app
    await wrap_app_handling_exceptions(app, request)(scope, receive, send)
.venv\Lib\site-packages\starlette\_exception_handler.py:53: in wrapped_app
    raise exc
.venv\Lib\site-packages\starlette\_exception_handler.py:42: in wrapped_app
    await app(scope, receive, sender)
.venv\Lib\site-packages\fastapi\routing.py:120: in app
    response = await f(request)
               ^^^^^^^^^^^^^^^^
.venv\Lib\site-packages\fastapi\routing.py:674: in app
    raw_response = await run_endpoint_function(
.venv\Lib\site-packages\fastapi\routing.py:328: in run_endpoint_function
    return await dependant.call(**values)
           ^^^^^^^^^^^^^^^^^^^^^^^^^^^^^^
app\routers\empresas.py:120: in listar_empresas
    result = await db.execute(text(q), params)
             ^^^^^^^^^^^^^^^^^^^^^^^^^^^^^^^^^
.venv\Lib\site-packages\sqlalchemy\ext\asyncio\session.py:449: in execute
    result = await greenlet_spawn(
.venv\Lib\site-packages\sqlalchemy\util\_concurrency_py3k.py:201: in greenlet_spawn
    result = context.throw(*sys.exc_info())
             ^^^^^^^^^^^^^^^^^^^^^^^^^^^^^^
.venv\Lib\site-packages\sqlalchemy\orm\session.py:2351: in execute
    return self._execute_internal(
.venv\Lib\site-packages\sqlalchemy\orm\session.py:2239: in _execute_internal
    conn = self._connection_for_bind(bind)
           ^^^^^^^^^^^^^^^^^^^^^^^^^^^^^^^
.venv\Lib\site-packages\sqlalchemy\orm\session.py:2108: in _connection_for_bind
    return trans._connection_for_bind(engine, execution_options)
           ^^^^^^^^^^^^^^^^^^^^^^^^^^^^^^^^^^^^^^^^^^^^^^^^^^^^^
<string>:2: in _connection_for_bind
    ???
.venv\Lib\site-packages\sqlalchemy\orm\state_changes.py:137: in _go
    ret_value = fn(self, *arg, **kw)
                ^^^^^^^^^^^^^^^^^^^^
.venv\Lib\site-packages\sqlalchemy\orm\session.py:1187: in _connection_for_bind
    conn = bind.connect()
           ^^^^^^^^^^^^^^
.venv\Lib\site-packages\sqlalchemy\engine\base.py:3293: in connect
    return self._connection_cls(self)
           ^^^^^^^^^^^^^^^^^^^^^^^^^^
.venv\Lib\site-packages\sqlalchemy\engine\base.py:143: in __init__
    self._dbapi_connection = engine.raw_connection()
                             ^^^^^^^^^^^^^^^^^^^^^^^
.venv\Lib\site-packages\sqlalchemy\engine\base.py:3317: in raw_connection
    return self.pool.connect()
           ^^^^^^^^^^^^^^^^^^^
.venv\Lib\site-packages\sqlalchemy\pool\base.py:448: in connect
    return _ConnectionFairy._checkout(self)
           ^^^^^^^^^^^^^^^^^^^^^^^^^^^^^^^^
.venv\Lib\site-packages\sqlalchemy\pool\base.py:1371: in _checkout
    with util.safe_reraise():
         ^^^^^^^^^^^^^^^^^^^
.venv\Lib\site-packages\sqlalchemy\util\langhelpers.py:121: in __exit__
    raise exc_value.with_traceback(exc_tb)
.venv\Lib\site-packages\sqlalchemy\pool\base.py:1309: in _checkout
    result = pool._dialect._do_ping_w_event(
.venv\Lib\site-packages\sqlalchemy\engine\default.py:729: in _do_ping_w_event
    return self.do_ping(dbapi_connection)
           ^^^^^^^^^^^^^^^^^^^^^^^^^^^^^^
.venv\Lib\site-packages\sqlalchemy\dialects\postgresql\asyncpg.py:1160: in do_ping
    dbapi_connection.ping()
.venv\Lib\site-packages\sqlalchemy\dialects\postgresql\asyncpg.py:818: in ping
    self._handle_exception(error)
.venv\Lib\site-packages\sqlalchemy\dialects\postgresql\asyncpg.py:799: in _handle_exception
    raise error
.venv\Lib\site-packages\sqlalchemy\dialects\postgresql\asyncpg.py:816: in ping
    _ = self.await_(self._async_ping())
        ^^^^^^^^^^^^^^^^^^^^^^^^^^^^^^^
.venv\Lib\site-packages\sqlalchemy\util\_concurrency_py3k.py:132: in await_only
    return current.parent.switch(awaitable)  # type: ignore[no-any-return,attr-defined] # noqa: E501
           ^^^^^^^^^^^^^^^^^^^^^^^^^^^^^^^^
.venv\Lib\site-packages\sqlalchemy\util\_concurrency_py3k.py:196: in greenlet_spawn
    value = await result
            ^^^^^^^^^^^^
.venv\Lib\site-packages\sqlalchemy\dialects\postgresql\asyncpg.py:825: in _async_ping
    await tr.start()
.venv\Lib\site-packages\asyncpg\transaction.py:146: in start
    await self._connection.execute(query)
.venv\Lib\site-packages\asyncpg\connection.py:354: in execute
    result = await self._protocol.query(query, timeout)
             ^^^^^^^^^^^^^^^^^^^^^^^^^^^^^^^^^^^^^^^^^^
asyncpg/protocol/protocol.pyx:369: in query
    ???
asyncpg/protocol/protocol.pyx:362: in asyncpg.protocol.protocol.BaseProtocol.query
    ???
asyncpg/protocol/coreproto.pyx:1174: in asyncpg.protocol.protocol.CoreProtocol._simple_query
    ???
asyncpg/protocol/protocol.pyx:956: in asyncpg.protocol.protocol.BaseProtocol._write
    ???
..\..\..\..\..\AppData\Local\Python\pythoncore-3.14-64\Lib\asyncio\sslproto.py:222: in write
    self._ssl_protocol._write_appdata((data,))
..\..\..\..\..\AppData\Local\Python\pythoncore-3.14-64\Lib\asyncio\sslproto.py:700: in _write_appdata
    self._fatal_error(ex, 'Fatal error on SSL protocol')
..\..\..\..\..\AppData\Local\Python\pythoncore-3.14-64\Lib\asyncio\sslproto.py:918: in _fatal_error
    self._transport._force_close(exc)
..\..\..\..\..\AppData\Local\Python\pythoncore-3.14-64\Lib\asyncio\proactor_events.py:152: in _force_close
    self._loop.call_soon(self._call_connection_lost, exc)
..\..\..\..\..\AppData\Local\Python\pythoncore-3.14-64\Lib\asyncio\base_events.py:827: in call_soon
    self._check_closed()
..\..\..\..\..\AppData\Local\Python\pythoncore-3.14-64\Lib\asyncio\base_events.py:550: in _check_closed
    raise RuntimeError('Event loop is closed')
E   RuntimeError: Event loop is closed
------------------------------ Captured log call ------------------------------
ERROR    sqlalchemy.pool.impl.AsyncAdaptedQueuePool:base.py:377 Exception terminating connection <AdaptedConnection <asyncpg.connection.Connection object at 0x0000020EE12046E0>>
Traceback (most recent call last):
  File "C:\Users\nmendoza\Documents\Visual_Works\Planificacion-Voluntarios\plani-app-back\plani-app-back\.venv\Lib\site-packages\sqlalchemy\pool\base.py", line 373, in _close_connection
    self._dialect.do_terminate(connection)
    ~~~~~~~~~~~~~~~~~~~~~~~~~~^^^^^^^^^^^^
  File "C:\Users\nmendoza\Documents\Visual_Works\Planificacion-Voluntarios\plani-app-back\plani-app-back\.venv\Lib\site-packages\sqlalchemy\dialects\postgresql\asyncpg.py", line 1127, in do_terminate
    dbapi_connection.terminate()
    ~~~~~~~~~~~~~~~~~~~~~~~~~~^^
  File "C:\Users\nmendoza\Documents\Visual_Works\Planificacion-Voluntarios\plani-app-back\plani-app-back\.venv\Lib\site-packages\sqlalchemy\connectors\asyncio.py", line 402, in terminate
    self.await_(asyncio.shield(self._terminate_graceful_close()))  # type: ignore[attr-defined] # noqa: E501
    ~~~~~~~~~~~^^^^^^^^^^^^^^^^^^^^^^^^^^^^^^^^^^^^^^^^^^^^^^^^^^
  File "C:\Users\nmendoza\Documents\Visual_Works\Planificacion-Voluntarios\plani-app-back\plani-app-back\.venv\Lib\site-packages\sqlalchemy\util\_concurrency_py3k.py", line 132, in await_only
    return current.parent.switch(awaitable)  # type: ignore[no-any-return,attr-defined] # noqa: E501
           ~~~~~~~~~~~~~~~~~~~~~^^^^^^^^^^^
  File "C:\Users\nmendoza\Documents\Visual_Works\Planificacion-Voluntarios\plani-app-back\plani-app-back\.venv\Lib\site-packages\sqlalchemy\util\_concurrency_py3k.py", line 196, in greenlet_spawn
    value = await result
            ^^^^^^^^^^^^
  File "C:\Users\nmendoza\Documents\Visual_Works\Planificacion-Voluntarios\plani-app-back\plani-app-back\.venv\Lib\site-packages\sqlalchemy\dialects\postgresql\asyncpg.py", line 912, in _terminate_graceful_close
    await self._connection.close(timeout=2)
  File "C:\Users\nmendoza\Documents\Visual_Works\Planificacion-Voluntarios\plani-app-back\plani-app-back\.venv\Lib\site-packages\asyncpg\connection.py", line 1513, in close
    await self._protocol.close(timeout)
  File "asyncpg/protocol/protocol.pyx", line 617, in close
  File "asyncpg/protocol/protocol.pyx", line 650, in asyncpg.protocol.protocol.BaseProtocol._request_cancel
  File "C:\Users\nmendoza\Documents\Visual_Works\Planificacion-Voluntarios\plani-app-back\plani-app-back\.venv\Lib\site-packages\asyncpg\connection.py", line 1682, in _cancel_current_command
    self._cancellations.add(self._loop.create_task(self._cancel(waiter)))
                            ~~~~~~~~~~~~~~~~~~~~~~^^^^^^^^^^^^^^^^^^^^^^
  File "C:\Users\nmendoza\AppData\Local\Python\pythoncore-3.14-64\Lib\asyncio\base_events.py", line 466, in create_task
    self._check_closed()
    ~~~~~~~~~~~~~~~~~~^^
  File "C:\Users\nmendoza\AppData\Local\Python\pythoncore-3.14-64\Lib\asyncio\base_events.py", line 550, in _check_closed
    raise RuntimeError('Event loop is closed')
RuntimeError: Event loop is closed
_____________________ test_listar_empresas_filter_activa ______________________
..\..\..\..\..\AppData\Local\Python\pythoncore-3.14-64\Lib\asyncio\base_events.py:827: in call_soon
    self._check_closed()
..\..\..\..\..\AppData\Local\Python\pythoncore-3.14-64\Lib\asyncio\base_events.py:550: in _check_closed
    raise RuntimeError('Event loop is closed')
E   RuntimeError: Event loop is closed

During handling of the above exception, another exception occurred:
tests\test_empresas.py:25: in test_listar_empresas_filter_activa
    response = await client.get("/api/empresas/", params={"activa": True})
               ^^^^^^^^^^^^^^^^^^^^^^^^^^^^^^^^^^^^^^^^^^^^^^^^^^^^^^^^^^^
.venv\Lib\site-packages\httpx\_client.py:1768: in get
    return await self.request(
.venv\Lib\site-packages\httpx\_client.py:1540: in request
    return await self.send(request, auth=auth, follow_redirects=follow_redirects)
           ^^^^^^^^^^^^^^^^^^^^^^^^^^^^^^^^^^^^^^^^^^^^^^^^^^^^^^^^^^^^^^^^^^^^^^
.venv\Lib\site-packages\httpx\_client.py:1629: in send
    response = await self._send_handling_auth(
.venv\Lib\site-packages\httpx\_client.py:1657: in _send_handling_auth
    response = await self._send_handling_redirects(
.venv\Lib\site-packages\httpx\_client.py:1694: in _send_handling_redirects
    response = await self._send_single_request(request)
               ^^^^^^^^^^^^^^^^^^^^^^^^^^^^^^^^^^^^^^^^
.venv\Lib\site-packages\httpx\_client.py:1730: in _send_single_request
    response = await transport.handle_async_request(request)
               ^^^^^^^^^^^^^^^^^^^^^^^^^^^^^^^^^^^^^^^^^^^^^
.venv\Lib\site-packages\httpx\_transports\asgi.py:170: in handle_async_request
    await self.app(scope, receive, send)
.venv\Lib\site-packages\fastapi\applications.py:1163: in __call__
    await super().__call__(scope, receive, send)
.venv\Lib\site-packages\starlette\applications.py:90: in __call__
    await self.middleware_stack(scope, receive, send)
.venv\Lib\site-packages\starlette\middleware\errors.py:186: in __call__
    raise exc
.venv\Lib\site-packages\starlette\middleware\errors.py:164: in __call__
    await self.app(scope, receive, _send)
.venv\Lib\site-packages\starlette\middleware\cors.py:88: in __call__
    await self.app(scope, receive, send)
.venv\Lib\site-packages\starlette\middleware\exceptions.py:63: in __call__
    await wrap_app_handling_exceptions(self.app, conn)(scope, receive, send)
.venv\Lib\site-packages\starlette\_exception_handler.py:53: in wrapped_app
    raise exc
.venv\Lib\site-packages\starlette\_exception_handler.py:42: in wrapped_app
    await app(scope, receive, sender)
.venv\Lib\site-packages\fastapi\middleware\asyncexitstack.py:18: in __call__
    await self.app(scope, receive, send)
.venv\Lib\site-packages\starlette\routing.py:660: in __call__
    await self.middleware_stack(scope, receive, send)
.venv\Lib\site-packages\starlette\routing.py:680: in app
    await route.handle(scope, receive, send)
.venv\Lib\site-packages\starlette\routing.py:276: in handle
    await self.app(scope, receive, send)
.venv\Lib\site-packages\fastapi\routing.py:134: in app
    await wrap_app_handling_exceptions(app, request)(scope, receive, send)
.venv\Lib\site-packages\starlette\_exception_handler.py:53: in wrapped_app
    raise exc
.venv\Lib\site-packages\starlette\_exception_handler.py:42: in wrapped_app
    await app(scope, receive, sender)
.venv\Lib\site-packages\fastapi\routing.py:120: in app
    response = await f(request)
               ^^^^^^^^^^^^^^^^
.venv\Lib\site-packages\fastapi\routing.py:674: in app
    raw_response = await run_endpoint_function(
.venv\Lib\site-packages\fastapi\routing.py:328: in run_endpoint_function
    return await dependant.call(**values)
           ^^^^^^^^^^^^^^^^^^^^^^^^^^^^^^
app\routers\empresas.py:120: in listar_empresas
    result = await db.execute(text(q), params)
             ^^^^^^^^^^^^^^^^^^^^^^^^^^^^^^^^^
.venv\Lib\site-packages\sqlalchemy\ext\asyncio\session.py:449: in execute
    result = await greenlet_spawn(
.venv\Lib\site-packages\sqlalchemy\util\_concurrency_py3k.py:201: in greenlet_spawn
    result = context.throw(*sys.exc_info())
             ^^^^^^^^^^^^^^^^^^^^^^^^^^^^^^
.venv\Lib\site-packages\sqlalchemy\orm\session.py:2351: in execute
    return self._execute_internal(
.venv\Lib\site-packages\sqlalchemy\orm\session.py:2239: in _execute_internal
    conn = self._connection_for_bind(bind)
           ^^^^^^^^^^^^^^^^^^^^^^^^^^^^^^^
.venv\Lib\site-packages\sqlalchemy\orm\session.py:2108: in _connection_for_bind
    return trans._connection_for_bind(engine, execution_options)
           ^^^^^^^^^^^^^^^^^^^^^^^^^^^^^^^^^^^^^^^^^^^^^^^^^^^^^
<string>:2: in _connection_for_bind
    ???
.venv\Lib\site-packages\sqlalchemy\orm\state_changes.py:137: in _go
    ret_value = fn(self, *arg, **kw)
                ^^^^^^^^^^^^^^^^^^^^
.venv\Lib\site-packages\sqlalchemy\orm\session.py:1187: in _connection_for_bind
    conn = bind.connect()
           ^^^^^^^^^^^^^^
.venv\Lib\site-packages\sqlalchemy\engine\base.py:3293: in connect
    return self._connection_cls(self)
           ^^^^^^^^^^^^^^^^^^^^^^^^^^
.venv\Lib\site-packages\sqlalchemy\engine\base.py:143: in __init__
    self._dbapi_connection = engine.raw_connection()
                             ^^^^^^^^^^^^^^^^^^^^^^^
.venv\Lib\site-packages\sqlalchemy\engine\base.py:3317: in raw_connection
    return self.pool.connect()
           ^^^^^^^^^^^^^^^^^^^
.venv\Lib\site-packages\sqlalchemy\pool\base.py:448: in connect
    return _ConnectionFairy._checkout(self)
           ^^^^^^^^^^^^^^^^^^^^^^^^^^^^^^^^
.venv\Lib\site-packages\sqlalchemy\pool\base.py:1371: in _checkout
    with util.safe_reraise():
         ^^^^^^^^^^^^^^^^^^^
.venv\Lib\site-packages\sqlalchemy\util\langhelpers.py:121: in __exit__
    raise exc_value.with_traceback(exc_tb)
.venv\Lib\site-packages\sqlalchemy\pool\base.py:1309: in _checkout
    result = pool._dialect._do_ping_w_event(
.venv\Lib\site-packages\sqlalchemy\engine\default.py:729: in _do_ping_w_event
    return self.do_ping(dbapi_connection)
           ^^^^^^^^^^^^^^^^^^^^^^^^^^^^^^
.venv\Lib\site-packages\sqlalchemy\dialects\postgresql\asyncpg.py:1160: in do_ping
    dbapi_connection.ping()
.venv\Lib\site-packages\sqlalchemy\dialects\postgresql\asyncpg.py:818: in ping
    self._handle_exception(error)
.venv\Lib\site-packages\sqlalchemy\dialects\postgresql\asyncpg.py:799: in _handle_exception
    raise error
.venv\Lib\site-packages\sqlalchemy\dialects\postgresql\asyncpg.py:816: in ping
    _ = self.await_(self._async_ping())
        ^^^^^^^^^^^^^^^^^^^^^^^^^^^^^^^
.venv\Lib\site-packages\sqlalchemy\util\_concurrency_py3k.py:132: in await_only
    return current.parent.switch(awaitable)  # type: ignore[no-any-return,attr-defined] # noqa: E501
           ^^^^^^^^^^^^^^^^^^^^^^^^^^^^^^^^
.venv\Lib\site-packages\sqlalchemy\util\_concurrency_py3k.py:196: in greenlet_spawn
    value = await result
            ^^^^^^^^^^^^
.venv\Lib\site-packages\sqlalchemy\dialects\postgresql\asyncpg.py:825: in _async_ping
    await tr.start()
.venv\Lib\site-packages\asyncpg\transaction.py:146: in start
    await self._connection.execute(query)
.venv\Lib\site-packages\asyncpg\connection.py:354: in execute
    result = await self._protocol.query(query, timeout)
             ^^^^^^^^^^^^^^^^^^^^^^^^^^^^^^^^^^^^^^^^^^
asyncpg/protocol/protocol.pyx:369: in query
    ???
asyncpg/protocol/protocol.pyx:362: in asyncpg.protocol.protocol.BaseProtocol.query
    ???
asyncpg/protocol/coreproto.pyx:1174: in asyncpg.protocol.protocol.CoreProtocol._simple_query
    ???
asyncpg/protocol/protocol.pyx:956: in asyncpg.protocol.protocol.BaseProtocol._write
    ???
..\..\..\..\..\AppData\Local\Python\pythoncore-3.14-64\Lib\asyncio\sslproto.py:222: in write
    self._ssl_protocol._write_appdata((data,))
..\..\..\..\..\AppData\Local\Python\pythoncore-3.14-64\Lib\asyncio\sslproto.py:700: in _write_appdata
    self._fatal_error(ex, 'Fatal error on SSL protocol')
..\..\..\..\..\AppData\Local\Python\pythoncore-3.14-64\Lib\asyncio\sslproto.py:918: in _fatal_error
    self._transport._force_close(exc)
..\..\..\..\..\AppData\Local\Python\pythoncore-3.14-64\Lib\asyncio\proactor_events.py:152: in _force_close
    self._loop.call_soon(self._call_connection_lost, exc)
..\..\..\..\..\AppData\Local\Python\pythoncore-3.14-64\Lib\asyncio\base_events.py:827: in call_soon
    self._check_closed()
..\..\..\..\..\AppData\Local\Python\pythoncore-3.14-64\Lib\asyncio\base_events.py:550: in _check_closed
    raise RuntimeError('Event loop is closed')
E   RuntimeError: Event loop is closed
------------------------------ Captured log call ------------------------------
ERROR    sqlalchemy.pool.impl.AsyncAdaptedQueuePool:base.py:377 Exception terminating connection <AdaptedConnection <asyncpg.connection.Connection object at 0x0000020EE0CF0E60>>
Traceback (most recent call last):
  File "C:\Users\nmendoza\Documents\Visual_Works\Planificacion-Voluntarios\plani-app-back\plani-app-back\.venv\Lib\site-packages\sqlalchemy\pool\base.py", line 373, in _close_connection
    self._dialect.do_terminate(connection)
    ~~~~~~~~~~~~~~~~~~~~~~~~~~^^^^^^^^^^^^
  File "C:\Users\nmendoza\Documents\Visual_Works\Planificacion-Voluntarios\plani-app-back\plani-app-back\.venv\Lib\site-packages\sqlalchemy\dialects\postgresql\asyncpg.py", line 1127, in do_terminate
    dbapi_connection.terminate()
    ~~~~~~~~~~~~~~~~~~~~~~~~~~^^
  File "C:\Users\nmendoza\Documents\Visual_Works\Planificacion-Voluntarios\plani-app-back\plani-app-back\.venv\Lib\site-packages\sqlalchemy\connectors\asyncio.py", line 402, in terminate
    self.await_(asyncio.shield(self._terminate_graceful_close()))  # type: ignore[attr-defined] # noqa: E501
    ~~~~~~~~~~~^^^^^^^^^^^^^^^^^^^^^^^^^^^^^^^^^^^^^^^^^^^^^^^^^^
  File "C:\Users\nmendoza\Documents\Visual_Works\Planificacion-Voluntarios\plani-app-back\plani-app-back\.venv\Lib\site-packages\sqlalchemy\util\_concurrency_py3k.py", line 132, in await_only
    return current.parent.switch(awaitable)  # type: ignore[no-any-return,attr-defined] # noqa: E501
           ~~~~~~~~~~~~~~~~~~~~~^^^^^^^^^^^
  File "C:\Users\nmendoza\Documents\Visual_Works\Planificacion-Voluntarios\plani-app-back\plani-app-back\.venv\Lib\site-packages\sqlalchemy\util\_concurrency_py3k.py", line 196, in greenlet_spawn
    value = await result
            ^^^^^^^^^^^^
  File "C:\Users\nmendoza\Documents\Visual_Works\Planificacion-Voluntarios\plani-app-back\plani-app-back\.venv\Lib\site-packages\sqlalchemy\dialects\postgresql\asyncpg.py", line 912, in _terminate_graceful_close
    await self._connection.close(timeout=2)
  File "C:\Users\nmendoza\Documents\Visual_Works\Planificacion-Voluntarios\plani-app-back\plani-app-back\.venv\Lib\site-packages\asyncpg\connection.py", line 1513, in close
    await self._protocol.close(timeout)
  File "asyncpg/protocol/protocol.pyx", line 617, in close
  File "asyncpg/protocol/protocol.pyx", line 650, in asyncpg.protocol.protocol.BaseProtocol._request_cancel
  File "C:\Users\nmendoza\Documents\Visual_Works\Planificacion-Voluntarios\plani-app-back\plani-app-back\.venv\Lib\site-packages\asyncpg\connection.py", line 1682, in _cancel_current_command
    self._cancellations.add(self._loop.create_task(self._cancel(waiter)))
                            ~~~~~~~~~~~~~~~~~~~~~~^^^^^^^^^^^^^^^^^^^^^^
  File "C:\Users\nmendoza\AppData\Local\Python\pythoncore-3.14-64\Lib\asyncio\base_events.py", line 466, in create_task
    self._check_closed()
    ~~~~~~~~~~~~~~~~~~^^
  File "C:\Users\nmendoza\AppData\Local\Python\pythoncore-3.14-64\Lib\asyncio\base_events.py", line 550, in _check_closed
    raise RuntimeError('Event loop is closed')
RuntimeError: Event loop is closed
______________________ test_listar_empresas_filter_tipo _______________________
..\..\..\..\..\AppData\Local\Python\pythoncore-3.14-64\Lib\asyncio\base_events.py:827: in call_soon
    self._check_closed()
..\..\..\..\..\AppData\Local\Python\pythoncore-3.14-64\Lib\asyncio\base_events.py:550: in _check_closed
    raise RuntimeError('Event loop is closed')
E   RuntimeError: Event loop is closed

During handling of the above exception, another exception occurred:
tests\test_empresas.py:36: in test_listar_empresas_filter_tipo
    response = await client.get("/api/empresas/", params={"tipo": "EF"})
               ^^^^^^^^^^^^^^^^^^^^^^^^^^^^^^^^^^^^^^^^^^^^^^^^^^^^^^^^^
.venv\Lib\site-packages\httpx\_client.py:1768: in get
    return await self.request(
.venv\Lib\site-packages\httpx\_client.py:1540: in request
    return await self.send(request, auth=auth, follow_redirects=follow_redirects)
           ^^^^^^^^^^^^^^^^^^^^^^^^^^^^^^^^^^^^^^^^^^^^^^^^^^^^^^^^^^^^^^^^^^^^^^
.venv\Lib\site-packages\httpx\_client.py:1629: in send
    response = await self._send_handling_auth(
.venv\Lib\site-packages\httpx\_client.py:1657: in _send_handling_auth
    response = await self._send_handling_redirects(
.venv\Lib\site-packages\httpx\_client.py:1694: in _send_handling_redirects
    response = await self._send_single_request(request)
               ^^^^^^^^^^^^^^^^^^^^^^^^^^^^^^^^^^^^^^^^
.venv\Lib\site-packages\httpx\_client.py:1730: in _send_single_request
    response = await transport.handle_async_request(request)
               ^^^^^^^^^^^^^^^^^^^^^^^^^^^^^^^^^^^^^^^^^^^^^
.venv\Lib\site-packages\httpx\_transports\asgi.py:170: in handle_async_request
    await self.app(scope, receive, send)
.venv\Lib\site-packages\fastapi\applications.py:1163: in __call__
    await super().__call__(scope, receive, send)
.venv\Lib\site-packages\starlette\applications.py:90: in __call__
    await self.middleware_stack(scope, receive, send)
.venv\Lib\site-packages\starlette\middleware\errors.py:186: in __call__
    raise exc
.venv\Lib\site-packages\starlette\middleware\errors.py:164: in __call__
    await self.app(scope, receive, _send)
.venv\Lib\site-packages\starlette\middleware\cors.py:88: in __call__
    await self.app(scope, receive, send)
.venv\Lib\site-packages\starlette\middleware\exceptions.py:63: in __call__
    await wrap_app_handling_exceptions(self.app, conn)(scope, receive, send)
.venv\Lib\site-packages\starlette\_exception_handler.py:53: in wrapped_app
    raise exc
.venv\Lib\site-packages\starlette\_exception_handler.py:42: in wrapped_app
    await app(scope, receive, sender)
.venv\Lib\site-packages\fastapi\middleware\asyncexitstack.py:18: in __call__
    await self.app(scope, receive, send)
.venv\Lib\site-packages\starlette\routing.py:660: in __call__
    await self.middleware_stack(scope, receive, send)
.venv\Lib\site-packages\starlette\routing.py:680: in app
    await route.handle(scope, receive, send)
.venv\Lib\site-packages\starlette\routing.py:276: in handle
    await self.app(scope, receive, send)
.venv\Lib\site-packages\fastapi\routing.py:134: in app
    await wrap_app_handling_exceptions(app, request)(scope, receive, send)
.venv\Lib\site-packages\starlette\_exception_handler.py:53: in wrapped_app
    raise exc
.venv\Lib\site-packages\starlette\_exception_handler.py:42: in wrapped_app
    await app(scope, receive, sender)
.venv\Lib\site-packages\fastapi\routing.py:120: in app
    response = await f(request)
               ^^^^^^^^^^^^^^^^
.venv\Lib\site-packages\fastapi\routing.py:674: in app
    raw_response = await run_endpoint_function(
.venv\Lib\site-packages\fastapi\routing.py:328: in run_endpoint_function
    return await dependant.call(**values)
           ^^^^^^^^^^^^^^^^^^^^^^^^^^^^^^
app\routers\empresas.py:120: in listar_empresas
    result = await db.execute(text(q), params)
             ^^^^^^^^^^^^^^^^^^^^^^^^^^^^^^^^^
.venv\Lib\site-packages\sqlalchemy\ext\asyncio\session.py:449: in execute
    result = await greenlet_spawn(
.venv\Lib\site-packages\sqlalchemy\util\_concurrency_py3k.py:201: in greenlet_spawn
    result = context.throw(*sys.exc_info())
             ^^^^^^^^^^^^^^^^^^^^^^^^^^^^^^
.venv\Lib\site-packages\sqlalchemy\orm\session.py:2351: in execute
    return self._execute_internal(
.venv\Lib\site-packages\sqlalchemy\orm\session.py:2239: in _execute_internal
    conn = self._connection_for_bind(bind)
           ^^^^^^^^^^^^^^^^^^^^^^^^^^^^^^^
.venv\Lib\site-packages\sqlalchemy\orm\session.py:2108: in _connection_for_bind
    return trans._connection_for_bind(engine, execution_options)
           ^^^^^^^^^^^^^^^^^^^^^^^^^^^^^^^^^^^^^^^^^^^^^^^^^^^^^
<string>:2: in _connection_for_bind
    ???
.venv\Lib\site-packages\sqlalchemy\orm\state_changes.py:137: in _go
    ret_value = fn(self, *arg, **kw)
                ^^^^^^^^^^^^^^^^^^^^
.venv\Lib\site-packages\sqlalchemy\orm\session.py:1187: in _connection_for_bind
    conn = bind.connect()
           ^^^^^^^^^^^^^^
.venv\Lib\site-packages\sqlalchemy\engine\base.py:3293: in connect
    return self._connection_cls(self)
           ^^^^^^^^^^^^^^^^^^^^^^^^^^
.venv\Lib\site-packages\sqlalchemy\engine\base.py:143: in __init__
    self._dbapi_connection = engine.raw_connection()
                             ^^^^^^^^^^^^^^^^^^^^^^^
.venv\Lib\site-packages\sqlalchemy\engine\base.py:3317: in raw_connection
    return self.pool.connect()
           ^^^^^^^^^^^^^^^^^^^
.venv\Lib\site-packages\sqlalchemy\pool\base.py:448: in connect
    return _ConnectionFairy._checkout(self)
           ^^^^^^^^^^^^^^^^^^^^^^^^^^^^^^^^
.venv\Lib\site-packages\sqlalchemy\pool\base.py:1371: in _checkout
    with util.safe_reraise():
         ^^^^^^^^^^^^^^^^^^^
.venv\Lib\site-packages\sqlalchemy\util\langhelpers.py:121: in __exit__
    raise exc_value.with_traceback(exc_tb)
.venv\Lib\site-packages\sqlalchemy\pool\base.py:1309: in _checkout
    result = pool._dialect._do_ping_w_event(
.venv\Lib\site-packages\sqlalchemy\engine\default.py:729: in _do_ping_w_event
    return self.do_ping(dbapi_connection)
           ^^^^^^^^^^^^^^^^^^^^^^^^^^^^^^
.venv\Lib\site-packages\sqlalchemy\dialects\postgresql\asyncpg.py:1160: in do_ping
    dbapi_connection.ping()
.venv\Lib\site-packages\sqlalchemy\dialects\postgresql\asyncpg.py:818: in ping
    self._handle_exception(error)
.venv\Lib\site-packages\sqlalchemy\dialects\postgresql\asyncpg.py:799: in _handle_exception
    raise error
.venv\Lib\site-packages\sqlalchemy\dialects\postgresql\asyncpg.py:816: in ping
    _ = self.await_(self._async_ping())
        ^^^^^^^^^^^^^^^^^^^^^^^^^^^^^^^
.venv\Lib\site-packages\sqlalchemy\util\_concurrency_py3k.py:132: in await_only
    return current.parent.switch(awaitable)  # type: ignore[no-any-return,attr-defined] # noqa: E501
           ^^^^^^^^^^^^^^^^^^^^^^^^^^^^^^^^
.venv\Lib\site-packages\sqlalchemy\util\_concurrency_py3k.py:196: in greenlet_spawn
    value = await result
            ^^^^^^^^^^^^
.venv\Lib\site-packages\sqlalchemy\dialects\postgresql\asyncpg.py:825: in _async_ping
    await tr.start()
.venv\Lib\site-packages\asyncpg\transaction.py:146: in start
    await self._connection.execute(query)
.venv\Lib\site-packages\asyncpg\connection.py:354: in execute
    result = await self._protocol.query(query, timeout)
             ^^^^^^^^^^^^^^^^^^^^^^^^^^^^^^^^^^^^^^^^^^
asyncpg/protocol/protocol.pyx:369: in query
    ???
asyncpg/protocol/protocol.pyx:362: in asyncpg.protocol.protocol.BaseProtocol.query
    ???
asyncpg/protocol/coreproto.pyx:1174: in asyncpg.protocol.protocol.CoreProtocol._simple_query
    ???
asyncpg/protocol/protocol.pyx:956: in asyncpg.protocol.protocol.BaseProtocol._write
    ???
..\..\..\..\..\AppData\Local\Python\pythoncore-3.14-64\Lib\asyncio\sslproto.py:222: in write
    self._ssl_protocol._write_appdata((data,))
..\..\..\..\..\AppData\Local\Python\pythoncore-3.14-64\Lib\asyncio\sslproto.py:700: in _write_appdata
    self._fatal_error(ex, 'Fatal error on SSL protocol')
..\..\..\..\..\AppData\Local\Python\pythoncore-3.14-64\Lib\asyncio\sslproto.py:918: in _fatal_error
    self._transport._force_close(exc)
..\..\..\..\..\AppData\Local\Python\pythoncore-3.14-64\Lib\asyncio\proactor_events.py:152: in _force_close
    self._loop.call_soon(self._call_connection_lost, exc)
..\..\..\..\..\AppData\Local\Python\pythoncore-3.14-64\Lib\asyncio\base_events.py:827: in call_soon
    self._check_closed()
..\..\..\..\..\AppData\Local\Python\pythoncore-3.14-64\Lib\asyncio\base_events.py:550: in _check_closed
    raise RuntimeError('Event loop is closed')
E   RuntimeError: Event loop is closed
------------------------------ Captured log call ------------------------------
ERROR    sqlalchemy.pool.impl.AsyncAdaptedQueuePool:base.py:377 Exception terminating connection <AdaptedConnection <asyncpg.connection.Connection object at 0x0000020EE156AB70>>
Traceback (most recent call last):
  File "C:\Users\nmendoza\Documents\Visual_Works\Planificacion-Voluntarios\plani-app-back\plani-app-back\.venv\Lib\site-packages\sqlalchemy\pool\base.py", line 373, in _close_connection
    self._dialect.do_terminate(connection)
    ~~~~~~~~~~~~~~~~~~~~~~~~~~^^^^^^^^^^^^
  File "C:\Users\nmendoza\Documents\Visual_Works\Planificacion-Voluntarios\plani-app-back\plani-app-back\.venv\Lib\site-packages\sqlalchemy\dialects\postgresql\asyncpg.py", line 1127, in do_terminate
    dbapi_connection.terminate()
    ~~~~~~~~~~~~~~~~~~~~~~~~~~^^
  File "C:\Users\nmendoza\Documents\Visual_Works\Planificacion-Voluntarios\plani-app-back\plani-app-back\.venv\Lib\site-packages\sqlalchemy\connectors\asyncio.py", line 402, in terminate
    self.await_(asyncio.shield(self._terminate_graceful_close()))  # type: ignore[attr-defined] # noqa: E501
    ~~~~~~~~~~~^^^^^^^^^^^^^^^^^^^^^^^^^^^^^^^^^^^^^^^^^^^^^^^^^^
  File "C:\Users\nmendoza\Documents\Visual_Works\Planificacion-Voluntarios\plani-app-back\plani-app-back\.venv\Lib\site-packages\sqlalchemy\util\_concurrency_py3k.py", line 132, in await_only
    return current.parent.switch(awaitable)  # type: ignore[no-any-return,attr-defined] # noqa: E501
           ~~~~~~~~~~~~~~~~~~~~~^^^^^^^^^^^
  File "C:\Users\nmendoza\Documents\Visual_Works\Planificacion-Voluntarios\plani-app-back\plani-app-back\.venv\Lib\site-packages\sqlalchemy\util\_concurrency_py3k.py", line 196, in greenlet_spawn
    value = await result
            ^^^^^^^^^^^^
  File "C:\Users\nmendoza\Documents\Visual_Works\Planificacion-Voluntarios\plani-app-back\plani-app-back\.venv\Lib\site-packages\sqlalchemy\dialects\postgresql\asyncpg.py", line 912, in _terminate_graceful_close
    await self._connection.close(timeout=2)
  File "C:\Users\nmendoza\Documents\Visual_Works\Planificacion-Voluntarios\plani-app-back\plani-app-back\.venv\Lib\site-packages\asyncpg\connection.py", line 1513, in close
    await self._protocol.close(timeout)
  File "asyncpg/protocol/protocol.pyx", line 617, in close
  File "asyncpg/protocol/protocol.pyx", line 650, in asyncpg.protocol.protocol.BaseProtocol._request_cancel
  File "C:\Users\nmendoza\Documents\Visual_Works\Planificacion-Voluntarios\plani-app-back\plani-app-back\.venv\Lib\site-packages\asyncpg\connection.py", line 1682, in _cancel_current_command
    self._cancellations.add(self._loop.create_task(self._cancel(waiter)))
                            ~~~~~~~~~~~~~~~~~~~~~~^^^^^^^^^^^^^^^^^^^^^^
  File "C:\Users\nmendoza\AppData\Local\Python\pythoncore-3.14-64\Lib\asyncio\base_events.py", line 466, in create_task
    self._check_closed()
    ~~~~~~~~~~~~~~~~~~^^
  File "C:\Users\nmendoza\AppData\Local\Python\pythoncore-3.14-64\Lib\asyncio\base_events.py", line 550, in _check_closed
    raise RuntimeError('Event loop is closed')
RuntimeError: Event loop is closed
____________________________ test_detalle_empresa _____________________________
..\..\..\..\..\AppData\Local\Python\pythoncore-3.14-64\Lib\asyncio\base_events.py:827: in call_soon
    self._check_closed()
..\..\..\..\..\AppData\Local\Python\pythoncore-3.14-64\Lib\asyncio\base_events.py:550: in _check_closed
    raise RuntimeError('Event loop is closed')
E   RuntimeError: Event loop is closed

During handling of the above exception, another exception occurred:
tests\test_empresas.py:48: in test_detalle_empresa
    list_response = await client.get("/api/empresas/", params={"activa": True})
                    ^^^^^^^^^^^^^^^^^^^^^^^^^^^^^^^^^^^^^^^^^^^^^^^^^^^^^^^^^^^
.venv\Lib\site-packages\httpx\_client.py:1768: in get
    return await self.request(
.venv\Lib\site-packages\httpx\_client.py:1540: in request
    return await self.send(request, auth=auth, follow_redirects=follow_redirects)
           ^^^^^^^^^^^^^^^^^^^^^^^^^^^^^^^^^^^^^^^^^^^^^^^^^^^^^^^^^^^^^^^^^^^^^^
.venv\Lib\site-packages\httpx\_client.py:1629: in send
    response = await self._send_handling_auth(
.venv\Lib\site-packages\httpx\_client.py:1657: in _send_handling_auth
    response = await self._send_handling_redirects(
.venv\Lib\site-packages\httpx\_client.py:1694: in _send_handling_redirects
    response = await self._send_single_request(request)
               ^^^^^^^^^^^^^^^^^^^^^^^^^^^^^^^^^^^^^^^^
.venv\Lib\site-packages\httpx\_client.py:1730: in _send_single_request
    response = await transport.handle_async_request(request)
               ^^^^^^^^^^^^^^^^^^^^^^^^^^^^^^^^^^^^^^^^^^^^^
.venv\Lib\site-packages\httpx\_transports\asgi.py:170: in handle_async_request
    await self.app(scope, receive, send)
.venv\Lib\site-packages\fastapi\applications.py:1163: in __call__
    await super().__call__(scope, receive, send)
.venv\Lib\site-packages\starlette\applications.py:90: in __call__
    await self.middleware_stack(scope, receive, send)
.venv\Lib\site-packages\starlette\middleware\errors.py:186: in __call__
    raise exc
.venv\Lib\site-packages\starlette\middleware\errors.py:164: in __call__
    await self.app(scope, receive, _send)
.venv\Lib\site-packages\starlette\middleware\cors.py:88: in __call__
    await self.app(scope, receive, send)
.venv\Lib\site-packages\starlette\middleware\exceptions.py:63: in __call__
    await wrap_app_handling_exceptions(self.app, conn)(scope, receive, send)
.venv\Lib\site-packages\starlette\_exception_handler.py:53: in wrapped_app
    raise exc
.venv\Lib\site-packages\starlette\_exception_handler.py:42: in wrapped_app
    await app(scope, receive, sender)
.venv\Lib\site-packages\fastapi\middleware\asyncexitstack.py:18: in __call__
    await self.app(scope, receive, send)
.venv\Lib\site-packages\starlette\routing.py:660: in __call__
    await self.middleware_stack(scope, receive, send)
.venv\Lib\site-packages\starlette\routing.py:680: in app
    await route.handle(scope, receive, send)
.venv\Lib\site-packages\starlette\routing.py:276: in handle
    await self.app(scope, receive, send)
.venv\Lib\site-packages\fastapi\routing.py:134: in app
    await wrap_app_handling_exceptions(app, request)(scope, receive, send)
.venv\Lib\site-packages\starlette\_exception_handler.py:53: in wrapped_app
    raise exc
.venv\Lib\site-packages\starlette\_exception_handler.py:42: in wrapped_app
    await app(scope, receive, sender)
.venv\Lib\site-packages\fastapi\routing.py:120: in app
    response = await f(request)
               ^^^^^^^^^^^^^^^^
.venv\Lib\site-packages\fastapi\routing.py:674: in app
    raw_response = await run_endpoint_function(
.venv\Lib\site-packages\fastapi\routing.py:328: in run_endpoint_function
    return await dependant.call(**values)
           ^^^^^^^^^^^^^^^^^^^^^^^^^^^^^^
app\routers\empresas.py:120: in listar_empresas
    result = await db.execute(text(q), params)
             ^^^^^^^^^^^^^^^^^^^^^^^^^^^^^^^^^
.venv\Lib\site-packages\sqlalchemy\ext\asyncio\session.py:449: in execute
    result = await greenlet_spawn(
.venv\Lib\site-packages\sqlalchemy\util\_concurrency_py3k.py:201: in greenlet_spawn
    result = context.throw(*sys.exc_info())
             ^^^^^^^^^^^^^^^^^^^^^^^^^^^^^^
.venv\Lib\site-packages\sqlalchemy\orm\session.py:2351: in execute
    return self._execute_internal(
.venv\Lib\site-packages\sqlalchemy\orm\session.py:2239: in _execute_internal
    conn = self._connection_for_bind(bind)
           ^^^^^^^^^^^^^^^^^^^^^^^^^^^^^^^
.venv\Lib\site-packages\sqlalchemy\orm\session.py:2108: in _connection_for_bind
    return trans._connection_for_bind(engine, execution_options)
           ^^^^^^^^^^^^^^^^^^^^^^^^^^^^^^^^^^^^^^^^^^^^^^^^^^^^^
<string>:2: in _connection_for_bind
    ???
.venv\Lib\site-packages\sqlalchemy\orm\state_changes.py:137: in _go
    ret_value = fn(self, *arg, **kw)
                ^^^^^^^^^^^^^^^^^^^^
.venv\Lib\site-packages\sqlalchemy\orm\session.py:1187: in _connection_for_bind
    conn = bind.connect()
           ^^^^^^^^^^^^^^
.venv\Lib\site-packages\sqlalchemy\engine\base.py:3293: in connect
    return self._connection_cls(self)
           ^^^^^^^^^^^^^^^^^^^^^^^^^^
.venv\Lib\site-packages\sqlalchemy\engine\base.py:143: in __init__
    self._dbapi_connection = engine.raw_connection()
                             ^^^^^^^^^^^^^^^^^^^^^^^
.venv\Lib\site-packages\sqlalchemy\engine\base.py:3317: in raw_connection
    return self.pool.connect()
           ^^^^^^^^^^^^^^^^^^^
.venv\Lib\site-packages\sqlalchemy\pool\base.py:448: in connect
    return _ConnectionFairy._checkout(self)
           ^^^^^^^^^^^^^^^^^^^^^^^^^^^^^^^^
.venv\Lib\site-packages\sqlalchemy\pool\base.py:1371: in _checkout
    with util.safe_reraise():
         ^^^^^^^^^^^^^^^^^^^
.venv\Lib\site-packages\sqlalchemy\util\langhelpers.py:121: in __exit__
    raise exc_value.with_traceback(exc_tb)
.venv\Lib\site-packages\sqlalchemy\pool\base.py:1309: in _checkout
    result = pool._dialect._do_ping_w_event(
.venv\Lib\site-packages\sqlalchemy\engine\default.py:729: in _do_ping_w_event
    return self.do_ping(dbapi_connection)
           ^^^^^^^^^^^^^^^^^^^^^^^^^^^^^^
.venv\Lib\site-packages\sqlalchemy\dialects\postgresql\asyncpg.py:1160: in do_ping
    dbapi_connection.ping()
.venv\Lib\site-packages\sqlalchemy\dialects\postgresql\asyncpg.py:818: in ping
    self._handle_exception(error)
.venv\Lib\site-packages\sqlalchemy\dialects\postgresql\asyncpg.py:799: in _handle_exception
    raise error
.venv\Lib\site-packages\sqlalchemy\dialects\postgresql\asyncpg.py:816: in ping
    _ = self.await_(self._async_ping())
        ^^^^^^^^^^^^^^^^^^^^^^^^^^^^^^^
.venv\Lib\site-packages\sqlalchemy\util\_concurrency_py3k.py:132: in await_only
    return current.parent.switch(awaitable)  # type: ignore[no-any-return,attr-defined] # noqa: E501
           ^^^^^^^^^^^^^^^^^^^^^^^^^^^^^^^^
.venv\Lib\site-packages\sqlalchemy\util\_concurrency_py3k.py:196: in greenlet_spawn
    value = await result
            ^^^^^^^^^^^^
.venv\Lib\site-packages\sqlalchemy\dialects\postgresql\asyncpg.py:825: in _async_ping
    await tr.start()
.venv\Lib\site-packages\asyncpg\transaction.py:146: in start
    await self._connection.execute(query)
.venv\Lib\site-packages\asyncpg\connection.py:354: in execute
    result = await self._protocol.query(query, timeout)
             ^^^^^^^^^^^^^^^^^^^^^^^^^^^^^^^^^^^^^^^^^^
asyncpg/protocol/protocol.pyx:369: in query
    ???
asyncpg/protocol/protocol.pyx:362: in asyncpg.protocol.protocol.BaseProtocol.query
    ???
asyncpg/protocol/coreproto.pyx:1174: in asyncpg.protocol.protocol.CoreProtocol._simple_query
    ???
asyncpg/protocol/protocol.pyx:956: in asyncpg.protocol.protocol.BaseProtocol._write
    ???
..\..\..\..\..\AppData\Local\Python\pythoncore-3.14-64\Lib\asyncio\sslproto.py:222: in write
    self._ssl_protocol._write_appdata((data,))
..\..\..\..\..\AppData\Local\Python\pythoncore-3.14-64\Lib\asyncio\sslproto.py:700: in _write_appdata
    self._fatal_error(ex, 'Fatal error on SSL protocol')
..\..\..\..\..\AppData\Local\Python\pythoncore-3.14-64\Lib\asyncio\sslproto.py:918: in _fatal_error
    self._transport._force_close(exc)
..\..\..\..\..\AppData\Local\Python\pythoncore-3.14-64\Lib\asyncio\proactor_events.py:152: in _force_close
    self._loop.call_soon(self._call_connection_lost, exc)
..\..\..\..\..\AppData\Local\Python\pythoncore-3.14-64\Lib\asyncio\base_events.py:827: in call_soon
    self._check_closed()
..\..\..\..\..\AppData\Local\Python\pythoncore-3.14-64\Lib\asyncio\base_events.py:550: in _check_closed
    raise RuntimeError('Event loop is closed')
E   RuntimeError: Event loop is closed
------------------------------ Captured log call ------------------------------
ERROR    sqlalchemy.pool.impl.AsyncAdaptedQueuePool:base.py:377 Exception terminating connection <AdaptedConnection <asyncpg.connection.Connection object at 0x0000020EE15696D0>>
Traceback (most recent call last):
  File "C:\Users\nmendoza\Documents\Visual_Works\Planificacion-Voluntarios\plani-app-back\plani-app-back\.venv\Lib\site-packages\sqlalchemy\pool\base.py", line 373, in _close_connection
    self._dialect.do_terminate(connection)
    ~~~~~~~~~~~~~~~~~~~~~~~~~~^^^^^^^^^^^^
  File "C:\Users\nmendoza\Documents\Visual_Works\Planificacion-Voluntarios\plani-app-back\plani-app-back\.venv\Lib\site-packages\sqlalchemy\dialects\postgresql\asyncpg.py", line 1127, in do_terminate
    dbapi_connection.terminate()
    ~~~~~~~~~~~~~~~~~~~~~~~~~~^^
  File "C:\Users\nmendoza\Documents\Visual_Works\Planificacion-Voluntarios\plani-app-back\plani-app-back\.venv\Lib\site-packages\sqlalchemy\connectors\asyncio.py", line 402, in terminate
    self.await_(asyncio.shield(self._terminate_graceful_close()))  # type: ignore[attr-defined] # noqa: E501
    ~~~~~~~~~~~^^^^^^^^^^^^^^^^^^^^^^^^^^^^^^^^^^^^^^^^^^^^^^^^^^
  File "C:\Users\nmendoza\Documents\Visual_Works\Planificacion-Voluntarios\plani-app-back\plani-app-back\.venv\Lib\site-packages\sqlalchemy\util\_concurrency_py3k.py", line 132, in await_only
    return current.parent.switch(awaitable)  # type: ignore[no-any-return,attr-defined] # noqa: E501
           ~~~~~~~~~~~~~~~~~~~~~^^^^^^^^^^^
  File "C:\Users\nmendoza\Documents\Visual_Works\Planificacion-Voluntarios\plani-app-back\plani-app-back\.venv\Lib\site-packages\sqlalchemy\util\_concurrency_py3k.py", line 196, in greenlet_spawn
    value = await result
            ^^^^^^^^^^^^
  File "C:\Users\nmendoza\Documents\Visual_Works\Planificacion-Voluntarios\plani-app-back\plani-app-back\.venv\Lib\site-packages\sqlalchemy\dialects\postgresql\asyncpg.py", line 912, in _terminate_graceful_close
    await self._connection.close(timeout=2)
  File "C:\Users\nmendoza\Documents\Visual_Works\Planificacion-Voluntarios\plani-app-back\plani-app-back\.venv\Lib\site-packages\asyncpg\connection.py", line 1513, in close
    await self._protocol.close(timeout)
  File "asyncpg/protocol/protocol.pyx", line 617, in close
  File "asyncpg/protocol/protocol.pyx", line 650, in asyncpg.protocol.protocol.BaseProtocol._request_cancel
  File "C:\Users\nmendoza\Documents\Visual_Works\Planificacion-Voluntarios\plani-app-back\plani-app-back\.venv\Lib\site-packages\asyncpg\connection.py", line 1682, in _cancel_current_command
    self._cancellations.add(self._loop.create_task(self._cancel(waiter)))
                            ~~~~~~~~~~~~~~~~~~~~~~^^^^^^^^^^^^^^^^^^^^^^
  File "C:\Users\nmendoza\AppData\Local\Python\pythoncore-3.14-64\Lib\asyncio\base_events.py", line 466, in create_task
    self._check_closed()
    ~~~~~~~~~~~~~~~~~~^^
  File "C:\Users\nmendoza\AppData\Local\Python\pythoncore-3.14-64\Lib\asyncio\base_events.py", line 550, in _check_closed
    raise RuntimeError('Event loop is closed')
RuntimeError: Event loop is closed
_______________________ test_detalle_empresa_not_found ________________________
..\..\..\..\..\AppData\Local\Python\pythoncore-3.14-64\Lib\asyncio\base_events.py:827: in call_soon
    self._check_closed()
..\..\..\..\..\AppData\Local\Python\pythoncore-3.14-64\Lib\asyncio\base_events.py:550: in _check_closed
    raise RuntimeError('Event loop is closed')
E   RuntimeError: Event loop is closed

During handling of the above exception, another exception occurred:
tests\test_empresas.py:67: in test_detalle_empresa_not_found
    response = await client.get("/api/empresas/999999")
               ^^^^^^^^^^^^^^^^^^^^^^^^^^^^^^^^^^^^^^^^
.venv\Lib\site-packages\httpx\_client.py:1768: in get
    return await self.request(
.venv\Lib\site-packages\httpx\_client.py:1540: in request
    return await self.send(request, auth=auth, follow_redirects=follow_redirects)
           ^^^^^^^^^^^^^^^^^^^^^^^^^^^^^^^^^^^^^^^^^^^^^^^^^^^^^^^^^^^^^^^^^^^^^^
.venv\Lib\site-packages\httpx\_client.py:1629: in send
    response = await self._send_handling_auth(
.venv\Lib\site-packages\httpx\_client.py:1657: in _send_handling_auth
    response = await self._send_handling_redirects(
.venv\Lib\site-packages\httpx\_client.py:1694: in _send_handling_redirects
    response = await self._send_single_request(request)
               ^^^^^^^^^^^^^^^^^^^^^^^^^^^^^^^^^^^^^^^^
.venv\Lib\site-packages\httpx\_client.py:1730: in _send_single_request
    response = await transport.handle_async_request(request)
               ^^^^^^^^^^^^^^^^^^^^^^^^^^^^^^^^^^^^^^^^^^^^^
.venv\Lib\site-packages\httpx\_transports\asgi.py:170: in handle_async_request
    await self.app(scope, receive, send)
.venv\Lib\site-packages\fastapi\applications.py:1163: in __call__
    await super().__call__(scope, receive, send)
.venv\Lib\site-packages\starlette\applications.py:90: in __call__
    await self.middleware_stack(scope, receive, send)
.venv\Lib\site-packages\starlette\middleware\errors.py:186: in __call__
    raise exc
.venv\Lib\site-packages\starlette\middleware\errors.py:164: in __call__
    await self.app(scope, receive, _send)
.venv\Lib\site-packages\starlette\middleware\cors.py:88: in __call__
    await self.app(scope, receive, send)
.venv\Lib\site-packages\starlette\middleware\exceptions.py:63: in __call__
    await wrap_app_handling_exceptions(self.app, conn)(scope, receive, send)
.venv\Lib\site-packages\starlette\_exception_handler.py:53: in wrapped_app
    raise exc
.venv\Lib\site-packages\starlette\_exception_handler.py:42: in wrapped_app
    await app(scope, receive, sender)
.venv\Lib\site-packages\fastapi\middleware\asyncexitstack.py:18: in __call__
    await self.app(scope, receive, send)
.venv\Lib\site-packages\starlette\routing.py:660: in __call__
    await self.middleware_stack(scope, receive, send)
.venv\Lib\site-packages\starlette\routing.py:680: in app
    await route.handle(scope, receive, send)
.venv\Lib\site-packages\starlette\routing.py:276: in handle
    await self.app(scope, receive, send)
.venv\Lib\site-packages\fastapi\routing.py:134: in app
    await wrap_app_handling_exceptions(app, request)(scope, receive, send)
.venv\Lib\site-packages\starlette\_exception_handler.py:53: in wrapped_app
    raise exc
.venv\Lib\site-packages\starlette\_exception_handler.py:42: in wrapped_app
    await app(scope, receive, sender)
.venv\Lib\site-packages\fastapi\routing.py:120: in app
    response = await f(request)
               ^^^^^^^^^^^^^^^^
.venv\Lib\site-packages\fastapi\routing.py:674: in app
    raw_response = await run_endpoint_function(
.venv\Lib\site-packages\fastapi\routing.py:328: in run_endpoint_function
    return await dependant.call(**values)
           ^^^^^^^^^^^^^^^^^^^^^^^^^^^^^^
app\routers\empresas.py:131: in detalle_empresa
    emp = await db.execute(
.venv\Lib\site-packages\sqlalchemy\ext\asyncio\session.py:449: in execute
    result = await greenlet_spawn(
.venv\Lib\site-packages\sqlalchemy\util\_concurrency_py3k.py:201: in greenlet_spawn
    result = context.throw(*sys.exc_info())
             ^^^^^^^^^^^^^^^^^^^^^^^^^^^^^^
.venv\Lib\site-packages\sqlalchemy\orm\session.py:2351: in execute
    return self._execute_internal(
.venv\Lib\site-packages\sqlalchemy\orm\session.py:2239: in _execute_internal
    conn = self._connection_for_bind(bind)
           ^^^^^^^^^^^^^^^^^^^^^^^^^^^^^^^
.venv\Lib\site-packages\sqlalchemy\orm\session.py:2108: in _connection_for_bind
    return trans._connection_for_bind(engine, execution_options)
           ^^^^^^^^^^^^^^^^^^^^^^^^^^^^^^^^^^^^^^^^^^^^^^^^^^^^^
<string>:2: in _connection_for_bind
    ???
.venv\Lib\site-packages\sqlalchemy\orm\state_changes.py:137: in _go
    ret_value = fn(self, *arg, **kw)
                ^^^^^^^^^^^^^^^^^^^^
.venv\Lib\site-packages\sqlalchemy\orm\session.py:1187: in _connection_for_bind
    conn = bind.connect()
           ^^^^^^^^^^^^^^
.venv\Lib\site-packages\sqlalchemy\engine\base.py:3293: in connect
    return self._connection_cls(self)
           ^^^^^^^^^^^^^^^^^^^^^^^^^^
.venv\Lib\site-packages\sqlalchemy\engine\base.py:143: in __init__
    self._dbapi_connection = engine.raw_connection()
                             ^^^^^^^^^^^^^^^^^^^^^^^
.venv\Lib\site-packages\sqlalchemy\engine\base.py:3317: in raw_connection
    return self.pool.connect()
           ^^^^^^^^^^^^^^^^^^^
.venv\Lib\site-packages\sqlalchemy\pool\base.py:448: in connect
    return _ConnectionFairy._checkout(self)
           ^^^^^^^^^^^^^^^^^^^^^^^^^^^^^^^^
.venv\Lib\site-packages\sqlalchemy\pool\base.py:1371: in _checkout
    with util.safe_reraise():
         ^^^^^^^^^^^^^^^^^^^
.venv\Lib\site-packages\sqlalchemy\util\langhelpers.py:121: in __exit__
    raise exc_value.with_traceback(exc_tb)
.venv\Lib\site-packages\sqlalchemy\pool\base.py:1309: in _checkout
    result = pool._dialect._do_ping_w_event(
.venv\Lib\site-packages\sqlalchemy\engine\default.py:729: in _do_ping_w_event
    return self.do_ping(dbapi_connection)
           ^^^^^^^^^^^^^^^^^^^^^^^^^^^^^^
.venv\Lib\site-packages\sqlalchemy\dialects\postgresql\asyncpg.py:1160: in do_ping
    dbapi_connection.ping()
.venv\Lib\site-packages\sqlalchemy\dialects\postgresql\asyncpg.py:818: in ping
    self._handle_exception(error)
.venv\Lib\site-packages\sqlalchemy\dialects\postgresql\asyncpg.py:799: in _handle_exception
    raise error
.venv\Lib\site-packages\sqlalchemy\dialects\postgresql\asyncpg.py:816: in ping
    _ = self.await_(self._async_ping())
        ^^^^^^^^^^^^^^^^^^^^^^^^^^^^^^^
.venv\Lib\site-packages\sqlalchemy\util\_concurrency_py3k.py:132: in await_only
    return current.parent.switch(awaitable)  # type: ignore[no-any-return,attr-defined] # noqa: E501
           ^^^^^^^^^^^^^^^^^^^^^^^^^^^^^^^^
.venv\Lib\site-packages\sqlalchemy\util\_concurrency_py3k.py:196: in greenlet_spawn
    value = await result
            ^^^^^^^^^^^^
.venv\Lib\site-packages\sqlalchemy\dialects\postgresql\asyncpg.py:825: in _async_ping
    await tr.start()
.venv\Lib\site-packages\asyncpg\transaction.py:146: in start
    await self._connection.execute(query)
.venv\Lib\site-packages\asyncpg\connection.py:354: in execute
    result = await self._protocol.query(query, timeout)
             ^^^^^^^^^^^^^^^^^^^^^^^^^^^^^^^^^^^^^^^^^^
asyncpg/protocol/protocol.pyx:369: in query
    ???
asyncpg/protocol/protocol.pyx:362: in asyncpg.protocol.protocol.BaseProtocol.query
    ???
asyncpg/protocol/coreproto.pyx:1174: in asyncpg.protocol.protocol.CoreProtocol._simple_query
    ???
asyncpg/protocol/protocol.pyx:956: in asyncpg.protocol.protocol.BaseProtocol._write
    ???
..\..\..\..\..\AppData\Local\Python\pythoncore-3.14-64\Lib\asyncio\sslproto.py:222: in write
    self._ssl_protocol._write_appdata((data,))
..\..\..\..\..\AppData\Local\Python\pythoncore-3.14-64\Lib\asyncio\sslproto.py:700: in _write_appdata
    self._fatal_error(ex, 'Fatal error on SSL protocol')
..\..\..\..\..\AppData\Local\Python\pythoncore-3.14-64\Lib\asyncio\sslproto.py:918: in _fatal_error
    self._transport._force_close(exc)
..\..\..\..\..\AppData\Local\Python\pythoncore-3.14-64\Lib\asyncio\proactor_events.py:152: in _force_close
    self._loop.call_soon(self._call_connection_lost, exc)
..\..\..\..\..\AppData\Local\Python\pythoncore-3.14-64\Lib\asyncio\base_events.py:827: in call_soon
    self._check_closed()
..\..\..\..\..\AppData\Local\Python\pythoncore-3.14-64\Lib\asyncio\base_events.py:550: in _check_closed
    raise RuntimeError('Event loop is closed')
E   RuntimeError: Event loop is closed
------------------------------ Captured log call ------------------------------
ERROR    sqlalchemy.pool.impl.AsyncAdaptedQueuePool:base.py:377 Exception terminating connection <AdaptedConnection <asyncpg.connection.Connection object at 0x0000020EE1533C50>>
Traceback (most recent call last):
  File "C:\Users\nmendoza\Documents\Visual_Works\Planificacion-Voluntarios\plani-app-back\plani-app-back\.venv\Lib\site-packages\sqlalchemy\pool\base.py", line 373, in _close_connection
    self._dialect.do_terminate(connection)
    ~~~~~~~~~~~~~~~~~~~~~~~~~~^^^^^^^^^^^^
  File "C:\Users\nmendoza\Documents\Visual_Works\Planificacion-Voluntarios\plani-app-back\plani-app-back\.venv\Lib\site-packages\sqlalchemy\dialects\postgresql\asyncpg.py", line 1127, in do_terminate
    dbapi_connection.terminate()
    ~~~~~~~~~~~~~~~~~~~~~~~~~~^^
  File "C:\Users\nmendoza\Documents\Visual_Works\Planificacion-Voluntarios\plani-app-back\plani-app-back\.venv\Lib\site-packages\sqlalchemy\connectors\asyncio.py", line 402, in terminate
    self.await_(asyncio.shield(self._terminate_graceful_close()))  # type: ignore[attr-defined] # noqa: E501
    ~~~~~~~~~~~^^^^^^^^^^^^^^^^^^^^^^^^^^^^^^^^^^^^^^^^^^^^^^^^^^
  File "C:\Users\nmendoza\Documents\Visual_Works\Planificacion-Voluntarios\plani-app-back\plani-app-back\.venv\Lib\site-packages\sqlalchemy\util\_concurrency_py3k.py", line 132, in await_only
    return current.parent.switch(awaitable)  # type: ignore[no-any-return,attr-defined] # noqa: E501
           ~~~~~~~~~~~~~~~~~~~~~^^^^^^^^^^^
  File "C:\Users\nmendoza\Documents\Visual_Works\Planificacion-Voluntarios\plani-app-back\plani-app-back\.venv\Lib\site-packages\sqlalchemy\util\_concurrency_py3k.py", line 196, in greenlet_spawn
    value = await result
            ^^^^^^^^^^^^
  File "C:\Users\nmendoza\Documents\Visual_Works\Planificacion-Voluntarios\plani-app-back\plani-app-back\.venv\Lib\site-packages\sqlalchemy\dialects\postgresql\asyncpg.py", line 912, in _terminate_graceful_close
    await self._connection.close(timeout=2)
  File "C:\Users\nmendoza\Documents\Visual_Works\Planificacion-Voluntarios\plani-app-back\plani-app-back\.venv\Lib\site-packages\asyncpg\connection.py", line 1513, in close
    await self._protocol.close(timeout)
  File "asyncpg/protocol/protocol.pyx", line 617, in close
  File "asyncpg/protocol/protocol.pyx", line 650, in asyncpg.protocol.protocol.BaseProtocol._request_cancel
  File "C:\Users\nmendoza\Documents\Visual_Works\Planificacion-Voluntarios\plani-app-back\plani-app-back\.venv\Lib\site-packages\asyncpg\connection.py", line 1682, in _cancel_current_command
    self._cancellations.add(self._loop.create_task(self._cancel(waiter)))
                            ~~~~~~~~~~~~~~~~~~~~~~^^^^^^^^^^^^^^^^^^^^^^
  File "C:\Users\nmendoza\AppData\Local\Python\pythoncore-3.14-64\Lib\asyncio\base_events.py", line 466, in create_task
    self._check_closed()
    ~~~~~~~~~~~~~~~~~~^^
  File "C:\Users\nmendoza\AppData\Local\Python\pythoncore-3.14-64\Lib\asyncio\base_events.py", line 550, in _check_closed
    raise RuntimeError('Event loop is closed')
RuntimeError: Event loop is closed
_____________________________ test_crear_empresa ______________________________
..\..\..\..\..\AppData\Local\Python\pythoncore-3.14-64\Lib\asyncio\base_events.py:827: in call_soon
    self._check_closed()
..\..\..\..\..\AppData\Local\Python\pythoncore-3.14-64\Lib\asyncio\base_events.py:550: in _check_closed
    raise RuntimeError('Event loop is closed')
E   RuntimeError: Event loop is closed

During handling of the above exception, another exception occurred:
tests\test_empresas.py:84: in test_crear_empresa
    response = await client.post("/api/empresas/", json=empresa_data)
               ^^^^^^^^^^^^^^^^^^^^^^^^^^^^^^^^^^^^^^^^^^^^^^^^^^^^^^
.venv\Lib\site-packages\httpx\_client.py:1859: in post
    return await self.request(
.venv\Lib\site-packages\httpx\_client.py:1540: in request
    return await self.send(request, auth=auth, follow_redirects=follow_redirects)
           ^^^^^^^^^^^^^^^^^^^^^^^^^^^^^^^^^^^^^^^^^^^^^^^^^^^^^^^^^^^^^^^^^^^^^^
.venv\Lib\site-packages\httpx\_client.py:1629: in send
    response = await self._send_handling_auth(
.venv\Lib\site-packages\httpx\_client.py:1657: in _send_handling_auth
    response = await self._send_handling_redirects(
.venv\Lib\site-packages\httpx\_client.py:1694: in _send_handling_redirects
    response = await self._send_single_request(request)
               ^^^^^^^^^^^^^^^^^^^^^^^^^^^^^^^^^^^^^^^^
.venv\Lib\site-packages\httpx\_client.py:1730: in _send_single_request
    response = await transport.handle_async_request(request)
               ^^^^^^^^^^^^^^^^^^^^^^^^^^^^^^^^^^^^^^^^^^^^^
.venv\Lib\site-packages\httpx\_transports\asgi.py:170: in handle_async_request
    await self.app(scope, receive, send)
.venv\Lib\site-packages\fastapi\applications.py:1163: in __call__
    await super().__call__(scope, receive, send)
.venv\Lib\site-packages\starlette\applications.py:90: in __call__
    await self.middleware_stack(scope, receive, send)
.venv\Lib\site-packages\starlette\middleware\errors.py:186: in __call__
    raise exc
.venv\Lib\site-packages\starlette\middleware\errors.py:164: in __call__
    await self.app(scope, receive, _send)
.venv\Lib\site-packages\starlette\middleware\cors.py:88: in __call__
    await self.app(scope, receive, send)
.venv\Lib\site-packages\starlette\middleware\exceptions.py:63: in __call__
    await wrap_app_handling_exceptions(self.app, conn)(scope, receive, send)
.venv\Lib\site-packages\starlette\_exception_handler.py:53: in wrapped_app
    raise exc
.venv\Lib\site-packages\starlette\_exception_handler.py:42: in wrapped_app
    await app(scope, receive, sender)
.venv\Lib\site-packages\fastapi\middleware\asyncexitstack.py:18: in __call__
    await self.app(scope, receive, send)
.venv\Lib\site-packages\starlette\routing.py:660: in __call__
    await self.middleware_stack(scope, receive, send)
.venv\Lib\site-packages\starlette\routing.py:680: in app
    await route.handle(scope, receive, send)
.venv\Lib\site-packages\starlette\routing.py:276: in handle
    await self.app(scope, receive, send)
.venv\Lib\site-packages\fastapi\routing.py:134: in app
    await wrap_app_handling_exceptions(app, request)(scope, receive, send)
.venv\Lib\site-packages\starlette\_exception_handler.py:53: in wrapped_app
    raise exc
.venv\Lib\site-packages\starlette\_exception_handler.py:42: in wrapped_app
    await app(scope, receive, sender)
.venv\Lib\site-packages\fastapi\routing.py:120: in app
    response = await f(request)
               ^^^^^^^^^^^^^^^^
.venv\Lib\site-packages\fastapi\routing.py:674: in app
    raw_response = await run_endpoint_function(
.venv\Lib\site-packages\fastapi\routing.py:328: in run_endpoint_function
    return await dependant.call(**values)
           ^^^^^^^^^^^^^^^^^^^^^^^^^^^^^^
app\routers\empresas.py:201: in crear_empresa
    dup = await db.execute(
.venv\Lib\site-packages\sqlalchemy\ext\asyncio\session.py:449: in execute
    result = await greenlet_spawn(
.venv\Lib\site-packages\sqlalchemy\util\_concurrency_py3k.py:201: in greenlet_spawn
    result = context.throw(*sys.exc_info())
             ^^^^^^^^^^^^^^^^^^^^^^^^^^^^^^
.venv\Lib\site-packages\sqlalchemy\orm\session.py:2351: in execute
    return self._execute_internal(
.venv\Lib\site-packages\sqlalchemy\orm\session.py:2239: in _execute_internal
    conn = self._connection_for_bind(bind)
           ^^^^^^^^^^^^^^^^^^^^^^^^^^^^^^^
.venv\Lib\site-packages\sqlalchemy\orm\session.py:2108: in _connection_for_bind
    return trans._connection_for_bind(engine, execution_options)
           ^^^^^^^^^^^^^^^^^^^^^^^^^^^^^^^^^^^^^^^^^^^^^^^^^^^^^
<string>:2: in _connection_for_bind
    ???
.venv\Lib\site-packages\sqlalchemy\orm\state_changes.py:137: in _go
    ret_value = fn(self, *arg, **kw)
                ^^^^^^^^^^^^^^^^^^^^
.venv\Lib\site-packages\sqlalchemy\orm\session.py:1187: in _connection_for_bind
    conn = bind.connect()
           ^^^^^^^^^^^^^^
.venv\Lib\site-packages\sqlalchemy\engine\base.py:3293: in connect
    return self._connection_cls(self)
           ^^^^^^^^^^^^^^^^^^^^^^^^^^
.venv\Lib\site-packages\sqlalchemy\engine\base.py:143: in __init__
    self._dbapi_connection = engine.raw_connection()
                             ^^^^^^^^^^^^^^^^^^^^^^^
.venv\Lib\site-packages\sqlalchemy\engine\base.py:3317: in raw_connection
    return self.pool.connect()
           ^^^^^^^^^^^^^^^^^^^
.venv\Lib\site-packages\sqlalchemy\pool\base.py:448: in connect
    return _ConnectionFairy._checkout(self)
           ^^^^^^^^^^^^^^^^^^^^^^^^^^^^^^^^
.venv\Lib\site-packages\sqlalchemy\pool\base.py:1371: in _checkout
    with util.safe_reraise():
         ^^^^^^^^^^^^^^^^^^^
.venv\Lib\site-packages\sqlalchemy\util\langhelpers.py:121: in __exit__
    raise exc_value.with_traceback(exc_tb)
.venv\Lib\site-packages\sqlalchemy\pool\base.py:1309: in _checkout
    result = pool._dialect._do_ping_w_event(
.venv\Lib\site-packages\sqlalchemy\engine\default.py:729: in _do_ping_w_event
    return self.do_ping(dbapi_connection)
           ^^^^^^^^^^^^^^^^^^^^^^^^^^^^^^
.venv\Lib\site-packages\sqlalchemy\dialects\postgresql\asyncpg.py:1160: in do_ping
    dbapi_connection.ping()
.venv\Lib\site-packages\sqlalchemy\dialects\postgresql\asyncpg.py:818: in ping
    self._handle_exception(error)
.venv\Lib\site-packages\sqlalchemy\dialects\postgresql\asyncpg.py:799: in _handle_exception
    raise error
.venv\Lib\site-packages\sqlalchemy\dialects\postgresql\asyncpg.py:816: in ping
    _ = self.await_(self._async_ping())
        ^^^^^^^^^^^^^^^^^^^^^^^^^^^^^^^
.venv\Lib\site-packages\sqlalchemy\util\_concurrency_py3k.py:132: in await_only
    return current.parent.switch(awaitable)  # type: ignore[no-any-return,attr-defined] # noqa: E501
           ^^^^^^^^^^^^^^^^^^^^^^^^^^^^^^^^
.venv\Lib\site-packages\sqlalchemy\util\_concurrency_py3k.py:196: in greenlet_spawn
    value = await result
            ^^^^^^^^^^^^
.venv\Lib\site-packages\sqlalchemy\dialects\postgresql\asyncpg.py:825: in _async_ping
    await tr.start()
.venv\Lib\site-packages\asyncpg\transaction.py:146: in start
    await self._connection.execute(query)
.venv\Lib\site-packages\asyncpg\connection.py:354: in execute
    result = await self._protocol.query(query, timeout)
             ^^^^^^^^^^^^^^^^^^^^^^^^^^^^^^^^^^^^^^^^^^
asyncpg/protocol/protocol.pyx:369: in query
    ???
asyncpg/protocol/protocol.pyx:362: in asyncpg.protocol.protocol.BaseProtocol.query
    ???
asyncpg/protocol/coreproto.pyx:1174: in asyncpg.protocol.protocol.CoreProtocol._simple_query
    ???
asyncpg/protocol/protocol.pyx:956: in asyncpg.protocol.protocol.BaseProtocol._write
    ???
..\..\..\..\..\AppData\Local\Python\pythoncore-3.14-64\Lib\asyncio\sslproto.py:222: in write
    self._ssl_protocol._write_appdata((data,))
..\..\..\..\..\AppData\Local\Python\pythoncore-3.14-64\Lib\asyncio\sslproto.py:700: in _write_appdata
    self._fatal_error(ex, 'Fatal error on SSL protocol')
..\..\..\..\..\AppData\Local\Python\pythoncore-3.14-64\Lib\asyncio\sslproto.py:918: in _fatal_error
    self._transport._force_close(exc)
..\..\..\..\..\AppData\Local\Python\pythoncore-3.14-64\Lib\asyncio\proactor_events.py:152: in _force_close
    self._loop.call_soon(self._call_connection_lost, exc)
..\..\..\..\..\AppData\Local\Python\pythoncore-3.14-64\Lib\asyncio\base_events.py:827: in call_soon
    self._check_closed()
..\..\..\..\..\AppData\Local\Python\pythoncore-3.14-64\Lib\asyncio\base_events.py:550: in _check_closed
    raise RuntimeError('Event loop is closed')
E   RuntimeError: Event loop is closed
------------------------------ Captured log call ------------------------------
ERROR    sqlalchemy.pool.impl.AsyncAdaptedQueuePool:base.py:377 Exception terminating connection <AdaptedConnection <asyncpg.connection.Connection object at 0x0000020EE15A5F40>>
Traceback (most recent call last):
  File "C:\Users\nmendoza\Documents\Visual_Works\Planificacion-Voluntarios\plani-app-back\plani-app-back\.venv\Lib\site-packages\sqlalchemy\pool\base.py", line 373, in _close_connection
    self._dialect.do_terminate(connection)
    ~~~~~~~~~~~~~~~~~~~~~~~~~~^^^^^^^^^^^^
  File "C:\Users\nmendoza\Documents\Visual_Works\Planificacion-Voluntarios\plani-app-back\plani-app-back\.venv\Lib\site-packages\sqlalchemy\dialects\postgresql\asyncpg.py", line 1127, in do_terminate
    dbapi_connection.terminate()
    ~~~~~~~~~~~~~~~~~~~~~~~~~~^^
  File "C:\Users\nmendoza\Documents\Visual_Works\Planificacion-Voluntarios\plani-app-back\plani-app-back\.venv\Lib\site-packages\sqlalchemy\connectors\asyncio.py", line 402, in terminate
    self.await_(asyncio.shield(self._terminate_graceful_close()))  # type: ignore[attr-defined] # noqa: E501
    ~~~~~~~~~~~^^^^^^^^^^^^^^^^^^^^^^^^^^^^^^^^^^^^^^^^^^^^^^^^^^
  File "C:\Users\nmendoza\Documents\Visual_Works\Planificacion-Voluntarios\plani-app-back\plani-app-back\.venv\Lib\site-packages\sqlalchemy\util\_concurrency_py3k.py", line 132, in await_only
    return current.parent.switch(awaitable)  # type: ignore[no-any-return,attr-defined] # noqa: E501
           ~~~~~~~~~~~~~~~~~~~~~^^^^^^^^^^^
  File "C:\Users\nmendoza\Documents\Visual_Works\Planificacion-Voluntarios\plani-app-back\plani-app-back\.venv\Lib\site-packages\sqlalchemy\util\_concurrency_py3k.py", line 196, in greenlet_spawn
    value = await result
            ^^^^^^^^^^^^
  File "C:\Users\nmendoza\Documents\Visual_Works\Planificacion-Voluntarios\plani-app-back\plani-app-back\.venv\Lib\site-packages\sqlalchemy\dialects\postgresql\asyncpg.py", line 912, in _terminate_graceful_close
    await self._connection.close(timeout=2)
  File "C:\Users\nmendoza\Documents\Visual_Works\Planificacion-Voluntarios\plani-app-back\plani-app-back\.venv\Lib\site-packages\asyncpg\connection.py", line 1513, in close
    await self._protocol.close(timeout)
  File "asyncpg/protocol/protocol.pyx", line 617, in close
  File "asyncpg/protocol/protocol.pyx", line 650, in asyncpg.protocol.protocol.BaseProtocol._request_cancel
  File "C:\Users\nmendoza\Documents\Visual_Works\Planificacion-Voluntarios\plani-app-back\plani-app-back\.venv\Lib\site-packages\asyncpg\connection.py", line 1682, in _cancel_current_command
    self._cancellations.add(self._loop.create_task(self._cancel(waiter)))
                            ~~~~~~~~~~~~~~~~~~~~~~^^^^^^^^^^^^^^^^^^^^^^
  File "C:\Users\nmendoza\AppData\Local\Python\pythoncore-3.14-64\Lib\asyncio\base_events.py", line 466, in create_task
    self._check_closed()
    ~~~~~~~~~~~~~~~~~~^^
  File "C:\Users\nmendoza\AppData\Local\Python\pythoncore-3.14-64\Lib\asyncio\base_events.py", line 550, in _check_closed
    raise RuntimeError('Event loop is closed')
RuntimeError: Event loop is closed
_____________________ test_crear_empresa_nombre_duplicado _____________________
..\..\..\..\..\AppData\Local\Python\pythoncore-3.14-64\Lib\asyncio\base_events.py:827: in call_soon
    self._check_closed()
..\..\..\..\..\AppData\Local\Python\pythoncore-3.14-64\Lib\asyncio\base_events.py:550: in _check_closed
    raise RuntimeError('Event loop is closed')
E   RuntimeError: Event loop is closed

During handling of the above exception, another exception occurred:
tests\test_empresas.py:103: in test_crear_empresa_nombre_duplicado
    response1 = await client.post("/api/empresas/", json=empresa_data)
                ^^^^^^^^^^^^^^^^^^^^^^^^^^^^^^^^^^^^^^^^^^^^^^^^^^^^^^
.venv\Lib\site-packages\httpx\_client.py:1859: in post
    return await self.request(
.venv\Lib\site-packages\httpx\_client.py:1540: in request
    return await self.send(request, auth=auth, follow_redirects=follow_redirects)
           ^^^^^^^^^^^^^^^^^^^^^^^^^^^^^^^^^^^^^^^^^^^^^^^^^^^^^^^^^^^^^^^^^^^^^^
.venv\Lib\site-packages\httpx\_client.py:1629: in send
    response = await self._send_handling_auth(
.venv\Lib\site-packages\httpx\_client.py:1657: in _send_handling_auth
    response = await self._send_handling_redirects(
.venv\Lib\site-packages\httpx\_client.py:1694: in _send_handling_redirects
    response = await self._send_single_request(request)
               ^^^^^^^^^^^^^^^^^^^^^^^^^^^^^^^^^^^^^^^^
.venv\Lib\site-packages\httpx\_client.py:1730: in _send_single_request
    response = await transport.handle_async_request(request)
               ^^^^^^^^^^^^^^^^^^^^^^^^^^^^^^^^^^^^^^^^^^^^^
.venv\Lib\site-packages\httpx\_transports\asgi.py:170: in handle_async_request
    await self.app(scope, receive, send)
.venv\Lib\site-packages\fastapi\applications.py:1163: in __call__
    await super().__call__(scope, receive, send)
.venv\Lib\site-packages\starlette\applications.py:90: in __call__
    await self.middleware_stack(scope, receive, send)
.venv\Lib\site-packages\starlette\middleware\errors.py:186: in __call__
    raise exc
.venv\Lib\site-packages\starlette\middleware\errors.py:164: in __call__
    await self.app(scope, receive, _send)
.venv\Lib\site-packages\starlette\middleware\cors.py:88: in __call__
    await self.app(scope, receive, send)
.venv\Lib\site-packages\starlette\middleware\exceptions.py:63: in __call__
    await wrap_app_handling_exceptions(self.app, conn)(scope, receive, send)
.venv\Lib\site-packages\starlette\_exception_handler.py:53: in wrapped_app
    raise exc
.venv\Lib\site-packages\starlette\_exception_handler.py:42: in wrapped_app
    await app(scope, receive, sender)
.venv\Lib\site-packages\fastapi\middleware\asyncexitstack.py:18: in __call__
    await self.app(scope, receive, send)
.venv\Lib\site-packages\starlette\routing.py:660: in __call__
    await self.middleware_stack(scope, receive, send)
.venv\Lib\site-packages\starlette\routing.py:680: in app
    await route.handle(scope, receive, send)
.venv\Lib\site-packages\starlette\routing.py:276: in handle
    await self.app(scope, receive, send)
.venv\Lib\site-packages\fastapi\routing.py:134: in app
    await wrap_app_handling_exceptions(app, request)(scope, receive, send)
.venv\Lib\site-packages\starlette\_exception_handler.py:53: in wrapped_app
    raise exc
.venv\Lib\site-packages\starlette\_exception_handler.py:42: in wrapped_app
    await app(scope, receive, sender)
.venv\Lib\site-packages\fastapi\routing.py:120: in app
    response = await f(request)
               ^^^^^^^^^^^^^^^^
.venv\Lib\site-packages\fastapi\routing.py:674: in app
    raw_response = await run_endpoint_function(
.venv\Lib\site-packages\fastapi\routing.py:328: in run_endpoint_function
    return await dependant.call(**values)
           ^^^^^^^^^^^^^^^^^^^^^^^^^^^^^^
app\routers\empresas.py:201: in crear_empresa
    dup = await db.execute(
.venv\Lib\site-packages\sqlalchemy\ext\asyncio\session.py:449: in execute
    result = await greenlet_spawn(
.venv\Lib\site-packages\sqlalchemy\util\_concurrency_py3k.py:201: in greenlet_spawn
    result = context.throw(*sys.exc_info())
             ^^^^^^^^^^^^^^^^^^^^^^^^^^^^^^
.venv\Lib\site-packages\sqlalchemy\orm\session.py:2351: in execute
    return self._execute_internal(
.venv\Lib\site-packages\sqlalchemy\orm\session.py:2239: in _execute_internal
    conn = self._connection_for_bind(bind)
           ^^^^^^^^^^^^^^^^^^^^^^^^^^^^^^^
.venv\Lib\site-packages\sqlalchemy\orm\session.py:2108: in _connection_for_bind
    return trans._connection_for_bind(engine, execution_options)
           ^^^^^^^^^^^^^^^^^^^^^^^^^^^^^^^^^^^^^^^^^^^^^^^^^^^^^
<string>:2: in _connection_for_bind
    ???
.venv\Lib\site-packages\sqlalchemy\orm\state_changes.py:137: in _go
    ret_value = fn(self, *arg, **kw)
                ^^^^^^^^^^^^^^^^^^^^
.venv\Lib\site-packages\sqlalchemy\orm\session.py:1187: in _connection_for_bind
    conn = bind.connect()
           ^^^^^^^^^^^^^^
.venv\Lib\site-packages\sqlalchemy\engine\base.py:3293: in connect
    return self._connection_cls(self)
           ^^^^^^^^^^^^^^^^^^^^^^^^^^
.venv\Lib\site-packages\sqlalchemy\engine\base.py:143: in __init__
    self._dbapi_connection = engine.raw_connection()
                             ^^^^^^^^^^^^^^^^^^^^^^^
.venv\Lib\site-packages\sqlalchemy\engine\base.py:3317: in raw_connection
    return self.pool.connect()
           ^^^^^^^^^^^^^^^^^^^
.venv\Lib\site-packages\sqlalchemy\pool\base.py:448: in connect
    return _ConnectionFairy._checkout(self)
           ^^^^^^^^^^^^^^^^^^^^^^^^^^^^^^^^
.venv\Lib\site-packages\sqlalchemy\pool\base.py:1371: in _checkout
    with util.safe_reraise():
         ^^^^^^^^^^^^^^^^^^^
.venv\Lib\site-packages\sqlalchemy\util\langhelpers.py:121: in __exit__
    raise exc_value.with_traceback(exc_tb)
.venv\Lib\site-packages\sqlalchemy\pool\base.py:1309: in _checkout
    result = pool._dialect._do_ping_w_event(
.venv\Lib\site-packages\sqlalchemy\engine\default.py:729: in _do_ping_w_event
    return self.do_ping(dbapi_connection)
           ^^^^^^^^^^^^^^^^^^^^^^^^^^^^^^
.venv\Lib\site-packages\sqlalchemy\dialects\postgresql\asyncpg.py:1160: in do_ping
    dbapi_connection.ping()
.venv\Lib\site-packages\sqlalchemy\dialects\postgresql\asyncpg.py:818: in ping
    self._handle_exception(error)
.venv\Lib\site-packages\sqlalchemy\dialects\postgresql\asyncpg.py:799: in _handle_exception
    raise error
.venv\Lib\site-packages\sqlalchemy\dialects\postgresql\asyncpg.py:816: in ping
    _ = self.await_(self._async_ping())
        ^^^^^^^^^^^^^^^^^^^^^^^^^^^^^^^
.venv\Lib\site-packages\sqlalchemy\util\_concurrency_py3k.py:132: in await_only
    return current.parent.switch(awaitable)  # type: ignore[no-any-return,attr-defined] # noqa: E501
           ^^^^^^^^^^^^^^^^^^^^^^^^^^^^^^^^
.venv\Lib\site-packages\sqlalchemy\util\_concurrency_py3k.py:196: in greenlet_spawn
    value = await result
            ^^^^^^^^^^^^
.venv\Lib\site-packages\sqlalchemy\dialects\postgresql\asyncpg.py:825: in _async_ping
    await tr.start()
.venv\Lib\site-packages\asyncpg\transaction.py:146: in start
    await self._connection.execute(query)
.venv\Lib\site-packages\asyncpg\connection.py:354: in execute
    result = await self._protocol.query(query, timeout)
             ^^^^^^^^^^^^^^^^^^^^^^^^^^^^^^^^^^^^^^^^^^
asyncpg/protocol/protocol.pyx:369: in query
    ???
asyncpg/protocol/protocol.pyx:362: in asyncpg.protocol.protocol.BaseProtocol.query
    ???
asyncpg/protocol/coreproto.pyx:1174: in asyncpg.protocol.protocol.CoreProtocol._simple_query
    ???
asyncpg/protocol/protocol.pyx:956: in asyncpg.protocol.protocol.BaseProtocol._write
    ???
..\..\..\..\..\AppData\Local\Python\pythoncore-3.14-64\Lib\asyncio\sslproto.py:222: in write
    self._ssl_protocol._write_appdata((data,))
..\..\..\..\..\AppData\Local\Python\pythoncore-3.14-64\Lib\asyncio\sslproto.py:700: in _write_appdata
    self._fatal_error(ex, 'Fatal error on SSL protocol')
..\..\..\..\..\AppData\Local\Python\pythoncore-3.14-64\Lib\asyncio\sslproto.py:918: in _fatal_error
    self._transport._force_close(exc)
..\..\..\..\..\AppData\Local\Python\pythoncore-3.14-64\Lib\asyncio\proactor_events.py:152: in _force_close
    self._loop.call_soon(self._call_connection_lost, exc)
..\..\..\..\..\AppData\Local\Python\pythoncore-3.14-64\Lib\asyncio\base_events.py:827: in call_soon
    self._check_closed()
..\..\..\..\..\AppData\Local\Python\pythoncore-3.14-64\Lib\asyncio\base_events.py:550: in _check_closed
    raise RuntimeError('Event loop is closed')
E   RuntimeError: Event loop is closed
------------------------------ Captured log call ------------------------------
ERROR    sqlalchemy.pool.impl.AsyncAdaptedQueuePool:base.py:377 Exception terminating connection <AdaptedConnection <asyncpg.connection.Connection object at 0x0000020EE15A72F0>>
Traceback (most recent call last):
  File "C:\Users\nmendoza\Documents\Visual_Works\Planificacion-Voluntarios\plani-app-back\plani-app-back\.venv\Lib\site-packages\sqlalchemy\pool\base.py", line 373, in _close_connection
    self._dialect.do_terminate(connection)
    ~~~~~~~~~~~~~~~~~~~~~~~~~~^^^^^^^^^^^^
  File "C:\Users\nmendoza\Documents\Visual_Works\Planificacion-Voluntarios\plani-app-back\plani-app-back\.venv\Lib\site-packages\sqlalchemy\dialects\postgresql\asyncpg.py", line 1127, in do_terminate
    dbapi_connection.terminate()
    ~~~~~~~~~~~~~~~~~~~~~~~~~~^^
  File "C:\Users\nmendoza\Documents\Visual_Works\Planificacion-Voluntarios\plani-app-back\plani-app-back\.venv\Lib\site-packages\sqlalchemy\connectors\asyncio.py", line 402, in terminate
    self.await_(asyncio.shield(self._terminate_graceful_close()))  # type: ignore[attr-defined] # noqa: E501
    ~~~~~~~~~~~^^^^^^^^^^^^^^^^^^^^^^^^^^^^^^^^^^^^^^^^^^^^^^^^^^
  File "C:\Users\nmendoza\Documents\Visual_Works\Planificacion-Voluntarios\plani-app-back\plani-app-back\.venv\Lib\site-packages\sqlalchemy\util\_concurrency_py3k.py", line 132, in await_only
    return current.parent.switch(awaitable)  # type: ignore[no-any-return,attr-defined] # noqa: E501
           ~~~~~~~~~~~~~~~~~~~~~^^^^^^^^^^^
  File "C:\Users\nmendoza\Documents\Visual_Works\Planificacion-Voluntarios\plani-app-back\plani-app-back\.venv\Lib\site-packages\sqlalchemy\util\_concurrency_py3k.py", line 196, in greenlet_spawn
    value = await result
            ^^^^^^^^^^^^
  File "C:\Users\nmendoza\Documents\Visual_Works\Planificacion-Voluntarios\plani-app-back\plani-app-back\.venv\Lib\site-packages\sqlalchemy\dialects\postgresql\asyncpg.py", line 912, in _terminate_graceful_close
    await self._connection.close(timeout=2)
  File "C:\Users\nmendoza\Documents\Visual_Works\Planificacion-Voluntarios\plani-app-back\plani-app-back\.venv\Lib\site-packages\asyncpg\connection.py", line 1513, in close
    await self._protocol.close(timeout)
  File "asyncpg/protocol/protocol.pyx", line 617, in close
  File "asyncpg/protocol/protocol.pyx", line 650, in asyncpg.protocol.protocol.BaseProtocol._request_cancel
  File "C:\Users\nmendoza\Documents\Visual_Works\Planificacion-Voluntarios\plani-app-back\plani-app-back\.venv\Lib\site-packages\asyncpg\connection.py", line 1682, in _cancel_current_command
    self._cancellations.add(self._loop.create_task(self._cancel(waiter)))
                            ~~~~~~~~~~~~~~~~~~~~~~^^^^^^^^^^^^^^^^^^^^^^
  File "C:\Users\nmendoza\AppData\Local\Python\pythoncore-3.14-64\Lib\asyncio\base_events.py", line 466, in create_task
    self._check_closed()
    ~~~~~~~~~~~~~~~~~~^^
  File "C:\Users\nmendoza\AppData\Local\Python\pythoncore-3.14-64\Lib\asyncio\base_events.py", line 550, in _check_closed
    raise RuntimeError('Event loop is closed')
RuntimeError: Event loop is closed
___________________________ test_actualizar_empresa ___________________________
..\..\..\..\..\AppData\Local\Python\pythoncore-3.14-64\Lib\asyncio\base_events.py:827: in call_soon
    self._check_closed()
..\..\..\..\..\AppData\Local\Python\pythoncore-3.14-64\Lib\asyncio\base_events.py:550: in _check_closed
    raise RuntimeError('Event loop is closed')
E   RuntimeError: Event loop is closed

During handling of the above exception, another exception occurred:
tests\test_empresas.py:117: in test_actualizar_empresa
    create_response = await client.post("/api/empresas/", json=create_data)
                      ^^^^^^^^^^^^^^^^^^^^^^^^^^^^^^^^^^^^^^^^^^^^^^^^^^^^^
.venv\Lib\site-packages\httpx\_client.py:1859: in post
    return await self.request(
.venv\Lib\site-packages\httpx\_client.py:1540: in request
    return await self.send(request, auth=auth, follow_redirects=follow_redirects)
           ^^^^^^^^^^^^^^^^^^^^^^^^^^^^^^^^^^^^^^^^^^^^^^^^^^^^^^^^^^^^^^^^^^^^^^
.venv\Lib\site-packages\httpx\_client.py:1629: in send
    response = await self._send_handling_auth(
.venv\Lib\site-packages\httpx\_client.py:1657: in _send_handling_auth
    response = await self._send_handling_redirects(
.venv\Lib\site-packages\httpx\_client.py:1694: in _send_handling_redirects
    response = await self._send_single_request(request)
               ^^^^^^^^^^^^^^^^^^^^^^^^^^^^^^^^^^^^^^^^
.venv\Lib\site-packages\httpx\_client.py:1730: in _send_single_request
    response = await transport.handle_async_request(request)
               ^^^^^^^^^^^^^^^^^^^^^^^^^^^^^^^^^^^^^^^^^^^^^
.venv\Lib\site-packages\httpx\_transports\asgi.py:170: in handle_async_request
    await self.app(scope, receive, send)
.venv\Lib\site-packages\fastapi\applications.py:1163: in __call__
    await super().__call__(scope, receive, send)
.venv\Lib\site-packages\starlette\applications.py:90: in __call__
    await self.middleware_stack(scope, receive, send)
.venv\Lib\site-packages\starlette\middleware\errors.py:186: in __call__
    raise exc
.venv\Lib\site-packages\starlette\middleware\errors.py:164: in __call__
    await self.app(scope, receive, _send)
.venv\Lib\site-packages\starlette\middleware\cors.py:88: in __call__
    await self.app(scope, receive, send)
.venv\Lib\site-packages\starlette\middleware\exceptions.py:63: in __call__
    await wrap_app_handling_exceptions(self.app, conn)(scope, receive, send)
.venv\Lib\site-packages\starlette\_exception_handler.py:53: in wrapped_app
    raise exc
.venv\Lib\site-packages\starlette\_exception_handler.py:42: in wrapped_app
    await app(scope, receive, sender)
.venv\Lib\site-packages\fastapi\middleware\asyncexitstack.py:18: in __call__
    await self.app(scope, receive, send)
.venv\Lib\site-packages\starlette\routing.py:660: in __call__
    await self.middleware_stack(scope, receive, send)
.venv\Lib\site-packages\starlette\routing.py:680: in app
    await route.handle(scope, receive, send)
.venv\Lib\site-packages\starlette\routing.py:276: in handle
    await self.app(scope, receive, send)
.venv\Lib\site-packages\fastapi\routing.py:134: in app
    await wrap_app_handling_exceptions(app, request)(scope, receive, send)
.venv\Lib\site-packages\starlette\_exception_handler.py:53: in wrapped_app
    raise exc
.venv\Lib\site-packages\starlette\_exception_handler.py:42: in wrapped_app
    await app(scope, receive, sender)
.venv\Lib\site-packages\fastapi\routing.py:120: in app
    response = await f(request)
               ^^^^^^^^^^^^^^^^
.venv\Lib\site-packages\fastapi\routing.py:674: in app
    raw_response = await run_endpoint_function(
.venv\Lib\site-packages\fastapi\routing.py:328: in run_endpoint_function
    return await dependant.call(**values)
           ^^^^^^^^^^^^^^^^^^^^^^^^^^^^^^
app\routers\empresas.py:201: in crear_empresa
    dup = await db.execute(
.venv\Lib\site-packages\sqlalchemy\ext\asyncio\session.py:449: in execute
    result = await greenlet_spawn(
.venv\Lib\site-packages\sqlalchemy\util\_concurrency_py3k.py:201: in greenlet_spawn
    result = context.throw(*sys.exc_info())
             ^^^^^^^^^^^^^^^^^^^^^^^^^^^^^^
.venv\Lib\site-packages\sqlalchemy\orm\session.py:2351: in execute
    return self._execute_internal(
.venv\Lib\site-packages\sqlalchemy\orm\session.py:2239: in _execute_internal
    conn = self._connection_for_bind(bind)
           ^^^^^^^^^^^^^^^^^^^^^^^^^^^^^^^
.venv\Lib\site-packages\sqlalchemy\orm\session.py:2108: in _connection_for_bind
    return trans._connection_for_bind(engine, execution_options)
           ^^^^^^^^^^^^^^^^^^^^^^^^^^^^^^^^^^^^^^^^^^^^^^^^^^^^^
<string>:2: in _connection_for_bind
    ???
.venv\Lib\site-packages\sqlalchemy\orm\state_changes.py:137: in _go
    ret_value = fn(self, *arg, **kw)
                ^^^^^^^^^^^^^^^^^^^^
.venv\Lib\site-packages\sqlalchemy\orm\session.py:1187: in _connection_for_bind
    conn = bind.connect()
           ^^^^^^^^^^^^^^
.venv\Lib\site-packages\sqlalchemy\engine\base.py:3293: in connect
    return self._connection_cls(self)
           ^^^^^^^^^^^^^^^^^^^^^^^^^^
.venv\Lib\site-packages\sqlalchemy\engine\base.py:143: in __init__
    self._dbapi_connection = engine.raw_connection()
                             ^^^^^^^^^^^^^^^^^^^^^^^
.venv\Lib\site-packages\sqlalchemy\engine\base.py:3317: in raw_connection
    return self.pool.connect()
           ^^^^^^^^^^^^^^^^^^^
.venv\Lib\site-packages\sqlalchemy\pool\base.py:448: in connect
    return _ConnectionFairy._checkout(self)
           ^^^^^^^^^^^^^^^^^^^^^^^^^^^^^^^^
.venv\Lib\site-packages\sqlalchemy\pool\base.py:1371: in _checkout
    with util.safe_reraise():
         ^^^^^^^^^^^^^^^^^^^
.venv\Lib\site-packages\sqlalchemy\util\langhelpers.py:121: in __exit__
    raise exc_value.with_traceback(exc_tb)
.venv\Lib\site-packages\sqlalchemy\pool\base.py:1309: in _checkout
    result = pool._dialect._do_ping_w_event(
.venv\Lib\site-packages\sqlalchemy\engine\default.py:729: in _do_ping_w_event
    return self.do_ping(dbapi_connection)
           ^^^^^^^^^^^^^^^^^^^^^^^^^^^^^^
.venv\Lib\site-packages\sqlalchemy\dialects\postgresql\asyncpg.py:1160: in do_ping
    dbapi_connection.ping()
.venv\Lib\site-packages\sqlalchemy\dialects\postgresql\asyncpg.py:818: in ping
    self._handle_exception(error)
.venv\Lib\site-packages\sqlalchemy\dialects\postgresql\asyncpg.py:799: in _handle_exception
    raise error
.venv\Lib\site-packages\sqlalchemy\dialects\postgresql\asyncpg.py:816: in ping
    _ = self.await_(self._async_ping())
        ^^^^^^^^^^^^^^^^^^^^^^^^^^^^^^^
.venv\Lib\site-packages\sqlalchemy\util\_concurrency_py3k.py:132: in await_only
    return current.parent.switch(awaitable)  # type: ignore[no-any-return,attr-defined] # noqa: E501
           ^^^^^^^^^^^^^^^^^^^^^^^^^^^^^^^^
.venv\Lib\site-packages\sqlalchemy\util\_concurrency_py3k.py:196: in greenlet_spawn
    value = await result
            ^^^^^^^^^^^^
.venv\Lib\site-packages\sqlalchemy\dialects\postgresql\asyncpg.py:825: in _async_ping
    await tr.start()
.venv\Lib\site-packages\asyncpg\transaction.py:146: in start
    await self._connection.execute(query)
.venv\Lib\site-packages\asyncpg\connection.py:354: in execute
    result = await self._protocol.query(query, timeout)
             ^^^^^^^^^^^^^^^^^^^^^^^^^^^^^^^^^^^^^^^^^^
asyncpg/protocol/protocol.pyx:369: in query
    ???
asyncpg/protocol/protocol.pyx:362: in asyncpg.protocol.protocol.BaseProtocol.query
    ???
asyncpg/protocol/coreproto.pyx:1174: in asyncpg.protocol.protocol.CoreProtocol._simple_query
    ???
asyncpg/protocol/protocol.pyx:956: in asyncpg.protocol.protocol.BaseProtocol._write
    ???
..\..\..\..\..\AppData\Local\Python\pythoncore-3.14-64\Lib\asyncio\sslproto.py:222: in write
    self._ssl_protocol._write_appdata((data,))
..\..\..\..\..\AppData\Local\Python\pythoncore-3.14-64\Lib\asyncio\sslproto.py:700: in _write_appdata
    self._fatal_error(ex, 'Fatal error on SSL protocol')
..\..\..\..\..\AppData\Local\Python\pythoncore-3.14-64\Lib\asyncio\sslproto.py:918: in _fatal_error
    self._transport._force_close(exc)
..\..\..\..\..\AppData\Local\Python\pythoncore-3.14-64\Lib\asyncio\proactor_events.py:152: in _force_close
    self._loop.call_soon(self._call_connection_lost, exc)
..\..\..\..\..\AppData\Local\Python\pythoncore-3.14-64\Lib\asyncio\base_events.py:827: in call_soon
    self._check_closed()
..\..\..\..\..\AppData\Local\Python\pythoncore-3.14-64\Lib\asyncio\base_events.py:550: in _check_closed
    raise RuntimeError('Event loop is closed')
E   RuntimeError: Event loop is closed
------------------------------ Captured log call ------------------------------
ERROR    sqlalchemy.pool.impl.AsyncAdaptedQueuePool:base.py:377 Exception terminating connection <AdaptedConnection <asyncpg.connection.Connection object at 0x0000020EE1592120>>
Traceback (most recent call last):
  File "C:\Users\nmendoza\Documents\Visual_Works\Planificacion-Voluntarios\plani-app-back\plani-app-back\.venv\Lib\site-packages\sqlalchemy\pool\base.py", line 373, in _close_connection
    self._dialect.do_terminate(connection)
    ~~~~~~~~~~~~~~~~~~~~~~~~~~^^^^^^^^^^^^
  File "C:\Users\nmendoza\Documents\Visual_Works\Planificacion-Voluntarios\plani-app-back\plani-app-back\.venv\Lib\site-packages\sqlalchemy\dialects\postgresql\asyncpg.py", line 1127, in do_terminate
    dbapi_connection.terminate()
    ~~~~~~~~~~~~~~~~~~~~~~~~~~^^
  File "C:\Users\nmendoza\Documents\Visual_Works\Planificacion-Voluntarios\plani-app-back\plani-app-back\.venv\Lib\site-packages\sqlalchemy\connectors\asyncio.py", line 402, in terminate
    self.await_(asyncio.shield(self._terminate_graceful_close()))  # type: ignore[attr-defined] # noqa: E501
    ~~~~~~~~~~~^^^^^^^^^^^^^^^^^^^^^^^^^^^^^^^^^^^^^^^^^^^^^^^^^^
  File "C:\Users\nmendoza\Documents\Visual_Works\Planificacion-Voluntarios\plani-app-back\plani-app-back\.venv\Lib\site-packages\sqlalchemy\util\_concurrency_py3k.py", line 132, in await_only
    return current.parent.switch(awaitable)  # type: ignore[no-any-return,attr-defined] # noqa: E501
           ~~~~~~~~~~~~~~~~~~~~~^^^^^^^^^^^
  File "C:\Users\nmendoza\Documents\Visual_Works\Planificacion-Voluntarios\plani-app-back\plani-app-back\.venv\Lib\site-packages\sqlalchemy\util\_concurrency_py3k.py", line 196, in greenlet_spawn
    value = await result
            ^^^^^^^^^^^^
  File "C:\Users\nmendoza\Documents\Visual_Works\Planificacion-Voluntarios\plani-app-back\plani-app-back\.venv\Lib\site-packages\sqlalchemy\dialects\postgresql\asyncpg.py", line 912, in _terminate_graceful_close
    await self._connection.close(timeout=2)
  File "C:\Users\nmendoza\Documents\Visual_Works\Planificacion-Voluntarios\plani-app-back\plani-app-back\.venv\Lib\site-packages\asyncpg\connection.py", line 1513, in close
    await self._protocol.close(timeout)
  File "asyncpg/protocol/protocol.pyx", line 617, in close
  File "asyncpg/protocol/protocol.pyx", line 650, in asyncpg.protocol.protocol.BaseProtocol._request_cancel
  File "C:\Users\nmendoza\Documents\Visual_Works\Planificacion-Voluntarios\plani-app-back\plani-app-back\.venv\Lib\site-packages\asyncpg\connection.py", line 1682, in _cancel_current_command
    self._cancellations.add(self._loop.create_task(self._cancel(waiter)))
                            ~~~~~~~~~~~~~~~~~~~~~~^^^^^^^^^^^^^^^^^^^^^^
  File "C:\Users\nmendoza\AppData\Local\Python\pythoncore-3.14-64\Lib\asyncio\base_events.py", line 466, in create_task
    self._check_closed()
    ~~~~~~~~~~~~~~~~~~^^
  File "C:\Users\nmendoza\AppData\Local\Python\pythoncore-3.14-64\Lib\asyncio\base_events.py", line 550, in _check_closed
    raise RuntimeError('Event loop is closed')
RuntimeError: Event loop is closed
_____________________________ test_toggle_empresa _____________________________
..\..\..\..\..\AppData\Local\Python\pythoncore-3.14-64\Lib\asyncio\base_events.py:827: in call_soon
    self._check_closed()
..\..\..\..\..\AppData\Local\Python\pythoncore-3.14-64\Lib\asyncio\base_events.py:550: in _check_closed
    raise RuntimeError('Event loop is closed')
E   RuntimeError: Event loop is closed

During handling of the above exception, another exception occurred:
tests\test_empresas.py:135: in test_toggle_empresa
    create_response = await client.post("/api/empresas/", json=create_data)
                      ^^^^^^^^^^^^^^^^^^^^^^^^^^^^^^^^^^^^^^^^^^^^^^^^^^^^^
.venv\Lib\site-packages\httpx\_client.py:1859: in post
    return await self.request(
.venv\Lib\site-packages\httpx\_client.py:1540: in request
    return await self.send(request, auth=auth, follow_redirects=follow_redirects)
           ^^^^^^^^^^^^^^^^^^^^^^^^^^^^^^^^^^^^^^^^^^^^^^^^^^^^^^^^^^^^^^^^^^^^^^
.venv\Lib\site-packages\httpx\_client.py:1629: in send
    response = await self._send_handling_auth(
.venv\Lib\site-packages\httpx\_client.py:1657: in _send_handling_auth
    response = await self._send_handling_redirects(
.venv\Lib\site-packages\httpx\_client.py:1694: in _send_handling_redirects
    response = await self._send_single_request(request)
               ^^^^^^^^^^^^^^^^^^^^^^^^^^^^^^^^^^^^^^^^
.venv\Lib\site-packages\httpx\_client.py:1730: in _send_single_request
    response = await transport.handle_async_request(request)
               ^^^^^^^^^^^^^^^^^^^^^^^^^^^^^^^^^^^^^^^^^^^^^
.venv\Lib\site-packages\httpx\_transports\asgi.py:170: in handle_async_request
    await self.app(scope, receive, send)
.venv\Lib\site-packages\fastapi\applications.py:1163: in __call__
    await super().__call__(scope, receive, send)
.venv\Lib\site-packages\starlette\applications.py:90: in __call__
    await self.middleware_stack(scope, receive, send)
.venv\Lib\site-packages\starlette\middleware\errors.py:186: in __call__
    raise exc
.venv\Lib\site-packages\starlette\middleware\errors.py:164: in __call__
    await self.app(scope, receive, _send)
.venv\Lib\site-packages\starlette\middleware\cors.py:88: in __call__
    await self.app(scope, receive, send)
.venv\Lib\site-packages\starlette\middleware\exceptions.py:63: in __call__
    await wrap_app_handling_exceptions(self.app, conn)(scope, receive, send)
.venv\Lib\site-packages\starlette\_exception_handler.py:53: in wrapped_app
    raise exc
.venv\Lib\site-packages\starlette\_exception_handler.py:42: in wrapped_app
    await app(scope, receive, sender)
.venv\Lib\site-packages\fastapi\middleware\asyncexitstack.py:18: in __call__
    await self.app(scope, receive, send)
.venv\Lib\site-packages\starlette\routing.py:660: in __call__
    await self.middleware_stack(scope, receive, send)
.venv\Lib\site-packages\starlette\routing.py:680: in app
    await route.handle(scope, receive, send)
.venv\Lib\site-packages\starlette\routing.py:276: in handle
    await self.app(scope, receive, send)
.venv\Lib\site-packages\fastapi\routing.py:134: in app
    await wrap_app_handling_exceptions(app, request)(scope, receive, send)
.venv\Lib\site-packages\starlette\_exception_handler.py:53: in wrapped_app
    raise exc
.venv\Lib\site-packages\starlette\_exception_handler.py:42: in wrapped_app
    await app(scope, receive, sender)
.venv\Lib\site-packages\fastapi\routing.py:120: in app
    response = await f(request)
               ^^^^^^^^^^^^^^^^
.venv\Lib\site-packages\fastapi\routing.py:674: in app
    raw_response = await run_endpoint_function(
.venv\Lib\site-packages\fastapi\routing.py:328: in run_endpoint_function
    return await dependant.call(**values)
           ^^^^^^^^^^^^^^^^^^^^^^^^^^^^^^
app\routers\empresas.py:201: in crear_empresa
    dup = await db.execute(
.venv\Lib\site-packages\sqlalchemy\ext\asyncio\session.py:449: in execute
    result = await greenlet_spawn(
.venv\Lib\site-packages\sqlalchemy\util\_concurrency_py3k.py:201: in greenlet_spawn
    result = context.throw(*sys.exc_info())
             ^^^^^^^^^^^^^^^^^^^^^^^^^^^^^^
.venv\Lib\site-packages\sqlalchemy\orm\session.py:2351: in execute
    return self._execute_internal(
.venv\Lib\site-packages\sqlalchemy\orm\session.py:2239: in _execute_internal
    conn = self._connection_for_bind(bind)
           ^^^^^^^^^^^^^^^^^^^^^^^^^^^^^^^
.venv\Lib\site-packages\sqlalchemy\orm\session.py:2108: in _connection_for_bind
    return trans._connection_for_bind(engine, execution_options)
           ^^^^^^^^^^^^^^^^^^^^^^^^^^^^^^^^^^^^^^^^^^^^^^^^^^^^^
<string>:2: in _connection_for_bind
    ???
.venv\Lib\site-packages\sqlalchemy\orm\state_changes.py:137: in _go
    ret_value = fn(self, *arg, **kw)
                ^^^^^^^^^^^^^^^^^^^^
.venv\Lib\site-packages\sqlalchemy\orm\session.py:1187: in _connection_for_bind
    conn = bind.connect()
           ^^^^^^^^^^^^^^
.venv\Lib\site-packages\sqlalchemy\engine\base.py:3293: in connect
    return self._connection_cls(self)
           ^^^^^^^^^^^^^^^^^^^^^^^^^^
.venv\Lib\site-packages\sqlalchemy\engine\base.py:143: in __init__
    self._dbapi_connection = engine.raw_connection()
                             ^^^^^^^^^^^^^^^^^^^^^^^
.venv\Lib\site-packages\sqlalchemy\engine\base.py:3317: in raw_connection
    return self.pool.connect()
           ^^^^^^^^^^^^^^^^^^^
.venv\Lib\site-packages\sqlalchemy\pool\base.py:448: in connect
    return _ConnectionFairy._checkout(self)
           ^^^^^^^^^^^^^^^^^^^^^^^^^^^^^^^^
.venv\Lib\site-packages\sqlalchemy\pool\base.py:1371: in _checkout
    with util.safe_reraise():
         ^^^^^^^^^^^^^^^^^^^
.venv\Lib\site-packages\sqlalchemy\util\langhelpers.py:121: in __exit__
    raise exc_value.with_traceback(exc_tb)
.venv\Lib\site-packages\sqlalchemy\pool\base.py:1309: in _checkout
    result = pool._dialect._do_ping_w_event(
.venv\Lib\site-packages\sqlalchemy\engine\default.py:729: in _do_ping_w_event
    return self.do_ping(dbapi_connection)
           ^^^^^^^^^^^^^^^^^^^^^^^^^^^^^^
.venv\Lib\site-packages\sqlalchemy\dialects\postgresql\asyncpg.py:1160: in do_ping
    dbapi_connection.ping()
.venv\Lib\site-packages\sqlalchemy\dialects\postgresql\asyncpg.py:818: in ping
    self._handle_exception(error)
.venv\Lib\site-packages\sqlalchemy\dialects\postgresql\asyncpg.py:799: in _handle_exception
    raise error
.venv\Lib\site-packages\sqlalchemy\dialects\postgresql\asyncpg.py:816: in ping
    _ = self.await_(self._async_ping())
        ^^^^^^^^^^^^^^^^^^^^^^^^^^^^^^^
.venv\Lib\site-packages\sqlalchemy\util\_concurrency_py3k.py:132: in await_only
    return current.parent.switch(awaitable)  # type: ignore[no-any-return,attr-defined] # noqa: E501
           ^^^^^^^^^^^^^^^^^^^^^^^^^^^^^^^^
.venv\Lib\site-packages\sqlalchemy\util\_concurrency_py3k.py:196: in greenlet_spawn
    value = await result
            ^^^^^^^^^^^^
.venv\Lib\site-packages\sqlalchemy\dialects\postgresql\asyncpg.py:825: in _async_ping
    await tr.start()
.venv\Lib\site-packages\asyncpg\transaction.py:146: in start
    await self._connection.execute(query)
.venv\Lib\site-packages\asyncpg\connection.py:354: in execute
    result = await self._protocol.query(query, timeout)
             ^^^^^^^^^^^^^^^^^^^^^^^^^^^^^^^^^^^^^^^^^^
asyncpg/protocol/protocol.pyx:369: in query
    ???
asyncpg/protocol/protocol.pyx:362: in asyncpg.protocol.protocol.BaseProtocol.query
    ???
asyncpg/protocol/coreproto.pyx:1174: in asyncpg.protocol.protocol.CoreProtocol._simple_query
    ???
asyncpg/protocol/protocol.pyx:956: in asyncpg.protocol.protocol.BaseProtocol._write
    ???
..\..\..\..\..\AppData\Local\Python\pythoncore-3.14-64\Lib\asyncio\sslproto.py:222: in write
    self._ssl_protocol._write_appdata((data,))
..\..\..\..\..\AppData\Local\Python\pythoncore-3.14-64\Lib\asyncio\sslproto.py:700: in _write_appdata
    self._fatal_error(ex, 'Fatal error on SSL protocol')
..\..\..\..\..\AppData\Local\Python\pythoncore-3.14-64\Lib\asyncio\sslproto.py:918: in _fatal_error
    self._transport._force_close(exc)
..\..\..\..\..\AppData\Local\Python\pythoncore-3.14-64\Lib\asyncio\proactor_events.py:152: in _force_close
    self._loop.call_soon(self._call_connection_lost, exc)
..\..\..\..\..\AppData\Local\Python\pythoncore-3.14-64\Lib\asyncio\base_events.py:827: in call_soon
    self._check_closed()
..\..\..\..\..\AppData\Local\Python\pythoncore-3.14-64\Lib\asyncio\base_events.py:550: in _check_closed
    raise RuntimeError('Event loop is closed')
E   RuntimeError: Event loop is closed
------------------------------ Captured log call ------------------------------
ERROR    sqlalchemy.pool.impl.AsyncAdaptedQueuePool:base.py:377 Exception terminating connection <AdaptedConnection <asyncpg.connection.Connection object at 0x0000020EE15686E0>>
Traceback (most recent call last):
  File "C:\Users\nmendoza\Documents\Visual_Works\Planificacion-Voluntarios\plani-app-back\plani-app-back\.venv\Lib\site-packages\sqlalchemy\pool\base.py", line 373, in _close_connection
    self._dialect.do_terminate(connection)
    ~~~~~~~~~~~~~~~~~~~~~~~~~~^^^^^^^^^^^^
  File "C:\Users\nmendoza\Documents\Visual_Works\Planificacion-Voluntarios\plani-app-back\plani-app-back\.venv\Lib\site-packages\sqlalchemy\dialects\postgresql\asyncpg.py", line 1127, in do_terminate
    dbapi_connection.terminate()
    ~~~~~~~~~~~~~~~~~~~~~~~~~~^^
  File "C:\Users\nmendoza\Documents\Visual_Works\Planificacion-Voluntarios\plani-app-back\plani-app-back\.venv\Lib\site-packages\sqlalchemy\connectors\asyncio.py", line 402, in terminate
    self.await_(asyncio.shield(self._terminate_graceful_close()))  # type: ignore[attr-defined] # noqa: E501
    ~~~~~~~~~~~^^^^^^^^^^^^^^^^^^^^^^^^^^^^^^^^^^^^^^^^^^^^^^^^^^
  File "C:\Users\nmendoza\Documents\Visual_Works\Planificacion-Voluntarios\plani-app-back\plani-app-back\.venv\Lib\site-packages\sqlalchemy\util\_concurrency_py3k.py", line 132, in await_only
    return current.parent.switch(awaitable)  # type: ignore[no-any-return,attr-defined] # noqa: E501
           ~~~~~~~~~~~~~~~~~~~~~^^^^^^^^^^^
  File "C:\Users\nmendoza\Documents\Visual_Works\Planificacion-Voluntarios\plani-app-back\plani-app-back\.venv\Lib\site-packages\sqlalchemy\util\_concurrency_py3k.py", line 196, in greenlet_spawn
    value = await result
            ^^^^^^^^^^^^
  File "C:\Users\nmendoza\Documents\Visual_Works\Planificacion-Voluntarios\plani-app-back\plani-app-back\.venv\Lib\site-packages\sqlalchemy\dialects\postgresql\asyncpg.py", line 912, in _terminate_graceful_close
    await self._connection.close(timeout=2)
  File "C:\Users\nmendoza\Documents\Visual_Works\Planificacion-Voluntarios\plani-app-back\plani-app-back\.venv\Lib\site-packages\asyncpg\connection.py", line 1513, in close
    await self._protocol.close(timeout)
  File "asyncpg/protocol/protocol.pyx", line 617, in close
  File "asyncpg/protocol/protocol.pyx", line 650, in asyncpg.protocol.protocol.BaseProtocol._request_cancel
  File "C:\Users\nmendoza\Documents\Visual_Works\Planificacion-Voluntarios\plani-app-back\plani-app-back\.venv\Lib\site-packages\asyncpg\connection.py", line 1682, in _cancel_current_command
    self._cancellations.add(self._loop.create_task(self._cancel(waiter)))
                            ~~~~~~~~~~~~~~~~~~~~~~^^^^^^^^^^^^^^^^^^^^^^
  File "C:\Users\nmendoza\AppData\Local\Python\pythoncore-3.14-64\Lib\asyncio\base_events.py", line 466, in create_task
    self._check_closed()
    ~~~~~~~~~~~~~~~~~~^^
  File "C:\Users\nmendoza\AppData\Local\Python\pythoncore-3.14-64\Lib\asyncio\base_events.py", line 550, in _check_closed
    raise RuntimeError('Event loop is closed')
RuntimeError: Event loop is closed
_________________________ test_obtener_festivos_year __________________________
..\..\..\..\..\AppData\Local\Python\pythoncore-3.14-64\Lib\asyncio\base_events.py:827: in call_soon
    self._check_closed()
..\..\..\..\..\AppData\Local\Python\pythoncore-3.14-64\Lib\asyncio\base_events.py:550: in _check_closed
    raise RuntimeError('Event loop is closed')
E   RuntimeError: Event loop is closed

During handling of the above exception, another exception occurred:
tests\test_festivos.py:12: in test_obtener_festivos_year
    response = await client.get("/api/importar/festivos/2026")
               ^^^^^^^^^^^^^^^^^^^^^^^^^^^^^^^^^^^^^^^^^^^^^^^
.venv\Lib\site-packages\httpx\_client.py:1768: in get
    return await self.request(
.venv\Lib\site-packages\httpx\_client.py:1540: in request
    return await self.send(request, auth=auth, follow_redirects=follow_redirects)
           ^^^^^^^^^^^^^^^^^^^^^^^^^^^^^^^^^^^^^^^^^^^^^^^^^^^^^^^^^^^^^^^^^^^^^^
.venv\Lib\site-packages\httpx\_client.py:1629: in send
    response = await self._send_handling_auth(
.venv\Lib\site-packages\httpx\_client.py:1657: in _send_handling_auth
    response = await self._send_handling_redirects(
.venv\Lib\site-packages\httpx\_client.py:1694: in _send_handling_redirects
    response = await self._send_single_request(request)
               ^^^^^^^^^^^^^^^^^^^^^^^^^^^^^^^^^^^^^^^^
.venv\Lib\site-packages\httpx\_client.py:1730: in _send_single_request
    response = await transport.handle_async_request(request)
               ^^^^^^^^^^^^^^^^^^^^^^^^^^^^^^^^^^^^^^^^^^^^^
.venv\Lib\site-packages\httpx\_transports\asgi.py:170: in handle_async_request
    await self.app(scope, receive, send)
.venv\Lib\site-packages\fastapi\applications.py:1163: in __call__
    await super().__call__(scope, receive, send)
.venv\Lib\site-packages\starlette\applications.py:90: in __call__
    await self.middleware_stack(scope, receive, send)
.venv\Lib\site-packages\starlette\middleware\errors.py:186: in __call__
    raise exc
.venv\Lib\site-packages\starlette\middleware\errors.py:164: in __call__
    await self.app(scope, receive, _send)
.venv\Lib\site-packages\starlette\middleware\cors.py:88: in __call__
    await self.app(scope, receive, send)
.venv\Lib\site-packages\starlette\middleware\exceptions.py:63: in __call__
    await wrap_app_handling_exceptions(self.app, conn)(scope, receive, send)
.venv\Lib\site-packages\starlette\_exception_handler.py:53: in wrapped_app
    raise exc
.venv\Lib\site-packages\starlette\_exception_handler.py:42: in wrapped_app
    await app(scope, receive, sender)
.venv\Lib\site-packages\fastapi\middleware\asyncexitstack.py:18: in __call__
    await self.app(scope, receive, send)
.venv\Lib\site-packages\starlette\routing.py:660: in __call__
    await self.middleware_stack(scope, receive, send)
.venv\Lib\site-packages\starlette\routing.py:680: in app
    await route.handle(scope, receive, send)
.venv\Lib\site-packages\starlette\routing.py:276: in handle
    await self.app(scope, receive, send)
.venv\Lib\site-packages\fastapi\routing.py:134: in app
    await wrap_app_handling_exceptions(app, request)(scope, receive, send)
.venv\Lib\site-packages\starlette\_exception_handler.py:53: in wrapped_app
    raise exc
.venv\Lib\site-packages\starlette\_exception_handler.py:42: in wrapped_app
    await app(scope, receive, sender)
.venv\Lib\site-packages\fastapi\routing.py:120: in app
    response = await f(request)
               ^^^^^^^^^^^^^^^^
.venv\Lib\site-packages\fastapi\routing.py:674: in app
    raw_response = await run_endpoint_function(
.venv\Lib\site-packages\fastapi\routing.py:328: in run_endpoint_function
    return await dependant.call(**values)
           ^^^^^^^^^^^^^^^^^^^^^^^^^^^^^^
app\routers\importar.py:1316: in obtener_festivos
    result = await db.execute(
.venv\Lib\site-packages\sqlalchemy\ext\asyncio\session.py:449: in execute
    result = await greenlet_spawn(
.venv\Lib\site-packages\sqlalchemy\util\_concurrency_py3k.py:201: in greenlet_spawn
    result = context.throw(*sys.exc_info())
             ^^^^^^^^^^^^^^^^^^^^^^^^^^^^^^
.venv\Lib\site-packages\sqlalchemy\orm\session.py:2351: in execute
    return self._execute_internal(
.venv\Lib\site-packages\sqlalchemy\orm\session.py:2239: in _execute_internal
    conn = self._connection_for_bind(bind)
           ^^^^^^^^^^^^^^^^^^^^^^^^^^^^^^^
.venv\Lib\site-packages\sqlalchemy\orm\session.py:2108: in _connection_for_bind
    return trans._connection_for_bind(engine, execution_options)
           ^^^^^^^^^^^^^^^^^^^^^^^^^^^^^^^^^^^^^^^^^^^^^^^^^^^^^
<string>:2: in _connection_for_bind
    ???
.venv\Lib\site-packages\sqlalchemy\orm\state_changes.py:137: in _go
    ret_value = fn(self, *arg, **kw)
                ^^^^^^^^^^^^^^^^^^^^
.venv\Lib\site-packages\sqlalchemy\orm\session.py:1187: in _connection_for_bind
    conn = bind.connect()
           ^^^^^^^^^^^^^^
.venv\Lib\site-packages\sqlalchemy\engine\base.py:3293: in connect
    return self._connection_cls(self)
           ^^^^^^^^^^^^^^^^^^^^^^^^^^
.venv\Lib\site-packages\sqlalchemy\engine\base.py:143: in __init__
    self._dbapi_connection = engine.raw_connection()
                             ^^^^^^^^^^^^^^^^^^^^^^^
.venv\Lib\site-packages\sqlalchemy\engine\base.py:3317: in raw_connection
    return self.pool.connect()
           ^^^^^^^^^^^^^^^^^^^
.venv\Lib\site-packages\sqlalchemy\pool\base.py:448: in connect
    return _ConnectionFairy._checkout(self)
           ^^^^^^^^^^^^^^^^^^^^^^^^^^^^^^^^
.venv\Lib\site-packages\sqlalchemy\pool\base.py:1371: in _checkout
    with util.safe_reraise():
         ^^^^^^^^^^^^^^^^^^^
.venv\Lib\site-packages\sqlalchemy\util\langhelpers.py:121: in __exit__
    raise exc_value.with_traceback(exc_tb)
.venv\Lib\site-packages\sqlalchemy\pool\base.py:1309: in _checkout
    result = pool._dialect._do_ping_w_event(
.venv\Lib\site-packages\sqlalchemy\engine\default.py:729: in _do_ping_w_event
    return self.do_ping(dbapi_connection)
           ^^^^^^^^^^^^^^^^^^^^^^^^^^^^^^
.venv\Lib\site-packages\sqlalchemy\dialects\postgresql\asyncpg.py:1160: in do_ping
    dbapi_connection.ping()
.venv\Lib\site-packages\sqlalchemy\dialects\postgresql\asyncpg.py:818: in ping
    self._handle_exception(error)
.venv\Lib\site-packages\sqlalchemy\dialects\postgresql\asyncpg.py:799: in _handle_exception
    raise error
.venv\Lib\site-packages\sqlalchemy\dialects\postgresql\asyncpg.py:816: in ping
    _ = self.await_(self._async_ping())
        ^^^^^^^^^^^^^^^^^^^^^^^^^^^^^^^
.venv\Lib\site-packages\sqlalchemy\util\_concurrency_py3k.py:132: in await_only
    return current.parent.switch(awaitable)  # type: ignore[no-any-return,attr-defined] # noqa: E501
           ^^^^^^^^^^^^^^^^^^^^^^^^^^^^^^^^
.venv\Lib\site-packages\sqlalchemy\util\_concurrency_py3k.py:196: in greenlet_spawn
    value = await result
            ^^^^^^^^^^^^
.venv\Lib\site-packages\sqlalchemy\dialects\postgresql\asyncpg.py:825: in _async_ping
    await tr.start()
.venv\Lib\site-packages\asyncpg\transaction.py:146: in start
    await self._connection.execute(query)
.venv\Lib\site-packages\asyncpg\connection.py:354: in execute
    result = await self._protocol.query(query, timeout)
             ^^^^^^^^^^^^^^^^^^^^^^^^^^^^^^^^^^^^^^^^^^
asyncpg/protocol/protocol.pyx:369: in query
    ???
asyncpg/protocol/protocol.pyx:362: in asyncpg.protocol.protocol.BaseProtocol.query
    ???
asyncpg/protocol/coreproto.pyx:1174: in asyncpg.protocol.protocol.CoreProtocol._simple_query
    ???
asyncpg/protocol/protocol.pyx:956: in asyncpg.protocol.protocol.BaseProtocol._write
    ???
..\..\..\..\..\AppData\Local\Python\pythoncore-3.14-64\Lib\asyncio\sslproto.py:222: in write
    self._ssl_protocol._write_appdata((data,))
..\..\..\..\..\AppData\Local\Python\pythoncore-3.14-64\Lib\asyncio\sslproto.py:700: in _write_appdata
    self._fatal_error(ex, 'Fatal error on SSL protocol')
..\..\..\..\..\AppData\Local\Python\pythoncore-3.14-64\Lib\asyncio\sslproto.py:918: in _fatal_error
    self._transport._force_close(exc)
..\..\..\..\..\AppData\Local\Python\pythoncore-3.14-64\Lib\asyncio\proactor_events.py:152: in _force_close
    self._loop.call_soon(self._call_connection_lost, exc)
..\..\..\..\..\AppData\Local\Python\pythoncore-3.14-64\Lib\asyncio\base_events.py:827: in call_soon
    self._check_closed()
..\..\..\..\..\AppData\Local\Python\pythoncore-3.14-64\Lib\asyncio\base_events.py:550: in _check_closed
    raise RuntimeError('Event loop is closed')
E   RuntimeError: Event loop is closed
------------------------------ Captured log call ------------------------------
ERROR    sqlalchemy.pool.impl.AsyncAdaptedQueuePool:base.py:377 Exception terminating connection <AdaptedConnection <asyncpg.connection.Connection object at 0x0000020EE156B3E0>>
Traceback (most recent call last):
  File "C:\Users\nmendoza\Documents\Visual_Works\Planificacion-Voluntarios\plani-app-back\plani-app-back\.venv\Lib\site-packages\sqlalchemy\pool\base.py", line 373, in _close_connection
    self._dialect.do_terminate(connection)
    ~~~~~~~~~~~~~~~~~~~~~~~~~~^^^^^^^^^^^^
  File "C:\Users\nmendoza\Documents\Visual_Works\Planificacion-Voluntarios\plani-app-back\plani-app-back\.venv\Lib\site-packages\sqlalchemy\dialects\postgresql\asyncpg.py", line 1127, in do_terminate
    dbapi_connection.terminate()
    ~~~~~~~~~~~~~~~~~~~~~~~~~~^^
  File "C:\Users\nmendoza\Documents\Visual_Works\Planificacion-Voluntarios\plani-app-back\plani-app-back\.venv\Lib\site-packages\sqlalchemy\connectors\asyncio.py", line 402, in terminate
    self.await_(asyncio.shield(self._terminate_graceful_close()))  # type: ignore[attr-defined] # noqa: E501
    ~~~~~~~~~~~^^^^^^^^^^^^^^^^^^^^^^^^^^^^^^^^^^^^^^^^^^^^^^^^^^
  File "C:\Users\nmendoza\Documents\Visual_Works\Planificacion-Voluntarios\plani-app-back\plani-app-back\.venv\Lib\site-packages\sqlalchemy\util\_concurrency_py3k.py", line 132, in await_only
    return current.parent.switch(awaitable)  # type: ignore[no-any-return,attr-defined] # noqa: E501
           ~~~~~~~~~~~~~~~~~~~~~^^^^^^^^^^^
  File "C:\Users\nmendoza\Documents\Visual_Works\Planificacion-Voluntarios\plani-app-back\plani-app-back\.venv\Lib\site-packages\sqlalchemy\util\_concurrency_py3k.py", line 196, in greenlet_spawn
    value = await result
            ^^^^^^^^^^^^
  File "C:\Users\nmendoza\Documents\Visual_Works\Planificacion-Voluntarios\plani-app-back\plani-app-back\.venv\Lib\site-packages\sqlalchemy\dialects\postgresql\asyncpg.py", line 912, in _terminate_graceful_close
    await self._connection.close(timeout=2)
  File "C:\Users\nmendoza\Documents\Visual_Works\Planificacion-Voluntarios\plani-app-back\plani-app-back\.venv\Lib\site-packages\asyncpg\connection.py", line 1513, in close
    await self._protocol.close(timeout)
  File "asyncpg/protocol/protocol.pyx", line 617, in close
  File "asyncpg/protocol/protocol.pyx", line 650, in asyncpg.protocol.protocol.BaseProtocol._request_cancel
  File "C:\Users\nmendoza\Documents\Visual_Works\Planificacion-Voluntarios\plani-app-back\plani-app-back\.venv\Lib\site-packages\asyncpg\connection.py", line 1682, in _cancel_current_command
    self._cancellations.add(self._loop.create_task(self._cancel(waiter)))
                            ~~~~~~~~~~~~~~~~~~~~~~^^^^^^^^^^^^^^^^^^^^^^
  File "C:\Users\nmendoza\AppData\Local\Python\pythoncore-3.14-64\Lib\asyncio\base_events.py", line 466, in create_task
    self._check_closed()
    ~~~~~~~~~~~~~~~~~~^^
  File "C:\Users\nmendoza\AppData\Local\Python\pythoncore-3.14-64\Lib\asyncio\base_events.py", line 550, in _check_closed
    raise RuntimeError('Event loop is closed')
RuntimeError: Event loop is closed
_____________________ test_festivos_have_required_fields ______________________
..\..\..\..\..\AppData\Local\Python\pythoncore-3.14-64\Lib\asyncio\base_events.py:827: in call_soon
    self._check_closed()
..\..\..\..\..\AppData\Local\Python\pythoncore-3.14-64\Lib\asyncio\base_events.py:550: in _check_closed
    raise RuntimeError('Event loop is closed')
E   RuntimeError: Event loop is closed

During handling of the above exception, another exception occurred:
tests\test_festivos.py:26: in test_festivos_have_required_fields
    response = await client.get("/api/importar/festivos/2026")
               ^^^^^^^^^^^^^^^^^^^^^^^^^^^^^^^^^^^^^^^^^^^^^^^
.venv\Lib\site-packages\httpx\_client.py:1768: in get
    return await self.request(
.venv\Lib\site-packages\httpx\_client.py:1540: in request
    return await self.send(request, auth=auth, follow_redirects=follow_redirects)
           ^^^^^^^^^^^^^^^^^^^^^^^^^^^^^^^^^^^^^^^^^^^^^^^^^^^^^^^^^^^^^^^^^^^^^^
.venv\Lib\site-packages\httpx\_client.py:1629: in send
    response = await self._send_handling_auth(
.venv\Lib\site-packages\httpx\_client.py:1657: in _send_handling_auth
    response = await self._send_handling_redirects(
.venv\Lib\site-packages\httpx\_client.py:1694: in _send_handling_redirects
    response = await self._send_single_request(request)
               ^^^^^^^^^^^^^^^^^^^^^^^^^^^^^^^^^^^^^^^^
.venv\Lib\site-packages\httpx\_client.py:1730: in _send_single_request
    response = await transport.handle_async_request(request)
               ^^^^^^^^^^^^^^^^^^^^^^^^^^^^^^^^^^^^^^^^^^^^^
.venv\Lib\site-packages\httpx\_transports\asgi.py:170: in handle_async_request
    await self.app(scope, receive, send)
.venv\Lib\site-packages\fastapi\applications.py:1163: in __call__
    await super().__call__(scope, receive, send)
.venv\Lib\site-packages\starlette\applications.py:90: in __call__
    await self.middleware_stack(scope, receive, send)
.venv\Lib\site-packages\starlette\middleware\errors.py:186: in __call__
    raise exc
.venv\Lib\site-packages\starlette\middleware\errors.py:164: in __call__
    await self.app(scope, receive, _send)
.venv\Lib\site-packages\starlette\middleware\cors.py:88: in __call__
    await self.app(scope, receive, send)
.venv\Lib\site-packages\starlette\middleware\exceptions.py:63: in __call__
    await wrap_app_handling_exceptions(self.app, conn)(scope, receive, send)
.venv\Lib\site-packages\starlette\_exception_handler.py:53: in wrapped_app
    raise exc
.venv\Lib\site-packages\starlette\_exception_handler.py:42: in wrapped_app
    await app(scope, receive, sender)
.venv\Lib\site-packages\fastapi\middleware\asyncexitstack.py:18: in __call__
    await self.app(scope, receive, send)
.venv\Lib\site-packages\starlette\routing.py:660: in __call__
    await self.middleware_stack(scope, receive, send)
.venv\Lib\site-packages\starlette\routing.py:680: in app
    await route.handle(scope, receive, send)
.venv\Lib\site-packages\starlette\routing.py:276: in handle
    await self.app(scope, receive, send)
.venv\Lib\site-packages\fastapi\routing.py:134: in app
    await wrap_app_handling_exceptions(app, request)(scope, receive, send)
.venv\Lib\site-packages\starlette\_exception_handler.py:53: in wrapped_app
    raise exc
.venv\Lib\site-packages\starlette\_exception_handler.py:42: in wrapped_app
    await app(scope, receive, sender)
.venv\Lib\site-packages\fastapi\routing.py:120: in app
    response = await f(request)
               ^^^^^^^^^^^^^^^^
.venv\Lib\site-packages\fastapi\routing.py:674: in app
    raw_response = await run_endpoint_function(
.venv\Lib\site-packages\fastapi\routing.py:328: in run_endpoint_function
    return await dependant.call(**values)
           ^^^^^^^^^^^^^^^^^^^^^^^^^^^^^^
app\routers\importar.py:1316: in obtener_festivos
    result = await db.execute(
.venv\Lib\site-packages\sqlalchemy\ext\asyncio\session.py:449: in execute
    result = await greenlet_spawn(
.venv\Lib\site-packages\sqlalchemy\util\_concurrency_py3k.py:201: in greenlet_spawn
    result = context.throw(*sys.exc_info())
             ^^^^^^^^^^^^^^^^^^^^^^^^^^^^^^
.venv\Lib\site-packages\sqlalchemy\orm\session.py:2351: in execute
    return self._execute_internal(
.venv\Lib\site-packages\sqlalchemy\orm\session.py:2239: in _execute_internal
    conn = self._connection_for_bind(bind)
           ^^^^^^^^^^^^^^^^^^^^^^^^^^^^^^^
.venv\Lib\site-packages\sqlalchemy\orm\session.py:2108: in _connection_for_bind
    return trans._connection_for_bind(engine, execution_options)
           ^^^^^^^^^^^^^^^^^^^^^^^^^^^^^^^^^^^^^^^^^^^^^^^^^^^^^
<string>:2: in _connection_for_bind
    ???
.venv\Lib\site-packages\sqlalchemy\orm\state_changes.py:137: in _go
    ret_value = fn(self, *arg, **kw)
                ^^^^^^^^^^^^^^^^^^^^
.venv\Lib\site-packages\sqlalchemy\orm\session.py:1187: in _connection_for_bind
    conn = bind.connect()
           ^^^^^^^^^^^^^^
.venv\Lib\site-packages\sqlalchemy\engine\base.py:3293: in connect
    return self._connection_cls(self)
           ^^^^^^^^^^^^^^^^^^^^^^^^^^
.venv\Lib\site-packages\sqlalchemy\engine\base.py:143: in __init__
    self._dbapi_connection = engine.raw_connection()
                             ^^^^^^^^^^^^^^^^^^^^^^^
.venv\Lib\site-packages\sqlalchemy\engine\base.py:3317: in raw_connection
    return self.pool.connect()
           ^^^^^^^^^^^^^^^^^^^
.venv\Lib\site-packages\sqlalchemy\pool\base.py:448: in connect
    return _ConnectionFairy._checkout(self)
           ^^^^^^^^^^^^^^^^^^^^^^^^^^^^^^^^
.venv\Lib\site-packages\sqlalchemy\pool\base.py:1371: in _checkout
    with util.safe_reraise():
         ^^^^^^^^^^^^^^^^^^^
.venv\Lib\site-packages\sqlalchemy\util\langhelpers.py:121: in __exit__
    raise exc_value.with_traceback(exc_tb)
.venv\Lib\site-packages\sqlalchemy\pool\base.py:1309: in _checkout
    result = pool._dialect._do_ping_w_event(
.venv\Lib\site-packages\sqlalchemy\engine\default.py:729: in _do_ping_w_event
    return self.do_ping(dbapi_connection)
           ^^^^^^^^^^^^^^^^^^^^^^^^^^^^^^
.venv\Lib\site-packages\sqlalchemy\dialects\postgresql\asyncpg.py:1160: in do_ping
    dbapi_connection.ping()
.venv\Lib\site-packages\sqlalchemy\dialects\postgresql\asyncpg.py:818: in ping
    self._handle_exception(error)
.venv\Lib\site-packages\sqlalchemy\dialects\postgresql\asyncpg.py:799: in _handle_exception
    raise error
.venv\Lib\site-packages\sqlalchemy\dialects\postgresql\asyncpg.py:816: in ping
    _ = self.await_(self._async_ping())
        ^^^^^^^^^^^^^^^^^^^^^^^^^^^^^^^
.venv\Lib\site-packages\sqlalchemy\util\_concurrency_py3k.py:132: in await_only
    return current.parent.switch(awaitable)  # type: ignore[no-any-return,attr-defined] # noqa: E501
           ^^^^^^^^^^^^^^^^^^^^^^^^^^^^^^^^
.venv\Lib\site-packages\sqlalchemy\util\_concurrency_py3k.py:196: in greenlet_spawn
    value = await result
            ^^^^^^^^^^^^
.venv\Lib\site-packages\sqlalchemy\dialects\postgresql\asyncpg.py:825: in _async_ping
    await tr.start()
.venv\Lib\site-packages\asyncpg\transaction.py:146: in start
    await self._connection.execute(query)
.venv\Lib\site-packages\asyncpg\connection.py:354: in execute
    result = await self._protocol.query(query, timeout)
             ^^^^^^^^^^^^^^^^^^^^^^^^^^^^^^^^^^^^^^^^^^
asyncpg/protocol/protocol.pyx:369: in query
    ???
asyncpg/protocol/protocol.pyx:362: in asyncpg.protocol.protocol.BaseProtocol.query
    ???
asyncpg/protocol/coreproto.pyx:1174: in asyncpg.protocol.protocol.CoreProtocol._simple_query
    ???
asyncpg/protocol/protocol.pyx:956: in asyncpg.protocol.protocol.BaseProtocol._write
    ???
..\..\..\..\..\AppData\Local\Python\pythoncore-3.14-64\Lib\asyncio\sslproto.py:222: in write
    self._ssl_protocol._write_appdata((data,))
..\..\..\..\..\AppData\Local\Python\pythoncore-3.14-64\Lib\asyncio\sslproto.py:700: in _write_appdata
    self._fatal_error(ex, 'Fatal error on SSL protocol')
..\..\..\..\..\AppData\Local\Python\pythoncore-3.14-64\Lib\asyncio\sslproto.py:918: in _fatal_error
    self._transport._force_close(exc)
..\..\..\..\..\AppData\Local\Python\pythoncore-3.14-64\Lib\asyncio\proactor_events.py:152: in _force_close
    self._loop.call_soon(self._call_connection_lost, exc)
..\..\..\..\..\AppData\Local\Python\pythoncore-3.14-64\Lib\asyncio\base_events.py:827: in call_soon
    self._check_closed()
..\..\..\..\..\AppData\Local\Python\pythoncore-3.14-64\Lib\asyncio\base_events.py:550: in _check_closed
    raise RuntimeError('Event loop is closed')
E   RuntimeError: Event loop is closed
------------------------------ Captured log call ------------------------------
ERROR    sqlalchemy.pool.impl.AsyncAdaptedQueuePool:base.py:377 Exception terminating connection <AdaptedConnection <asyncpg.connection.Connection object at 0x0000020EE1204050>>
Traceback (most recent call last):
  File "C:\Users\nmendoza\Documents\Visual_Works\Planificacion-Voluntarios\plani-app-back\plani-app-back\.venv\Lib\site-packages\sqlalchemy\pool\base.py", line 373, in _close_connection
    self._dialect.do_terminate(connection)
    ~~~~~~~~~~~~~~~~~~~~~~~~~~^^^^^^^^^^^^
  File "C:\Users\nmendoza\Documents\Visual_Works\Planificacion-Voluntarios\plani-app-back\plani-app-back\.venv\Lib\site-packages\sqlalchemy\dialects\postgresql\asyncpg.py", line 1127, in do_terminate
    dbapi_connection.terminate()
    ~~~~~~~~~~~~~~~~~~~~~~~~~~^^
  File "C:\Users\nmendoza\Documents\Visual_Works\Planificacion-Voluntarios\plani-app-back\plani-app-back\.venv\Lib\site-packages\sqlalchemy\connectors\asyncio.py", line 402, in terminate
    self.await_(asyncio.shield(self._terminate_graceful_close()))  # type: ignore[attr-defined] # noqa: E501
    ~~~~~~~~~~~^^^^^^^^^^^^^^^^^^^^^^^^^^^^^^^^^^^^^^^^^^^^^^^^^^
  File "C:\Users\nmendoza\Documents\Visual_Works\Planificacion-Voluntarios\plani-app-back\plani-app-back\.venv\Lib\site-packages\sqlalchemy\util\_concurrency_py3k.py", line 132, in await_only
    return current.parent.switch(awaitable)  # type: ignore[no-any-return,attr-defined] # noqa: E501
           ~~~~~~~~~~~~~~~~~~~~~^^^^^^^^^^^
  File "C:\Users\nmendoza\Documents\Visual_Works\Planificacion-Voluntarios\plani-app-back\plani-app-back\.venv\Lib\site-packages\sqlalchemy\util\_concurrency_py3k.py", line 196, in greenlet_spawn
    value = await result
            ^^^^^^^^^^^^
  File "C:\Users\nmendoza\Documents\Visual_Works\Planificacion-Voluntarios\plani-app-back\plani-app-back\.venv\Lib\site-packages\sqlalchemy\dialects\postgresql\asyncpg.py", line 912, in _terminate_graceful_close
    await self._connection.close(timeout=2)
  File "C:\Users\nmendoza\Documents\Visual_Works\Planificacion-Voluntarios\plani-app-back\plani-app-back\.venv\Lib\site-packages\asyncpg\connection.py", line 1513, in close
    await self._protocol.close(timeout)
  File "asyncpg/protocol/protocol.pyx", line 617, in close
  File "asyncpg/protocol/protocol.pyx", line 650, in asyncpg.protocol.protocol.BaseProtocol._request_cancel
  File "C:\Users\nmendoza\Documents\Visual_Works\Planificacion-Voluntarios\plani-app-back\plani-app-back\.venv\Lib\site-packages\asyncpg\connection.py", line 1682, in _cancel_current_command
    self._cancellations.add(self._loop.create_task(self._cancel(waiter)))
                            ~~~~~~~~~~~~~~~~~~~~~~^^^^^^^^^^^^^^^^^^^^^^
  File "C:\Users\nmendoza\AppData\Local\Python\pythoncore-3.14-64\Lib\asyncio\base_events.py", line 466, in create_task
    self._check_closed()
    ~~~~~~~~~~~~~~~~~~^^
  File "C:\Users\nmendoza\AppData\Local\Python\pythoncore-3.14-64\Lib\asyncio\base_events.py", line 550, in _check_closed
    raise RuntimeError('Event loop is closed')
RuntimeError: Event loop is closed
__________________________ test_festivos_no_weekends __________________________
..\..\..\..\..\AppData\Local\Python\pythoncore-3.14-64\Lib\asyncio\base_events.py:827: in call_soon
    self._check_closed()
..\..\..\..\..\AppData\Local\Python\pythoncore-3.14-64\Lib\asyncio\base_events.py:550: in _check_closed
    raise RuntimeError('Event loop is closed')
E   RuntimeError: Event loop is closed

During handling of the above exception, another exception occurred:
tests\test_festivos.py:55: in test_festivos_no_weekends
    response = await client.get("/api/importar/festivos/2026")
               ^^^^^^^^^^^^^^^^^^^^^^^^^^^^^^^^^^^^^^^^^^^^^^^
.venv\Lib\site-packages\httpx\_client.py:1768: in get
    return await self.request(
.venv\Lib\site-packages\httpx\_client.py:1540: in request
    return await self.send(request, auth=auth, follow_redirects=follow_redirects)
           ^^^^^^^^^^^^^^^^^^^^^^^^^^^^^^^^^^^^^^^^^^^^^^^^^^^^^^^^^^^^^^^^^^^^^^
.venv\Lib\site-packages\httpx\_client.py:1629: in send
    response = await self._send_handling_auth(
.venv\Lib\site-packages\httpx\_client.py:1657: in _send_handling_auth
    response = await self._send_handling_redirects(
.venv\Lib\site-packages\httpx\_client.py:1694: in _send_handling_redirects
    response = await self._send_single_request(request)
               ^^^^^^^^^^^^^^^^^^^^^^^^^^^^^^^^^^^^^^^^
.venv\Lib\site-packages\httpx\_client.py:1730: in _send_single_request
    response = await transport.handle_async_request(request)
               ^^^^^^^^^^^^^^^^^^^^^^^^^^^^^^^^^^^^^^^^^^^^^
.venv\Lib\site-packages\httpx\_transports\asgi.py:170: in handle_async_request
    await self.app(scope, receive, send)
.venv\Lib\site-packages\fastapi\applications.py:1163: in __call__
    await super().__call__(scope, receive, send)
.venv\Lib\site-packages\starlette\applications.py:90: in __call__
    await self.middleware_stack(scope, receive, send)
.venv\Lib\site-packages\starlette\middleware\errors.py:186: in __call__
    raise exc
.venv\Lib\site-packages\starlette\middleware\errors.py:164: in __call__
    await self.app(scope, receive, _send)
.venv\Lib\site-packages\starlette\middleware\cors.py:88: in __call__
    await self.app(scope, receive, send)
.venv\Lib\site-packages\starlette\middleware\exceptions.py:63: in __call__
    await wrap_app_handling_exceptions(self.app, conn)(scope, receive, send)
.venv\Lib\site-packages\starlette\_exception_handler.py:53: in wrapped_app
    raise exc
.venv\Lib\site-packages\starlette\_exception_handler.py:42: in wrapped_app
    await app(scope, receive, sender)
.venv\Lib\site-packages\fastapi\middleware\asyncexitstack.py:18: in __call__
    await self.app(scope, receive, send)
.venv\Lib\site-packages\starlette\routing.py:660: in __call__
    await self.middleware_stack(scope, receive, send)
.venv\Lib\site-packages\starlette\routing.py:680: in app
    await route.handle(scope, receive, send)
.venv\Lib\site-packages\starlette\routing.py:276: in handle
    await self.app(scope, receive, send)
.venv\Lib\site-packages\fastapi\routing.py:134: in app
    await wrap_app_handling_exceptions(app, request)(scope, receive, send)
.venv\Lib\site-packages\starlette\_exception_handler.py:53: in wrapped_app
    raise exc
.venv\Lib\site-packages\starlette\_exception_handler.py:42: in wrapped_app
    await app(scope, receive, sender)
.venv\Lib\site-packages\fastapi\routing.py:120: in app
    response = await f(request)
               ^^^^^^^^^^^^^^^^
.venv\Lib\site-packages\fastapi\routing.py:674: in app
    raw_response = await run_endpoint_function(
.venv\Lib\site-packages\fastapi\routing.py:328: in run_endpoint_function
    return await dependant.call(**values)
           ^^^^^^^^^^^^^^^^^^^^^^^^^^^^^^
app\routers\importar.py:1316: in obtener_festivos
    result = await db.execute(
.venv\Lib\site-packages\sqlalchemy\ext\asyncio\session.py:449: in execute
    result = await greenlet_spawn(
.venv\Lib\site-packages\sqlalchemy\util\_concurrency_py3k.py:201: in greenlet_spawn
    result = context.throw(*sys.exc_info())
             ^^^^^^^^^^^^^^^^^^^^^^^^^^^^^^
.venv\Lib\site-packages\sqlalchemy\orm\session.py:2351: in execute
    return self._execute_internal(
.venv\Lib\site-packages\sqlalchemy\orm\session.py:2239: in _execute_internal
    conn = self._connection_for_bind(bind)
           ^^^^^^^^^^^^^^^^^^^^^^^^^^^^^^^
.venv\Lib\site-packages\sqlalchemy\orm\session.py:2108: in _connection_for_bind
    return trans._connection_for_bind(engine, execution_options)
           ^^^^^^^^^^^^^^^^^^^^^^^^^^^^^^^^^^^^^^^^^^^^^^^^^^^^^
<string>:2: in _connection_for_bind
    ???
.venv\Lib\site-packages\sqlalchemy\orm\state_changes.py:137: in _go
    ret_value = fn(self, *arg, **kw)
                ^^^^^^^^^^^^^^^^^^^^
.venv\Lib\site-packages\sqlalchemy\orm\session.py:1187: in _connection_for_bind
    conn = bind.connect()
           ^^^^^^^^^^^^^^
.venv\Lib\site-packages\sqlalchemy\engine\base.py:3293: in connect
    return self._connection_cls(self)
           ^^^^^^^^^^^^^^^^^^^^^^^^^^
.venv\Lib\site-packages\sqlalchemy\engine\base.py:143: in __init__
    self._dbapi_connection = engine.raw_connection()
                             ^^^^^^^^^^^^^^^^^^^^^^^
.venv\Lib\site-packages\sqlalchemy\engine\base.py:3317: in raw_connection
    return self.pool.connect()
           ^^^^^^^^^^^^^^^^^^^
.venv\Lib\site-packages\sqlalchemy\pool\base.py:448: in connect
    return _ConnectionFairy._checkout(self)
           ^^^^^^^^^^^^^^^^^^^^^^^^^^^^^^^^
.venv\Lib\site-packages\sqlalchemy\pool\base.py:1371: in _checkout
    with util.safe_reraise():
         ^^^^^^^^^^^^^^^^^^^
.venv\Lib\site-packages\sqlalchemy\util\langhelpers.py:121: in __exit__
    raise exc_value.with_traceback(exc_tb)
.venv\Lib\site-packages\sqlalchemy\pool\base.py:1309: in _checkout
    result = pool._dialect._do_ping_w_event(
.venv\Lib\site-packages\sqlalchemy\engine\default.py:729: in _do_ping_w_event
    return self.do_ping(dbapi_connection)
           ^^^^^^^^^^^^^^^^^^^^^^^^^^^^^^
.venv\Lib\site-packages\sqlalchemy\dialects\postgresql\asyncpg.py:1160: in do_ping
    dbapi_connection.ping()
.venv\Lib\site-packages\sqlalchemy\dialects\postgresql\asyncpg.py:818: in ping
    self._handle_exception(error)
.venv\Lib\site-packages\sqlalchemy\dialects\postgresql\asyncpg.py:799: in _handle_exception
    raise error
.venv\Lib\site-packages\sqlalchemy\dialects\postgresql\asyncpg.py:816: in ping
    _ = self.await_(self._async_ping())
        ^^^^^^^^^^^^^^^^^^^^^^^^^^^^^^^
.venv\Lib\site-packages\sqlalchemy\util\_concurrency_py3k.py:132: in await_only
    return current.parent.switch(awaitable)  # type: ignore[no-any-return,attr-defined] # noqa: E501
           ^^^^^^^^^^^^^^^^^^^^^^^^^^^^^^^^
.venv\Lib\site-packages\sqlalchemy\util\_concurrency_py3k.py:196: in greenlet_spawn
    value = await result
            ^^^^^^^^^^^^
.venv\Lib\site-packages\sqlalchemy\dialects\postgresql\asyncpg.py:825: in _async_ping
    await tr.start()
.venv\Lib\site-packages\asyncpg\transaction.py:146: in start
    await self._connection.execute(query)
.venv\Lib\site-packages\asyncpg\connection.py:354: in execute
    result = await self._protocol.query(query, timeout)
             ^^^^^^^^^^^^^^^^^^^^^^^^^^^^^^^^^^^^^^^^^^
asyncpg/protocol/protocol.pyx:369: in query
    ???
asyncpg/protocol/protocol.pyx:362: in asyncpg.protocol.protocol.BaseProtocol.query
    ???
asyncpg/protocol/coreproto.pyx:1174: in asyncpg.protocol.protocol.CoreProtocol._simple_query
    ???
asyncpg/protocol/protocol.pyx:956: in asyncpg.protocol.protocol.BaseProtocol._write
    ???
..\..\..\..\..\AppData\Local\Python\pythoncore-3.14-64\Lib\asyncio\sslproto.py:222: in write
    self._ssl_protocol._write_appdata((data,))
..\..\..\..\..\AppData\Local\Python\pythoncore-3.14-64\Lib\asyncio\sslproto.py:700: in _write_appdata
    self._fatal_error(ex, 'Fatal error on SSL protocol')
..\..\..\..\..\AppData\Local\Python\pythoncore-3.14-64\Lib\asyncio\sslproto.py:918: in _fatal_error
    self._transport._force_close(exc)
..\..\..\..\..\AppData\Local\Python\pythoncore-3.14-64\Lib\asyncio\proactor_events.py:152: in _force_close
    self._loop.call_soon(self._call_connection_lost, exc)
..\..\..\..\..\AppData\Local\Python\pythoncore-3.14-64\Lib\asyncio\base_events.py:827: in call_soon
    self._check_closed()
..\..\..\..\..\AppData\Local\Python\pythoncore-3.14-64\Lib\asyncio\base_events.py:550: in _check_closed
    raise RuntimeError('Event loop is closed')
E   RuntimeError: Event loop is closed
------------------------------ Captured log call ------------------------------
ERROR    sqlalchemy.pool.impl.AsyncAdaptedQueuePool:base.py:377 Exception terminating connection <AdaptedConnection <asyncpg.connection.Connection object at 0x0000020EE12072F0>>
Traceback (most recent call last):
  File "C:\Users\nmendoza\Documents\Visual_Works\Planificacion-Voluntarios\plani-app-back\plani-app-back\.venv\Lib\site-packages\sqlalchemy\pool\base.py", line 373, in _close_connection
    self._dialect.do_terminate(connection)
    ~~~~~~~~~~~~~~~~~~~~~~~~~~^^^^^^^^^^^^
  File "C:\Users\nmendoza\Documents\Visual_Works\Planificacion-Voluntarios\plani-app-back\plani-app-back\.venv\Lib\site-packages\sqlalchemy\dialects\postgresql\asyncpg.py", line 1127, in do_terminate
    dbapi_connection.terminate()
    ~~~~~~~~~~~~~~~~~~~~~~~~~~^^
  File "C:\Users\nmendoza\Documents\Visual_Works\Planificacion-Voluntarios\plani-app-back\plani-app-back\.venv\Lib\site-packages\sqlalchemy\connectors\asyncio.py", line 402, in terminate
    self.await_(asyncio.shield(self._terminate_graceful_close()))  # type: ignore[attr-defined] # noqa: E501
    ~~~~~~~~~~~^^^^^^^^^^^^^^^^^^^^^^^^^^^^^^^^^^^^^^^^^^^^^^^^^^
  File "C:\Users\nmendoza\Documents\Visual_Works\Planificacion-Voluntarios\plani-app-back\plani-app-back\.venv\Lib\site-packages\sqlalchemy\util\_concurrency_py3k.py", line 132, in await_only
    return current.parent.switch(awaitable)  # type: ignore[no-any-return,attr-defined] # noqa: E501
           ~~~~~~~~~~~~~~~~~~~~~^^^^^^^^^^^
  File "C:\Users\nmendoza\Documents\Visual_Works\Planificacion-Voluntarios\plani-app-back\plani-app-back\.venv\Lib\site-packages\sqlalchemy\util\_concurrency_py3k.py", line 196, in greenlet_spawn
    value = await result
            ^^^^^^^^^^^^
  File "C:\Users\nmendoza\Documents\Visual_Works\Planificacion-Voluntarios\plani-app-back\plani-app-back\.venv\Lib\site-packages\sqlalchemy\dialects\postgresql\asyncpg.py", line 912, in _terminate_graceful_close
    await self._connection.close(timeout=2)
  File "C:\Users\nmendoza\Documents\Visual_Works\Planificacion-Voluntarios\plani-app-back\plani-app-back\.venv\Lib\site-packages\asyncpg\connection.py", line 1513, in close
    await self._protocol.close(timeout)
  File "asyncpg/protocol/protocol.pyx", line 617, in close
  File "asyncpg/protocol/protocol.pyx", line 650, in asyncpg.protocol.protocol.BaseProtocol._request_cancel
  File "C:\Users\nmendoza\Documents\Visual_Works\Planificacion-Voluntarios\plani-app-back\plani-app-back\.venv\Lib\site-packages\asyncpg\connection.py", line 1682, in _cancel_current_command
    self._cancellations.add(self._loop.create_task(self._cancel(waiter)))
                            ~~~~~~~~~~~~~~~~~~~~~~^^^^^^^^^^^^^^^^^^^^^^
  File "C:\Users\nmendoza\AppData\Local\Python\pythoncore-3.14-64\Lib\asyncio\base_events.py", line 466, in create_task
    self._check_closed()
    ~~~~~~~~~~~~~~~~~~^^
  File "C:\Users\nmendoza\AppData\Local\Python\pythoncore-3.14-64\Lib\asyncio\base_events.py", line 550, in _check_closed
    raise RuntimeError('Event loop is closed')
RuntimeError: Event loop is closed
__________________ test_festivos_q2_has_jueves_viernes_santo __________________
..\..\..\..\..\AppData\Local\Python\pythoncore-3.14-64\Lib\asyncio\base_events.py:827: in call_soon
    self._check_closed()
..\..\..\..\..\AppData\Local\Python\pythoncore-3.14-64\Lib\asyncio\base_events.py:550: in _check_closed
    raise RuntimeError('Event loop is closed')
E   RuntimeError: Event loop is closed

During handling of the above exception, another exception occurred:
tests\test_festivos.py:68: in test_festivos_q2_has_jueves_viernes_santo
    response = await client.get("/api/importar/festivos/2026")
               ^^^^^^^^^^^^^^^^^^^^^^^^^^^^^^^^^^^^^^^^^^^^^^^
.venv\Lib\site-packages\httpx\_client.py:1768: in get
    return await self.request(
.venv\Lib\site-packages\httpx\_client.py:1540: in request
    return await self.send(request, auth=auth, follow_redirects=follow_redirects)
           ^^^^^^^^^^^^^^^^^^^^^^^^^^^^^^^^^^^^^^^^^^^^^^^^^^^^^^^^^^^^^^^^^^^^^^
.venv\Lib\site-packages\httpx\_client.py:1629: in send
    response = await self._send_handling_auth(
.venv\Lib\site-packages\httpx\_client.py:1657: in _send_handling_auth
    response = await self._send_handling_redirects(
.venv\Lib\site-packages\httpx\_client.py:1694: in _send_handling_redirects
    response = await self._send_single_request(request)
               ^^^^^^^^^^^^^^^^^^^^^^^^^^^^^^^^^^^^^^^^
.venv\Lib\site-packages\httpx\_client.py:1730: in _send_single_request
    response = await transport.handle_async_request(request)
               ^^^^^^^^^^^^^^^^^^^^^^^^^^^^^^^^^^^^^^^^^^^^^
.venv\Lib\site-packages\httpx\_transports\asgi.py:170: in handle_async_request
    await self.app(scope, receive, send)
.venv\Lib\site-packages\fastapi\applications.py:1163: in __call__
    await super().__call__(scope, receive, send)
.venv\Lib\site-packages\starlette\applications.py:90: in __call__
    await self.middleware_stack(scope, receive, send)
.venv\Lib\site-packages\starlette\middleware\errors.py:186: in __call__
    raise exc
.venv\Lib\site-packages\starlette\middleware\errors.py:164: in __call__
    await self.app(scope, receive, _send)
.venv\Lib\site-packages\starlette\middleware\cors.py:88: in __call__
    await self.app(scope, receive, send)
.venv\Lib\site-packages\starlette\middleware\exceptions.py:63: in __call__
    await wrap_app_handling_exceptions(self.app, conn)(scope, receive, send)
.venv\Lib\site-packages\starlette\_exception_handler.py:53: in wrapped_app
    raise exc
.venv\Lib\site-packages\starlette\_exception_handler.py:42: in wrapped_app
    await app(scope, receive, sender)
.venv\Lib\site-packages\fastapi\middleware\asyncexitstack.py:18: in __call__
    await self.app(scope, receive, send)
.venv\Lib\site-packages\starlette\routing.py:660: in __call__
    await self.middleware_stack(scope, receive, send)
.venv\Lib\site-packages\starlette\routing.py:680: in app
    await route.handle(scope, receive, send)
.venv\Lib\site-packages\starlette\routing.py:276: in handle
    await self.app(scope, receive, send)
.venv\Lib\site-packages\fastapi\routing.py:134: in app
    await wrap_app_handling_exceptions(app, request)(scope, receive, send)
.venv\Lib\site-packages\starlette\_exception_handler.py:53: in wrapped_app
    raise exc
.venv\Lib\site-packages\starlette\_exception_handler.py:42: in wrapped_app
    await app(scope, receive, sender)
.venv\Lib\site-packages\fastapi\routing.py:120: in app
    response = await f(request)
               ^^^^^^^^^^^^^^^^
.venv\Lib\site-packages\fastapi\routing.py:674: in app
    raw_response = await run_endpoint_function(
.venv\Lib\site-packages\fastapi\routing.py:328: in run_endpoint_function
    return await dependant.call(**values)
           ^^^^^^^^^^^^^^^^^^^^^^^^^^^^^^
app\routers\importar.py:1316: in obtener_festivos
    result = await db.execute(
.venv\Lib\site-packages\sqlalchemy\ext\asyncio\session.py:449: in execute
    result = await greenlet_spawn(
.venv\Lib\site-packages\sqlalchemy\util\_concurrency_py3k.py:201: in greenlet_spawn
    result = context.throw(*sys.exc_info())
             ^^^^^^^^^^^^^^^^^^^^^^^^^^^^^^
.venv\Lib\site-packages\sqlalchemy\orm\session.py:2351: in execute
    return self._execute_internal(
.venv\Lib\site-packages\sqlalchemy\orm\session.py:2239: in _execute_internal
    conn = self._connection_for_bind(bind)
           ^^^^^^^^^^^^^^^^^^^^^^^^^^^^^^^
.venv\Lib\site-packages\sqlalchemy\orm\session.py:2108: in _connection_for_bind
    return trans._connection_for_bind(engine, execution_options)
           ^^^^^^^^^^^^^^^^^^^^^^^^^^^^^^^^^^^^^^^^^^^^^^^^^^^^^
<string>:2: in _connection_for_bind
    ???
.venv\Lib\site-packages\sqlalchemy\orm\state_changes.py:137: in _go
    ret_value = fn(self, *arg, **kw)
                ^^^^^^^^^^^^^^^^^^^^
.venv\Lib\site-packages\sqlalchemy\orm\session.py:1187: in _connection_for_bind
    conn = bind.connect()
           ^^^^^^^^^^^^^^
.venv\Lib\site-packages\sqlalchemy\engine\base.py:3293: in connect
    return self._connection_cls(self)
           ^^^^^^^^^^^^^^^^^^^^^^^^^^
.venv\Lib\site-packages\sqlalchemy\engine\base.py:143: in __init__
    self._dbapi_connection = engine.raw_connection()
                             ^^^^^^^^^^^^^^^^^^^^^^^
.venv\Lib\site-packages\sqlalchemy\engine\base.py:3317: in raw_connection
    return self.pool.connect()
           ^^^^^^^^^^^^^^^^^^^
.venv\Lib\site-packages\sqlalchemy\pool\base.py:448: in connect
    return _ConnectionFairy._checkout(self)
           ^^^^^^^^^^^^^^^^^^^^^^^^^^^^^^^^
.venv\Lib\site-packages\sqlalchemy\pool\base.py:1371: in _checkout
    with util.safe_reraise():
         ^^^^^^^^^^^^^^^^^^^
.venv\Lib\site-packages\sqlalchemy\util\langhelpers.py:121: in __exit__
    raise exc_value.with_traceback(exc_tb)
.venv\Lib\site-packages\sqlalchemy\pool\base.py:1309: in _checkout
    result = pool._dialect._do_ping_w_event(
.venv\Lib\site-packages\sqlalchemy\engine\default.py:729: in _do_ping_w_event
    return self.do_ping(dbapi_connection)
           ^^^^^^^^^^^^^^^^^^^^^^^^^^^^^^
.venv\Lib\site-packages\sqlalchemy\dialects\postgresql\asyncpg.py:1160: in do_ping
    dbapi_connection.ping()
.venv\Lib\site-packages\sqlalchemy\dialects\postgresql\asyncpg.py:818: in ping
    self._handle_exception(error)
.venv\Lib\site-packages\sqlalchemy\dialects\postgresql\asyncpg.py:799: in _handle_exception
    raise error
.venv\Lib\site-packages\sqlalchemy\dialects\postgresql\asyncpg.py:816: in ping
    _ = self.await_(self._async_ping())
        ^^^^^^^^^^^^^^^^^^^^^^^^^^^^^^^
.venv\Lib\site-packages\sqlalchemy\util\_concurrency_py3k.py:132: in await_only
    return current.parent.switch(awaitable)  # type: ignore[no-any-return,attr-defined] # noqa: E501
           ^^^^^^^^^^^^^^^^^^^^^^^^^^^^^^^^
.venv\Lib\site-packages\sqlalchemy\util\_concurrency_py3k.py:196: in greenlet_spawn
    value = await result
            ^^^^^^^^^^^^
.venv\Lib\site-packages\sqlalchemy\dialects\postgresql\asyncpg.py:825: in _async_ping
    await tr.start()
.venv\Lib\site-packages\asyncpg\transaction.py:146: in start
    await self._connection.execute(query)
.venv\Lib\site-packages\asyncpg\connection.py:354: in execute
    result = await self._protocol.query(query, timeout)
             ^^^^^^^^^^^^^^^^^^^^^^^^^^^^^^^^^^^^^^^^^^
asyncpg/protocol/protocol.pyx:369: in query
    ???
asyncpg/protocol/protocol.pyx:362: in asyncpg.protocol.protocol.BaseProtocol.query
    ???
asyncpg/protocol/coreproto.pyx:1174: in asyncpg.protocol.protocol.CoreProtocol._simple_query
    ???
asyncpg/protocol/protocol.pyx:956: in asyncpg.protocol.protocol.BaseProtocol._write
    ???
..\..\..\..\..\AppData\Local\Python\pythoncore-3.14-64\Lib\asyncio\sslproto.py:222: in write
    self._ssl_protocol._write_appdata((data,))
..\..\..\..\..\AppData\Local\Python\pythoncore-3.14-64\Lib\asyncio\sslproto.py:700: in _write_appdata
    self._fatal_error(ex, 'Fatal error on SSL protocol')
..\..\..\..\..\AppData\Local\Python\pythoncore-3.14-64\Lib\asyncio\sslproto.py:918: in _fatal_error
    self._transport._force_close(exc)
..\..\..\..\..\AppData\Local\Python\pythoncore-3.14-64\Lib\asyncio\proactor_events.py:152: in _force_close
    self._loop.call_soon(self._call_connection_lost, exc)
..\..\..\..\..\AppData\Local\Python\pythoncore-3.14-64\Lib\asyncio\base_events.py:827: in call_soon
    self._check_closed()
..\..\..\..\..\AppData\Local\Python\pythoncore-3.14-64\Lib\asyncio\base_events.py:550: in _check_closed
    raise RuntimeError('Event loop is closed')
E   RuntimeError: Event loop is closed
------------------------------ Captured log call ------------------------------
ERROR    sqlalchemy.pool.impl.AsyncAdaptedQueuePool:base.py:377 Exception terminating connection <AdaptedConnection <asyncpg.connection.Connection object at 0x0000020EE15905F0>>
Traceback (most recent call last):
  File "C:\Users\nmendoza\Documents\Visual_Works\Planificacion-Voluntarios\plani-app-back\plani-app-back\.venv\Lib\site-packages\sqlalchemy\pool\base.py", line 373, in _close_connection
    self._dialect.do_terminate(connection)
    ~~~~~~~~~~~~~~~~~~~~~~~~~~^^^^^^^^^^^^
  File "C:\Users\nmendoza\Documents\Visual_Works\Planificacion-Voluntarios\plani-app-back\plani-app-back\.venv\Lib\site-packages\sqlalchemy\dialects\postgresql\asyncpg.py", line 1127, in do_terminate
    dbapi_connection.terminate()
    ~~~~~~~~~~~~~~~~~~~~~~~~~~^^
  File "C:\Users\nmendoza\Documents\Visual_Works\Planificacion-Voluntarios\plani-app-back\plani-app-back\.venv\Lib\site-packages\sqlalchemy\connectors\asyncio.py", line 402, in terminate
    self.await_(asyncio.shield(self._terminate_graceful_close()))  # type: ignore[attr-defined] # noqa: E501
    ~~~~~~~~~~~^^^^^^^^^^^^^^^^^^^^^^^^^^^^^^^^^^^^^^^^^^^^^^^^^^
  File "C:\Users\nmendoza\Documents\Visual_Works\Planificacion-Voluntarios\plani-app-back\plani-app-back\.venv\Lib\site-packages\sqlalchemy\util\_concurrency_py3k.py", line 132, in await_only
    return current.parent.switch(awaitable)  # type: ignore[no-any-return,attr-defined] # noqa: E501
           ~~~~~~~~~~~~~~~~~~~~~^^^^^^^^^^^
  File "C:\Users\nmendoza\Documents\Visual_Works\Planificacion-Voluntarios\plani-app-back\plani-app-back\.venv\Lib\site-packages\sqlalchemy\util\_concurrency_py3k.py", line 196, in greenlet_spawn
    value = await result
            ^^^^^^^^^^^^
  File "C:\Users\nmendoza\Documents\Visual_Works\Planificacion-Voluntarios\plani-app-back\plani-app-back\.venv\Lib\site-packages\sqlalchemy\dialects\postgresql\asyncpg.py", line 912, in _terminate_graceful_close
    await self._connection.close(timeout=2)
  File "C:\Users\nmendoza\Documents\Visual_Works\Planificacion-Voluntarios\plani-app-back\plani-app-back\.venv\Lib\site-packages\asyncpg\connection.py", line 1513, in close
    await self._protocol.close(timeout)
  File "asyncpg/protocol/protocol.pyx", line 617, in close
  File "asyncpg/protocol/protocol.pyx", line 650, in asyncpg.protocol.protocol.BaseProtocol._request_cancel
  File "C:\Users\nmendoza\Documents\Visual_Works\Planificacion-Voluntarios\plani-app-back\plani-app-back\.venv\Lib\site-packages\asyncpg\connection.py", line 1682, in _cancel_current_command
    self._cancellations.add(self._loop.create_task(self._cancel(waiter)))
                            ~~~~~~~~~~~~~~~~~~~~~~^^^^^^^^^^^^^^^^^^^^^^
  File "C:\Users\nmendoza\AppData\Local\Python\pythoncore-3.14-64\Lib\asyncio\base_events.py", line 466, in create_task
    self._check_closed()
    ~~~~~~~~~~~~~~~~~~^^
  File "C:\Users\nmendoza\AppData\Local\Python\pythoncore-3.14-64\Lib\asyncio\base_events.py", line 550, in _check_closed
    raise RuntimeError('Event loop is closed')
RuntimeError: Event loop is closed
_____________________ test_festivos_different_year_empty ______________________
..\..\..\..\..\AppData\Local\Python\pythoncore-3.14-64\Lib\asyncio\base_events.py:827: in call_soon
    self._check_closed()
..\..\..\..\..\AppData\Local\Python\pythoncore-3.14-64\Lib\asyncio\base_events.py:550: in _check_closed
    raise RuntimeError('Event loop is closed')
E   RuntimeError: Event loop is closed

During handling of the above exception, another exception occurred:
tests\test_festivos.py:91: in test_festivos_different_year_empty
    response = await client.get("/api/importar/festivos/2099")
               ^^^^^^^^^^^^^^^^^^^^^^^^^^^^^^^^^^^^^^^^^^^^^^^
.venv\Lib\site-packages\httpx\_client.py:1768: in get
    return await self.request(
.venv\Lib\site-packages\httpx\_client.py:1540: in request
    return await self.send(request, auth=auth, follow_redirects=follow_redirects)
           ^^^^^^^^^^^^^^^^^^^^^^^^^^^^^^^^^^^^^^^^^^^^^^^^^^^^^^^^^^^^^^^^^^^^^^
.venv\Lib\site-packages\httpx\_client.py:1629: in send
    response = await self._send_handling_auth(
.venv\Lib\site-packages\httpx\_client.py:1657: in _send_handling_auth
    response = await self._send_handling_redirects(
.venv\Lib\site-packages\httpx\_client.py:1694: in _send_handling_redirects
    response = await self._send_single_request(request)
               ^^^^^^^^^^^^^^^^^^^^^^^^^^^^^^^^^^^^^^^^
.venv\Lib\site-packages\httpx\_client.py:1730: in _send_single_request
    response = await transport.handle_async_request(request)
               ^^^^^^^^^^^^^^^^^^^^^^^^^^^^^^^^^^^^^^^^^^^^^
.venv\Lib\site-packages\httpx\_transports\asgi.py:170: in handle_async_request
    await self.app(scope, receive, send)
.venv\Lib\site-packages\fastapi\applications.py:1163: in __call__
    await super().__call__(scope, receive, send)
.venv\Lib\site-packages\starlette\applications.py:90: in __call__
    await self.middleware_stack(scope, receive, send)
.venv\Lib\site-packages\starlette\middleware\errors.py:186: in __call__
    raise exc
.venv\Lib\site-packages\starlette\middleware\errors.py:164: in __call__
    await self.app(scope, receive, _send)
.venv\Lib\site-packages\starlette\middleware\cors.py:88: in __call__
    await self.app(scope, receive, send)
.venv\Lib\site-packages\starlette\middleware\exceptions.py:63: in __call__
    await wrap_app_handling_exceptions(self.app, conn)(scope, receive, send)
.venv\Lib\site-packages\starlette\_exception_handler.py:53: in wrapped_app
    raise exc
.venv\Lib\site-packages\starlette\_exception_handler.py:42: in wrapped_app
    await app(scope, receive, sender)
.venv\Lib\site-packages\fastapi\middleware\asyncexitstack.py:18: in __call__
    await self.app(scope, receive, send)
.venv\Lib\site-packages\starlette\routing.py:660: in __call__
    await self.middleware_stack(scope, receive, send)
.venv\Lib\site-packages\starlette\routing.py:680: in app
    await route.handle(scope, receive, send)
.venv\Lib\site-packages\starlette\routing.py:276: in handle
    await self.app(scope, receive, send)
.venv\Lib\site-packages\fastapi\routing.py:134: in app
    await wrap_app_handling_exceptions(app, request)(scope, receive, send)
.venv\Lib\site-packages\starlette\_exception_handler.py:53: in wrapped_app
    raise exc
.venv\Lib\site-packages\starlette\_exception_handler.py:42: in wrapped_app
    await app(scope, receive, sender)
.venv\Lib\site-packages\fastapi\routing.py:120: in app
    response = await f(request)
               ^^^^^^^^^^^^^^^^
.venv\Lib\site-packages\fastapi\routing.py:674: in app
    raw_response = await run_endpoint_function(
.venv\Lib\site-packages\fastapi\routing.py:328: in run_endpoint_function
    return await dependant.call(**values)
           ^^^^^^^^^^^^^^^^^^^^^^^^^^^^^^
app\routers\importar.py:1316: in obtener_festivos
    result = await db.execute(
.venv\Lib\site-packages\sqlalchemy\ext\asyncio\session.py:449: in execute
    result = await greenlet_spawn(
.venv\Lib\site-packages\sqlalchemy\util\_concurrency_py3k.py:201: in greenlet_spawn
    result = context.throw(*sys.exc_info())
             ^^^^^^^^^^^^^^^^^^^^^^^^^^^^^^
.venv\Lib\site-packages\sqlalchemy\orm\session.py:2351: in execute
    return self._execute_internal(
.venv\Lib\site-packages\sqlalchemy\orm\session.py:2239: in _execute_internal
    conn = self._connection_for_bind(bind)
           ^^^^^^^^^^^^^^^^^^^^^^^^^^^^^^^
.venv\Lib\site-packages\sqlalchemy\orm\session.py:2108: in _connection_for_bind
    return trans._connection_for_bind(engine, execution_options)
           ^^^^^^^^^^^^^^^^^^^^^^^^^^^^^^^^^^^^^^^^^^^^^^^^^^^^^
<string>:2: in _connection_for_bind
    ???
.venv\Lib\site-packages\sqlalchemy\orm\state_changes.py:137: in _go
    ret_value = fn(self, *arg, **kw)
                ^^^^^^^^^^^^^^^^^^^^
.venv\Lib\site-packages\sqlalchemy\orm\session.py:1187: in _connection_for_bind
    conn = bind.connect()
           ^^^^^^^^^^^^^^
.venv\Lib\site-packages\sqlalchemy\engine\base.py:3293: in connect
    return self._connection_cls(self)
           ^^^^^^^^^^^^^^^^^^^^^^^^^^
.venv\Lib\site-packages\sqlalchemy\engine\base.py:143: in __init__
    self._dbapi_connection = engine.raw_connection()
                             ^^^^^^^^^^^^^^^^^^^^^^^
.venv\Lib\site-packages\sqlalchemy\engine\base.py:3317: in raw_connection
    return self.pool.connect()
           ^^^^^^^^^^^^^^^^^^^
.venv\Lib\site-packages\sqlalchemy\pool\base.py:448: in connect
    return _ConnectionFairy._checkout(self)
           ^^^^^^^^^^^^^^^^^^^^^^^^^^^^^^^^
.venv\Lib\site-packages\sqlalchemy\pool\base.py:1371: in _checkout
    with util.safe_reraise():
         ^^^^^^^^^^^^^^^^^^^
.venv\Lib\site-packages\sqlalchemy\util\langhelpers.py:121: in __exit__
    raise exc_value.with_traceback(exc_tb)
.venv\Lib\site-packages\sqlalchemy\pool\base.py:1309: in _checkout
    result = pool._dialect._do_ping_w_event(
.venv\Lib\site-packages\sqlalchemy\engine\default.py:729: in _do_ping_w_event
    return self.do_ping(dbapi_connection)
           ^^^^^^^^^^^^^^^^^^^^^^^^^^^^^^
.venv\Lib\site-packages\sqlalchemy\dialects\postgresql\asyncpg.py:1160: in do_ping
    dbapi_connection.ping()
.venv\Lib\site-packages\sqlalchemy\dialects\postgresql\asyncpg.py:818: in ping
    self._handle_exception(error)
.venv\Lib\site-packages\sqlalchemy\dialects\postgresql\asyncpg.py:799: in _handle_exception
    raise error
.venv\Lib\site-packages\sqlalchemy\dialects\postgresql\asyncpg.py:816: in ping
    _ = self.await_(self._async_ping())
        ^^^^^^^^^^^^^^^^^^^^^^^^^^^^^^^
.venv\Lib\site-packages\sqlalchemy\util\_concurrency_py3k.py:132: in await_only
    return current.parent.switch(awaitable)  # type: ignore[no-any-return,attr-defined] # noqa: E501
           ^^^^^^^^^^^^^^^^^^^^^^^^^^^^^^^^
.venv\Lib\site-packages\sqlalchemy\util\_concurrency_py3k.py:196: in greenlet_spawn
    value = await result
            ^^^^^^^^^^^^
.venv\Lib\site-packages\sqlalchemy\dialects\postgresql\asyncpg.py:825: in _async_ping
    await tr.start()
.venv\Lib\site-packages\asyncpg\transaction.py:146: in start
    await self._connection.execute(query)
.venv\Lib\site-packages\asyncpg\connection.py:354: in execute
    result = await self._protocol.query(query, timeout)
             ^^^^^^^^^^^^^^^^^^^^^^^^^^^^^^^^^^^^^^^^^^
asyncpg/protocol/protocol.pyx:369: in query
    ???
asyncpg/protocol/protocol.pyx:362: in asyncpg.protocol.protocol.BaseProtocol.query
    ???
asyncpg/protocol/coreproto.pyx:1174: in asyncpg.protocol.protocol.CoreProtocol._simple_query
    ???
asyncpg/protocol/protocol.pyx:956: in asyncpg.protocol.protocol.BaseProtocol._write
    ???
..\..\..\..\..\AppData\Local\Python\pythoncore-3.14-64\Lib\asyncio\sslproto.py:222: in write
    self._ssl_protocol._write_appdata((data,))
..\..\..\..\..\AppData\Local\Python\pythoncore-3.14-64\Lib\asyncio\sslproto.py:700: in _write_appdata
    self._fatal_error(ex, 'Fatal error on SSL protocol')
..\..\..\..\..\AppData\Local\Python\pythoncore-3.14-64\Lib\asyncio\sslproto.py:918: in _fatal_error
    self._transport._force_close(exc)
..\..\..\..\..\AppData\Local\Python\pythoncore-3.14-64\Lib\asyncio\proactor_events.py:152: in _force_close
    self._loop.call_soon(self._call_connection_lost, exc)
..\..\..\..\..\AppData\Local\Python\pythoncore-3.14-64\Lib\asyncio\base_events.py:827: in call_soon
    self._check_closed()
..\..\..\..\..\AppData\Local\Python\pythoncore-3.14-64\Lib\asyncio\base_events.py:550: in _check_closed
    raise RuntimeError('Event loop is closed')
E   RuntimeError: Event loop is closed
------------------------------ Captured log call ------------------------------
ERROR    sqlalchemy.pool.impl.AsyncAdaptedQueuePool:base.py:377 Exception terminating connection <AdaptedConnection <asyncpg.connection.Connection object at 0x0000020EE1593B60>>
Traceback (most recent call last):
  File "C:\Users\nmendoza\Documents\Visual_Works\Planificacion-Voluntarios\plani-app-back\plani-app-back\.venv\Lib\site-packages\sqlalchemy\pool\base.py", line 373, in _close_connection
    self._dialect.do_terminate(connection)
    ~~~~~~~~~~~~~~~~~~~~~~~~~~^^^^^^^^^^^^
  File "C:\Users\nmendoza\Documents\Visual_Works\Planificacion-Voluntarios\plani-app-back\plani-app-back\.venv\Lib\site-packages\sqlalchemy\dialects\postgresql\asyncpg.py", line 1127, in do_terminate
    dbapi_connection.terminate()
    ~~~~~~~~~~~~~~~~~~~~~~~~~~^^
  File "C:\Users\nmendoza\Documents\Visual_Works\Planificacion-Voluntarios\plani-app-back\plani-app-back\.venv\Lib\site-packages\sqlalchemy\connectors\asyncio.py", line 402, in terminate
    self.await_(asyncio.shield(self._terminate_graceful_close()))  # type: ignore[attr-defined] # noqa: E501
    ~~~~~~~~~~~^^^^^^^^^^^^^^^^^^^^^^^^^^^^^^^^^^^^^^^^^^^^^^^^^^
  File "C:\Users\nmendoza\Documents\Visual_Works\Planificacion-Voluntarios\plani-app-back\plani-app-back\.venv\Lib\site-packages\sqlalchemy\util\_concurrency_py3k.py", line 132, in await_only
    return current.parent.switch(awaitable)  # type: ignore[no-any-return,attr-defined] # noqa: E501
           ~~~~~~~~~~~~~~~~~~~~~^^^^^^^^^^^
  File "C:\Users\nmendoza\Documents\Visual_Works\Planificacion-Voluntarios\plani-app-back\plani-app-back\.venv\Lib\site-packages\sqlalchemy\util\_concurrency_py3k.py", line 196, in greenlet_spawn
    value = await result
            ^^^^^^^^^^^^
  File "C:\Users\nmendoza\Documents\Visual_Works\Planificacion-Voluntarios\plani-app-back\plani-app-back\.venv\Lib\site-packages\sqlalchemy\dialects\postgresql\asyncpg.py", line 912, in _terminate_graceful_close
    await self._connection.close(timeout=2)
  File "C:\Users\nmendoza\Documents\Visual_Works\Planificacion-Voluntarios\plani-app-back\plani-app-back\.venv\Lib\site-packages\asyncpg\connection.py", line 1513, in close
    await self._protocol.close(timeout)
  File "asyncpg/protocol/protocol.pyx", line 617, in close
  File "asyncpg/protocol/protocol.pyx", line 650, in asyncpg.protocol.protocol.BaseProtocol._request_cancel
  File "C:\Users\nmendoza\Documents\Visual_Works\Planificacion-Voluntarios\plani-app-back\plani-app-back\.venv\Lib\site-packages\asyncpg\connection.py", line 1682, in _cancel_current_command
    self._cancellations.add(self._loop.create_task(self._cancel(waiter)))
                            ~~~~~~~~~~~~~~~~~~~~~~^^^^^^^^^^^^^^^^^^^^^^
  File "C:\Users\nmendoza\AppData\Local\Python\pythoncore-3.14-64\Lib\asyncio\base_events.py", line 466, in create_task
    self._check_closed()
    ~~~~~~~~~~~~~~~~~~^^
  File "C:\Users\nmendoza\AppData\Local\Python\pythoncore-3.14-64\Lib\asyncio\base_events.py", line 550, in _check_closed
    raise RuntimeError('Event loop is closed')
RuntimeError: Event loop is closed
_______________________ test_festivos_q3_summer_closure _______________________
..\..\..\..\..\AppData\Local\Python\pythoncore-3.14-64\Lib\asyncio\base_events.py:827: in call_soon
    self._check_closed()
..\..\..\..\..\AppData\Local\Python\pythoncore-3.14-64\Lib\asyncio\base_events.py:550: in _check_closed
    raise RuntimeError('Event loop is closed')
E   RuntimeError: Event loop is closed

During handling of the above exception, another exception occurred:
tests\test_festivos.py:103: in test_festivos_q3_summer_closure
    response = await client.get("/api/importar/festivos/2026")
               ^^^^^^^^^^^^^^^^^^^^^^^^^^^^^^^^^^^^^^^^^^^^^^^
.venv\Lib\site-packages\httpx\_client.py:1768: in get
    return await self.request(
.venv\Lib\site-packages\httpx\_client.py:1540: in request
    return await self.send(request, auth=auth, follow_redirects=follow_redirects)
           ^^^^^^^^^^^^^^^^^^^^^^^^^^^^^^^^^^^^^^^^^^^^^^^^^^^^^^^^^^^^^^^^^^^^^^
.venv\Lib\site-packages\httpx\_client.py:1629: in send
    response = await self._send_handling_auth(
.venv\Lib\site-packages\httpx\_client.py:1657: in _send_handling_auth
    response = await self._send_handling_redirects(
.venv\Lib\site-packages\httpx\_client.py:1694: in _send_handling_redirects
    response = await self._send_single_request(request)
               ^^^^^^^^^^^^^^^^^^^^^^^^^^^^^^^^^^^^^^^^
.venv\Lib\site-packages\httpx\_client.py:1730: in _send_single_request
    response = await transport.handle_async_request(request)
               ^^^^^^^^^^^^^^^^^^^^^^^^^^^^^^^^^^^^^^^^^^^^^
.venv\Lib\site-packages\httpx\_transports\asgi.py:170: in handle_async_request
    await self.app(scope, receive, send)
.venv\Lib\site-packages\fastapi\applications.py:1163: in __call__
    await super().__call__(scope, receive, send)
.venv\Lib\site-packages\starlette\applications.py:90: in __call__
    await self.middleware_stack(scope, receive, send)
.venv\Lib\site-packages\starlette\middleware\errors.py:186: in __call__
    raise exc
.venv\Lib\site-packages\starlette\middleware\errors.py:164: in __call__
    await self.app(scope, receive, _send)
.venv\Lib\site-packages\starlette\middleware\cors.py:88: in __call__
    await self.app(scope, receive, send)
.venv\Lib\site-packages\starlette\middleware\exceptions.py:63: in __call__
    await wrap_app_handling_exceptions(self.app, conn)(scope, receive, send)
.venv\Lib\site-packages\starlette\_exception_handler.py:53: in wrapped_app
    raise exc
.venv\Lib\site-packages\starlette\_exception_handler.py:42: in wrapped_app
    await app(scope, receive, sender)
.venv\Lib\site-packages\fastapi\middleware\asyncexitstack.py:18: in __call__
    await self.app(scope, receive, send)
.venv\Lib\site-packages\starlette\routing.py:660: in __call__
    await self.middleware_stack(scope, receive, send)
.venv\Lib\site-packages\starlette\routing.py:680: in app
    await route.handle(scope, receive, send)
.venv\Lib\site-packages\starlette\routing.py:276: in handle
    await self.app(scope, receive, send)
.venv\Lib\site-packages\fastapi\routing.py:134: in app
    await wrap_app_handling_exceptions(app, request)(scope, receive, send)
.venv\Lib\site-packages\starlette\_exception_handler.py:53: in wrapped_app
    raise exc
.venv\Lib\site-packages\starlette\_exception_handler.py:42: in wrapped_app
    await app(scope, receive, sender)
.venv\Lib\site-packages\fastapi\routing.py:120: in app
    response = await f(request)
               ^^^^^^^^^^^^^^^^
.venv\Lib\site-packages\fastapi\routing.py:674: in app
    raw_response = await run_endpoint_function(
.venv\Lib\site-packages\fastapi\routing.py:328: in run_endpoint_function
    return await dependant.call(**values)
           ^^^^^^^^^^^^^^^^^^^^^^^^^^^^^^
app\routers\importar.py:1316: in obtener_festivos
    result = await db.execute(
.venv\Lib\site-packages\sqlalchemy\ext\asyncio\session.py:449: in execute
    result = await greenlet_spawn(
.venv\Lib\site-packages\sqlalchemy\util\_concurrency_py3k.py:201: in greenlet_spawn
    result = context.throw(*sys.exc_info())
             ^^^^^^^^^^^^^^^^^^^^^^^^^^^^^^
.venv\Lib\site-packages\sqlalchemy\orm\session.py:2351: in execute
    return self._execute_internal(
.venv\Lib\site-packages\sqlalchemy\orm\session.py:2239: in _execute_internal
    conn = self._connection_for_bind(bind)
           ^^^^^^^^^^^^^^^^^^^^^^^^^^^^^^^
.venv\Lib\site-packages\sqlalchemy\orm\session.py:2108: in _connection_for_bind
    return trans._connection_for_bind(engine, execution_options)
           ^^^^^^^^^^^^^^^^^^^^^^^^^^^^^^^^^^^^^^^^^^^^^^^^^^^^^
<string>:2: in _connection_for_bind
    ???
.venv\Lib\site-packages\sqlalchemy\orm\state_changes.py:137: in _go
    ret_value = fn(self, *arg, **kw)
                ^^^^^^^^^^^^^^^^^^^^
.venv\Lib\site-packages\sqlalchemy\orm\session.py:1187: in _connection_for_bind
    conn = bind.connect()
           ^^^^^^^^^^^^^^
.venv\Lib\site-packages\sqlalchemy\engine\base.py:3293: in connect
    return self._connection_cls(self)
           ^^^^^^^^^^^^^^^^^^^^^^^^^^
.venv\Lib\site-packages\sqlalchemy\engine\base.py:143: in __init__
    self._dbapi_connection = engine.raw_connection()
                             ^^^^^^^^^^^^^^^^^^^^^^^
.venv\Lib\site-packages\sqlalchemy\engine\base.py:3317: in raw_connection
    return self.pool.connect()
           ^^^^^^^^^^^^^^^^^^^
.venv\Lib\site-packages\sqlalchemy\pool\base.py:448: in connect
    return _ConnectionFairy._checkout(self)
           ^^^^^^^^^^^^^^^^^^^^^^^^^^^^^^^^
.venv\Lib\site-packages\sqlalchemy\pool\base.py:1371: in _checkout
    with util.safe_reraise():
         ^^^^^^^^^^^^^^^^^^^
.venv\Lib\site-packages\sqlalchemy\util\langhelpers.py:121: in __exit__
    raise exc_value.with_traceback(exc_tb)
.venv\Lib\site-packages\sqlalchemy\pool\base.py:1309: in _checkout
    result = pool._dialect._do_ping_w_event(
.venv\Lib\site-packages\sqlalchemy\engine\default.py:729: in _do_ping_w_event
    return self.do_ping(dbapi_connection)
           ^^^^^^^^^^^^^^^^^^^^^^^^^^^^^^
.venv\Lib\site-packages\sqlalchemy\dialects\postgresql\asyncpg.py:1160: in do_ping
    dbapi_connection.ping()
.venv\Lib\site-packages\sqlalchemy\dialects\postgresql\asyncpg.py:818: in ping
    self._handle_exception(error)
.venv\Lib\site-packages\sqlalchemy\dialects\postgresql\asyncpg.py:799: in _handle_exception
    raise error
.venv\Lib\site-packages\sqlalchemy\dialects\postgresql\asyncpg.py:816: in ping
    _ = self.await_(self._async_ping())
        ^^^^^^^^^^^^^^^^^^^^^^^^^^^^^^^
.venv\Lib\site-packages\sqlalchemy\util\_concurrency_py3k.py:132: in await_only
    return current.parent.switch(awaitable)  # type: ignore[no-any-return,attr-defined] # noqa: E501
           ^^^^^^^^^^^^^^^^^^^^^^^^^^^^^^^^
.venv\Lib\site-packages\sqlalchemy\util\_concurrency_py3k.py:196: in greenlet_spawn
    value = await result
            ^^^^^^^^^^^^
.venv\Lib\site-packages\sqlalchemy\dialects\postgresql\asyncpg.py:825: in _async_ping
    await tr.start()
.venv\Lib\site-packages\asyncpg\transaction.py:146: in start
    await self._connection.execute(query)
.venv\Lib\site-packages\asyncpg\connection.py:354: in execute
    result = await self._protocol.query(query, timeout)
             ^^^^^^^^^^^^^^^^^^^^^^^^^^^^^^^^^^^^^^^^^^
asyncpg/protocol/protocol.pyx:369: in query
    ???
asyncpg/protocol/protocol.pyx:362: in asyncpg.protocol.protocol.BaseProtocol.query
    ???
asyncpg/protocol/coreproto.pyx:1174: in asyncpg.protocol.protocol.CoreProtocol._simple_query
    ???
asyncpg/protocol/protocol.pyx:956: in asyncpg.protocol.protocol.BaseProtocol._write
    ???
..\..\..\..\..\AppData\Local\Python\pythoncore-3.14-64\Lib\asyncio\sslproto.py:222: in write
    self._ssl_protocol._write_appdata((data,))
..\..\..\..\..\AppData\Local\Python\pythoncore-3.14-64\Lib\asyncio\sslproto.py:700: in _write_appdata
    self._fatal_error(ex, 'Fatal error on SSL protocol')
..\..\..\..\..\AppData\Local\Python\pythoncore-3.14-64\Lib\asyncio\sslproto.py:918: in _fatal_error
    self._transport._force_close(exc)
..\..\..\..\..\AppData\Local\Python\pythoncore-3.14-64\Lib\asyncio\proactor_events.py:152: in _force_close
    self._loop.call_soon(self._call_connection_lost, exc)
..\..\..\..\..\AppData\Local\Python\pythoncore-3.14-64\Lib\asyncio\base_events.py:827: in call_soon
    self._check_closed()
..\..\..\..\..\AppData\Local\Python\pythoncore-3.14-64\Lib\asyncio\base_events.py:550: in _check_closed
    raise RuntimeError('Event loop is closed')
E   RuntimeError: Event loop is closed
------------------------------ Captured log call ------------------------------
ERROR    sqlalchemy.pool.impl.AsyncAdaptedQueuePool:base.py:377 Exception terminating connection <AdaptedConnection <asyncpg.connection.Connection object at 0x0000020EE15A5220>>
Traceback (most recent call last):
  File "C:\Users\nmendoza\Documents\Visual_Works\Planificacion-Voluntarios\plani-app-back\plani-app-back\.venv\Lib\site-packages\sqlalchemy\pool\base.py", line 373, in _close_connection
    self._dialect.do_terminate(connection)
    ~~~~~~~~~~~~~~~~~~~~~~~~~~^^^^^^^^^^^^
  File "C:\Users\nmendoza\Documents\Visual_Works\Planificacion-Voluntarios\plani-app-back\plani-app-back\.venv\Lib\site-packages\sqlalchemy\dialects\postgresql\asyncpg.py", line 1127, in do_terminate
    dbapi_connection.terminate()
    ~~~~~~~~~~~~~~~~~~~~~~~~~~^^
  File "C:\Users\nmendoza\Documents\Visual_Works\Planificacion-Voluntarios\plani-app-back\plani-app-back\.venv\Lib\site-packages\sqlalchemy\connectors\asyncio.py", line 402, in terminate
    self.await_(asyncio.shield(self._terminate_graceful_close()))  # type: ignore[attr-defined] # noqa: E501
    ~~~~~~~~~~~^^^^^^^^^^^^^^^^^^^^^^^^^^^^^^^^^^^^^^^^^^^^^^^^^^
  File "C:\Users\nmendoza\Documents\Visual_Works\Planificacion-Voluntarios\plani-app-back\plani-app-back\.venv\Lib\site-packages\sqlalchemy\util\_concurrency_py3k.py", line 132, in await_only
    return current.parent.switch(awaitable)  # type: ignore[no-any-return,attr-defined] # noqa: E501
           ~~~~~~~~~~~~~~~~~~~~~^^^^^^^^^^^
  File "C:\Users\nmendoza\Documents\Visual_Works\Planificacion-Voluntarios\plani-app-back\plani-app-back\.venv\Lib\site-packages\sqlalchemy\util\_concurrency_py3k.py", line 196, in greenlet_spawn
    value = await result
            ^^^^^^^^^^^^
  File "C:\Users\nmendoza\Documents\Visual_Works\Planificacion-Voluntarios\plani-app-back\plani-app-back\.venv\Lib\site-packages\sqlalchemy\dialects\postgresql\asyncpg.py", line 912, in _terminate_graceful_close
    await self._connection.close(timeout=2)
  File "C:\Users\nmendoza\Documents\Visual_Works\Planificacion-Voluntarios\plani-app-back\plani-app-back\.venv\Lib\site-packages\asyncpg\connection.py", line 1513, in close
    await self._protocol.close(timeout)
  File "asyncpg/protocol/protocol.pyx", line 617, in close
  File "asyncpg/protocol/protocol.pyx", line 650, in asyncpg.protocol.protocol.BaseProtocol._request_cancel
  File "C:\Users\nmendoza\Documents\Visual_Works\Planificacion-Voluntarios\plani-app-back\plani-app-back\.venv\Lib\site-packages\asyncpg\connection.py", line 1682, in _cancel_current_command
    self._cancellations.add(self._loop.create_task(self._cancel(waiter)))
                            ~~~~~~~~~~~~~~~~~~~~~~^^^^^^^^^^^^^^^^^^^^^^
  File "C:\Users\nmendoza\AppData\Local\Python\pythoncore-3.14-64\Lib\asyncio\base_events.py", line 466, in create_task
    self._check_closed()
    ~~~~~~~~~~~~~~~~~~^^
  File "C:\Users\nmendoza\AppData\Local\Python\pythoncore-3.14-64\Lib\asyncio\base_events.py", line 550, in _check_closed
    raise RuntimeError('Event loop is closed')
RuntimeError: Event loop is closed
________________ test_calcular_frecuencias_response_structure _________________
..\..\..\..\..\AppData\Local\Python\pythoncore-3.14-64\Lib\asyncio\base_events.py:827: in call_soon
    self._check_closed()
..\..\..\..\..\AppData\Local\Python\pythoncore-3.14-64\Lib\asyncio\base_events.py:550: in _check_closed
    raise RuntimeError('Event loop is closed')
E   RuntimeError: Event loop is closed

During handling of the above exception, another exception occurred:
tests\test_frecuencias.py:37: in test_calcular_frecuencias_response_structure
    await setup_test_config_trimestral(db_session, TEST_TRIMESTRE)
tests\conftest.py:170: in setup_test_config_trimestral
    result = await db.execute(
.venv\Lib\site-packages\sqlalchemy\ext\asyncio\session.py:449: in execute
    result = await greenlet_spawn(
.venv\Lib\site-packages\sqlalchemy\util\_concurrency_py3k.py:201: in greenlet_spawn
    result = context.throw(*sys.exc_info())
             ^^^^^^^^^^^^^^^^^^^^^^^^^^^^^^
.venv\Lib\site-packages\sqlalchemy\orm\session.py:2351: in execute
    return self._execute_internal(
.venv\Lib\site-packages\sqlalchemy\orm\session.py:2239: in _execute_internal
    conn = self._connection_for_bind(bind)
           ^^^^^^^^^^^^^^^^^^^^^^^^^^^^^^^
.venv\Lib\site-packages\sqlalchemy\orm\session.py:2108: in _connection_for_bind
    return trans._connection_for_bind(engine, execution_options)
           ^^^^^^^^^^^^^^^^^^^^^^^^^^^^^^^^^^^^^^^^^^^^^^^^^^^^^
<string>:2: in _connection_for_bind
    ???
.venv\Lib\site-packages\sqlalchemy\orm\state_changes.py:137: in _go
    ret_value = fn(self, *arg, **kw)
                ^^^^^^^^^^^^^^^^^^^^
.venv\Lib\site-packages\sqlalchemy\orm\session.py:1187: in _connection_for_bind
    conn = bind.connect()
           ^^^^^^^^^^^^^^
.venv\Lib\site-packages\sqlalchemy\engine\base.py:3293: in connect
    return self._connection_cls(self)
           ^^^^^^^^^^^^^^^^^^^^^^^^^^
.venv\Lib\site-packages\sqlalchemy\engine\base.py:143: in __init__
    self._dbapi_connection = engine.raw_connection()
                             ^^^^^^^^^^^^^^^^^^^^^^^
.venv\Lib\site-packages\sqlalchemy\engine\base.py:3317: in raw_connection
    return self.pool.connect()
           ^^^^^^^^^^^^^^^^^^^
.venv\Lib\site-packages\sqlalchemy\pool\base.py:448: in connect
    return _ConnectionFairy._checkout(self)
           ^^^^^^^^^^^^^^^^^^^^^^^^^^^^^^^^
.venv\Lib\site-packages\sqlalchemy\pool\base.py:1371: in _checkout
    with util.safe_reraise():
         ^^^^^^^^^^^^^^^^^^^
.venv\Lib\site-packages\sqlalchemy\util\langhelpers.py:121: in __exit__
    raise exc_value.with_traceback(exc_tb)
.venv\Lib\site-packages\sqlalchemy\pool\base.py:1309: in _checkout
    result = pool._dialect._do_ping_w_event(
.venv\Lib\site-packages\sqlalchemy\engine\default.py:729: in _do_ping_w_event
    return self.do_ping(dbapi_connection)
           ^^^^^^^^^^^^^^^^^^^^^^^^^^^^^^
.venv\Lib\site-packages\sqlalchemy\dialects\postgresql\asyncpg.py:1160: in do_ping
    dbapi_connection.ping()
.venv\Lib\site-packages\sqlalchemy\dialects\postgresql\asyncpg.py:818: in ping
    self._handle_exception(error)
.venv\Lib\site-packages\sqlalchemy\dialects\postgresql\asyncpg.py:799: in _handle_exception
    raise error
.venv\Lib\site-packages\sqlalchemy\dialects\postgresql\asyncpg.py:816: in ping
    _ = self.await_(self._async_ping())
        ^^^^^^^^^^^^^^^^^^^^^^^^^^^^^^^
.venv\Lib\site-packages\sqlalchemy\util\_concurrency_py3k.py:132: in await_only
    return current.parent.switch(awaitable)  # type: ignore[no-any-return,attr-defined] # noqa: E501
           ^^^^^^^^^^^^^^^^^^^^^^^^^^^^^^^^
.venv\Lib\site-packages\sqlalchemy\util\_concurrency_py3k.py:196: in greenlet_spawn
    value = await result
            ^^^^^^^^^^^^
.venv\Lib\site-packages\sqlalchemy\dialects\postgresql\asyncpg.py:825: in _async_ping
    await tr.start()
.venv\Lib\site-packages\asyncpg\transaction.py:146: in start
    await self._connection.execute(query)
.venv\Lib\site-packages\asyncpg\connection.py:354: in execute
    result = await self._protocol.query(query, timeout)
             ^^^^^^^^^^^^^^^^^^^^^^^^^^^^^^^^^^^^^^^^^^
asyncpg/protocol/protocol.pyx:369: in query
    ???
asyncpg/protocol/protocol.pyx:362: in asyncpg.protocol.protocol.BaseProtocol.query
    ???
asyncpg/protocol/coreproto.pyx:1174: in asyncpg.protocol.protocol.CoreProtocol._simple_query
    ???
asyncpg/protocol/protocol.pyx:956: in asyncpg.protocol.protocol.BaseProtocol._write
    ???
..\..\..\..\..\AppData\Local\Python\pythoncore-3.14-64\Lib\asyncio\sslproto.py:222: in write
    self._ssl_protocol._write_appdata((data,))
..\..\..\..\..\AppData\Local\Python\pythoncore-3.14-64\Lib\asyncio\sslproto.py:700: in _write_appdata
    self._fatal_error(ex, 'Fatal error on SSL protocol')
..\..\..\..\..\AppData\Local\Python\pythoncore-3.14-64\Lib\asyncio\sslproto.py:918: in _fatal_error
    self._transport._force_close(exc)
..\..\..\..\..\AppData\Local\Python\pythoncore-3.14-64\Lib\asyncio\proactor_events.py:152: in _force_close
    self._loop.call_soon(self._call_connection_lost, exc)
..\..\..\..\..\AppData\Local\Python\pythoncore-3.14-64\Lib\asyncio\base_events.py:827: in call_soon
    self._check_closed()
..\..\..\..\..\AppData\Local\Python\pythoncore-3.14-64\Lib\asyncio\base_events.py:550: in _check_closed
    raise RuntimeError('Event loop is closed')
E   RuntimeError: Event loop is closed
------------------------------ Captured log call ------------------------------
ERROR    sqlalchemy.pool.impl.AsyncAdaptedQueuePool:base.py:377 Exception terminating connection <AdaptedConnection <asyncpg.connection.Connection object at 0x0000020EE0CF26C0>>
Traceback (most recent call last):
  File "C:\Users\nmendoza\Documents\Visual_Works\Planificacion-Voluntarios\plani-app-back\plani-app-back\.venv\Lib\site-packages\sqlalchemy\pool\base.py", line 373, in _close_connection
    self._dialect.do_terminate(connection)
    ~~~~~~~~~~~~~~~~~~~~~~~~~~^^^^^^^^^^^^
  File "C:\Users\nmendoza\Documents\Visual_Works\Planificacion-Voluntarios\plani-app-back\plani-app-back\.venv\Lib\site-packages\sqlalchemy\dialects\postgresql\asyncpg.py", line 1127, in do_terminate
    dbapi_connection.terminate()
    ~~~~~~~~~~~~~~~~~~~~~~~~~~^^
  File "C:\Users\nmendoza\Documents\Visual_Works\Planificacion-Voluntarios\plani-app-back\plani-app-back\.venv\Lib\site-packages\sqlalchemy\connectors\asyncio.py", line 402, in terminate
    self.await_(asyncio.shield(self._terminate_graceful_close()))  # type: ignore[attr-defined] # noqa: E501
    ~~~~~~~~~~~^^^^^^^^^^^^^^^^^^^^^^^^^^^^^^^^^^^^^^^^^^^^^^^^^^
  File "C:\Users\nmendoza\Documents\Visual_Works\Planificacion-Voluntarios\plani-app-back\plani-app-back\.venv\Lib\site-packages\sqlalchemy\util\_concurrency_py3k.py", line 132, in await_only
    return current.parent.switch(awaitable)  # type: ignore[no-any-return,attr-defined] # noqa: E501
           ~~~~~~~~~~~~~~~~~~~~~^^^^^^^^^^^
  File "C:\Users\nmendoza\Documents\Visual_Works\Planificacion-Voluntarios\plani-app-back\plani-app-back\.venv\Lib\site-packages\sqlalchemy\util\_concurrency_py3k.py", line 196, in greenlet_spawn
    value = await result
            ^^^^^^^^^^^^
  File "C:\Users\nmendoza\Documents\Visual_Works\Planificacion-Voluntarios\plani-app-back\plani-app-back\.venv\Lib\site-packages\sqlalchemy\dialects\postgresql\asyncpg.py", line 912, in _terminate_graceful_close
    await self._connection.close(timeout=2)
  File "C:\Users\nmendoza\Documents\Visual_Works\Planificacion-Voluntarios\plani-app-back\plani-app-back\.venv\Lib\site-packages\asyncpg\connection.py", line 1513, in close
    await self._protocol.close(timeout)
  File "asyncpg/protocol/protocol.pyx", line 617, in close
  File "asyncpg/protocol/protocol.pyx", line 650, in asyncpg.protocol.protocol.BaseProtocol._request_cancel
  File "C:\Users\nmendoza\Documents\Visual_Works\Planificacion-Voluntarios\plani-app-back\plani-app-back\.venv\Lib\site-packages\asyncpg\connection.py", line 1682, in _cancel_current_command
    self._cancellations.add(self._loop.create_task(self._cancel(waiter)))
                            ~~~~~~~~~~~~~~~~~~~~~~^^^^^^^^^^^^^^^^^^^^^^
  File "C:\Users\nmendoza\AppData\Local\Python\pythoncore-3.14-64\Lib\asyncio\base_events.py", line 466, in create_task
    self._check_closed()
    ~~~~~~~~~~~~~~~~~~^^
  File "C:\Users\nmendoza\AppData\Local\Python\pythoncore-3.14-64\Lib\asyncio\base_events.py", line 550, in _check_closed
    raise RuntimeError('Event loop is closed')
RuntimeError: Event loop is closed
__________________ test_calcular_frecuencias_capacity_limits __________________
..\..\..\..\..\AppData\Local\Python\pythoncore-3.14-64\Lib\asyncio\base_events.py:827: in call_soon
    self._check_closed()
..\..\..\..\..\AppData\Local\Python\pythoncore-3.14-64\Lib\asyncio\base_events.py:550: in _check_closed
    raise RuntimeError('Event loop is closed')
E   RuntimeError: Event loop is closed

During handling of the above exception, another exception occurred:
tests\test_frecuencias.py:61: in test_calcular_frecuencias_capacity_limits
    await setup_test_config_trimestral(db_session, TEST_TRIMESTRE)
tests\conftest.py:170: in setup_test_config_trimestral
    result = await db.execute(
.venv\Lib\site-packages\sqlalchemy\ext\asyncio\session.py:449: in execute
    result = await greenlet_spawn(
.venv\Lib\site-packages\sqlalchemy\util\_concurrency_py3k.py:201: in greenlet_spawn
    result = context.throw(*sys.exc_info())
             ^^^^^^^^^^^^^^^^^^^^^^^^^^^^^^
.venv\Lib\site-packages\sqlalchemy\orm\session.py:2351: in execute
    return self._execute_internal(
.venv\Lib\site-packages\sqlalchemy\orm\session.py:2239: in _execute_internal
    conn = self._connection_for_bind(bind)
           ^^^^^^^^^^^^^^^^^^^^^^^^^^^^^^^
.venv\Lib\site-packages\sqlalchemy\orm\session.py:2108: in _connection_for_bind
    return trans._connection_for_bind(engine, execution_options)
           ^^^^^^^^^^^^^^^^^^^^^^^^^^^^^^^^^^^^^^^^^^^^^^^^^^^^^
<string>:2: in _connection_for_bind
    ???
.venv\Lib\site-packages\sqlalchemy\orm\state_changes.py:137: in _go
    ret_value = fn(self, *arg, **kw)
                ^^^^^^^^^^^^^^^^^^^^
.venv\Lib\site-packages\sqlalchemy\orm\session.py:1187: in _connection_for_bind
    conn = bind.connect()
           ^^^^^^^^^^^^^^
.venv\Lib\site-packages\sqlalchemy\engine\base.py:3293: in connect
    return self._connection_cls(self)
           ^^^^^^^^^^^^^^^^^^^^^^^^^^
.venv\Lib\site-packages\sqlalchemy\engine\base.py:143: in __init__
    self._dbapi_connection = engine.raw_connection()
                             ^^^^^^^^^^^^^^^^^^^^^^^
.venv\Lib\site-packages\sqlalchemy\engine\base.py:3317: in raw_connection
    return self.pool.connect()
           ^^^^^^^^^^^^^^^^^^^
.venv\Lib\site-packages\sqlalchemy\pool\base.py:448: in connect
    return _ConnectionFairy._checkout(self)
           ^^^^^^^^^^^^^^^^^^^^^^^^^^^^^^^^
.venv\Lib\site-packages\sqlalchemy\pool\base.py:1371: in _checkout
    with util.safe_reraise():
         ^^^^^^^^^^^^^^^^^^^
.venv\Lib\site-packages\sqlalchemy\util\langhelpers.py:121: in __exit__
    raise exc_value.with_traceback(exc_tb)
.venv\Lib\site-packages\sqlalchemy\pool\base.py:1309: in _checkout
    result = pool._dialect._do_ping_w_event(
.venv\Lib\site-packages\sqlalchemy\engine\default.py:729: in _do_ping_w_event
    return self.do_ping(dbapi_connection)
           ^^^^^^^^^^^^^^^^^^^^^^^^^^^^^^
.venv\Lib\site-packages\sqlalchemy\dialects\postgresql\asyncpg.py:1160: in do_ping
    dbapi_connection.ping()
.venv\Lib\site-packages\sqlalchemy\dialects\postgresql\asyncpg.py:818: in ping
    self._handle_exception(error)
.venv\Lib\site-packages\sqlalchemy\dialects\postgresql\asyncpg.py:799: in _handle_exception
    raise error
.venv\Lib\site-packages\sqlalchemy\dialects\postgresql\asyncpg.py:816: in ping
    _ = self.await_(self._async_ping())
        ^^^^^^^^^^^^^^^^^^^^^^^^^^^^^^^
.venv\Lib\site-packages\sqlalchemy\util\_concurrency_py3k.py:132: in await_only
    return current.parent.switch(awaitable)  # type: ignore[no-any-return,attr-defined] # noqa: E501
           ^^^^^^^^^^^^^^^^^^^^^^^^^^^^^^^^
.venv\Lib\site-packages\sqlalchemy\util\_concurrency_py3k.py:196: in greenlet_spawn
    value = await result
            ^^^^^^^^^^^^
.venv\Lib\site-packages\sqlalchemy\dialects\postgresql\asyncpg.py:825: in _async_ping
    await tr.start()
.venv\Lib\site-packages\asyncpg\transaction.py:146: in start
    await self._connection.execute(query)
.venv\Lib\site-packages\asyncpg\connection.py:354: in execute
    result = await self._protocol.query(query, timeout)
             ^^^^^^^^^^^^^^^^^^^^^^^^^^^^^^^^^^^^^^^^^^
asyncpg/protocol/protocol.pyx:369: in query
    ???
asyncpg/protocol/protocol.pyx:362: in asyncpg.protocol.protocol.BaseProtocol.query
    ???
asyncpg/protocol/coreproto.pyx:1174: in asyncpg.protocol.protocol.CoreProtocol._simple_query
    ???
asyncpg/protocol/protocol.pyx:956: in asyncpg.protocol.protocol.BaseProtocol._write
    ???
..\..\..\..\..\AppData\Local\Python\pythoncore-3.14-64\Lib\asyncio\sslproto.py:222: in write
    self._ssl_protocol._write_appdata((data,))
..\..\..\..\..\AppData\Local\Python\pythoncore-3.14-64\Lib\asyncio\sslproto.py:700: in _write_appdata
    self._fatal_error(ex, 'Fatal error on SSL protocol')
..\..\..\..\..\AppData\Local\Python\pythoncore-3.14-64\Lib\asyncio\sslproto.py:918: in _fatal_error
    self._transport._force_close(exc)
..\..\..\..\..\AppData\Local\Python\pythoncore-3.14-64\Lib\asyncio\proactor_events.py:152: in _force_close
    self._loop.call_soon(self._call_connection_lost, exc)
..\..\..\..\..\AppData\Local\Python\pythoncore-3.14-64\Lib\asyncio\base_events.py:827: in call_soon
    self._check_closed()
..\..\..\..\..\AppData\Local\Python\pythoncore-3.14-64\Lib\asyncio\base_events.py:550: in _check_closed
    raise RuntimeError('Event loop is closed')
E   RuntimeError: Event loop is closed
------------------------------ Captured log call ------------------------------
ERROR    sqlalchemy.pool.impl.AsyncAdaptedQueuePool:base.py:377 Exception terminating connection <AdaptedConnection <asyncpg.connection.Connection object at 0x0000020EE1532990>>
Traceback (most recent call last):
  File "C:\Users\nmendoza\Documents\Visual_Works\Planificacion-Voluntarios\plani-app-back\plani-app-back\.venv\Lib\site-packages\sqlalchemy\pool\base.py", line 373, in _close_connection
    self._dialect.do_terminate(connection)
    ~~~~~~~~~~~~~~~~~~~~~~~~~~^^^^^^^^^^^^
  File "C:\Users\nmendoza\Documents\Visual_Works\Planificacion-Voluntarios\plani-app-back\plani-app-back\.venv\Lib\site-packages\sqlalchemy\dialects\postgresql\asyncpg.py", line 1127, in do_terminate
    dbapi_connection.terminate()
    ~~~~~~~~~~~~~~~~~~~~~~~~~~^^
  File "C:\Users\nmendoza\Documents\Visual_Works\Planificacion-Voluntarios\plani-app-back\plani-app-back\.venv\Lib\site-packages\sqlalchemy\connectors\asyncio.py", line 402, in terminate
    self.await_(asyncio.shield(self._terminate_graceful_close()))  # type: ignore[attr-defined] # noqa: E501
    ~~~~~~~~~~~^^^^^^^^^^^^^^^^^^^^^^^^^^^^^^^^^^^^^^^^^^^^^^^^^^
  File "C:\Users\nmendoza\Documents\Visual_Works\Planificacion-Voluntarios\plani-app-back\plani-app-back\.venv\Lib\site-packages\sqlalchemy\util\_concurrency_py3k.py", line 132, in await_only
    return current.parent.switch(awaitable)  # type: ignore[no-any-return,attr-defined] # noqa: E501
           ~~~~~~~~~~~~~~~~~~~~~^^^^^^^^^^^
  File "C:\Users\nmendoza\Documents\Visual_Works\Planificacion-Voluntarios\plani-app-back\plani-app-back\.venv\Lib\site-packages\sqlalchemy\util\_concurrency_py3k.py", line 196, in greenlet_spawn
    value = await result
            ^^^^^^^^^^^^
  File "C:\Users\nmendoza\Documents\Visual_Works\Planificacion-Voluntarios\plani-app-back\plani-app-back\.venv\Lib\site-packages\sqlalchemy\dialects\postgresql\asyncpg.py", line 912, in _terminate_graceful_close
    await self._connection.close(timeout=2)
  File "C:\Users\nmendoza\Documents\Visual_Works\Planificacion-Voluntarios\plani-app-back\plani-app-back\.venv\Lib\site-packages\asyncpg\connection.py", line 1513, in close
    await self._protocol.close(timeout)
  File "asyncpg/protocol/protocol.pyx", line 617, in close
  File "asyncpg/protocol/protocol.pyx", line 650, in asyncpg.protocol.protocol.BaseProtocol._request_cancel
  File "C:\Users\nmendoza\Documents\Visual_Works\Planificacion-Voluntarios\plani-app-back\plani-app-back\.venv\Lib\site-packages\asyncpg\connection.py", line 1682, in _cancel_current_command
    self._cancellations.add(self._loop.create_task(self._cancel(waiter)))
                            ~~~~~~~~~~~~~~~~~~~~~~^^^^^^^^^^^^^^^^^^^^^^
  File "C:\Users\nmendoza\AppData\Local\Python\pythoncore-3.14-64\Lib\asyncio\base_events.py", line 466, in create_task
    self._check_closed()
    ~~~~~~~~~~~~~~~~~~^^
  File "C:\Users\nmendoza\AppData\Local\Python\pythoncore-3.14-64\Lib\asyncio\base_events.py", line 550, in _check_closed
    raise RuntimeError('Event loop is closed')
RuntimeError: Event loop is closed
_________________________ test_confirmar_frecuencias __________________________
..\..\..\..\..\AppData\Local\Python\pythoncore-3.14-64\Lib\asyncio\base_events.py:827: in call_soon
    self._check_closed()
..\..\..\..\..\AppData\Local\Python\pythoncore-3.14-64\Lib\asyncio\base_events.py:550: in _check_closed
    raise RuntimeError('Event loop is closed')
E   RuntimeError: Event loop is closed

During handling of the above exception, another exception occurred:
tests\test_frecuencias.py:85: in test_confirmar_frecuencias
    await setup_test_config_trimestral(db_session, TEST_TRIMESTRE)
tests\conftest.py:170: in setup_test_config_trimestral
    result = await db.execute(
.venv\Lib\site-packages\sqlalchemy\ext\asyncio\session.py:449: in execute
    result = await greenlet_spawn(
.venv\Lib\site-packages\sqlalchemy\util\_concurrency_py3k.py:201: in greenlet_spawn
    result = context.throw(*sys.exc_info())
             ^^^^^^^^^^^^^^^^^^^^^^^^^^^^^^
.venv\Lib\site-packages\sqlalchemy\orm\session.py:2351: in execute
    return self._execute_internal(
.venv\Lib\site-packages\sqlalchemy\orm\session.py:2239: in _execute_internal
    conn = self._connection_for_bind(bind)
           ^^^^^^^^^^^^^^^^^^^^^^^^^^^^^^^
.venv\Lib\site-packages\sqlalchemy\orm\session.py:2108: in _connection_for_bind
    return trans._connection_for_bind(engine, execution_options)
           ^^^^^^^^^^^^^^^^^^^^^^^^^^^^^^^^^^^^^^^^^^^^^^^^^^^^^
<string>:2: in _connection_for_bind
    ???
.venv\Lib\site-packages\sqlalchemy\orm\state_changes.py:137: in _go
    ret_value = fn(self, *arg, **kw)
                ^^^^^^^^^^^^^^^^^^^^
.venv\Lib\site-packages\sqlalchemy\orm\session.py:1187: in _connection_for_bind
    conn = bind.connect()
           ^^^^^^^^^^^^^^
.venv\Lib\site-packages\sqlalchemy\engine\base.py:3293: in connect
    return self._connection_cls(self)
           ^^^^^^^^^^^^^^^^^^^^^^^^^^
.venv\Lib\site-packages\sqlalchemy\engine\base.py:143: in __init__
    self._dbapi_connection = engine.raw_connection()
                             ^^^^^^^^^^^^^^^^^^^^^^^
.venv\Lib\site-packages\sqlalchemy\engine\base.py:3317: in raw_connection
    return self.pool.connect()
           ^^^^^^^^^^^^^^^^^^^
.venv\Lib\site-packages\sqlalchemy\pool\base.py:448: in connect
    return _ConnectionFairy._checkout(self)
           ^^^^^^^^^^^^^^^^^^^^^^^^^^^^^^^^
.venv\Lib\site-packages\sqlalchemy\pool\base.py:1371: in _checkout
    with util.safe_reraise():
         ^^^^^^^^^^^^^^^^^^^
.venv\Lib\site-packages\sqlalchemy\util\langhelpers.py:121: in __exit__
    raise exc_value.with_traceback(exc_tb)
.venv\Lib\site-packages\sqlalchemy\pool\base.py:1309: in _checkout
    result = pool._dialect._do_ping_w_event(
.venv\Lib\site-packages\sqlalchemy\engine\default.py:729: in _do_ping_w_event
    return self.do_ping(dbapi_connection)
           ^^^^^^^^^^^^^^^^^^^^^^^^^^^^^^
.venv\Lib\site-packages\sqlalchemy\dialects\postgresql\asyncpg.py:1160: in do_ping
    dbapi_connection.ping()
.venv\Lib\site-packages\sqlalchemy\dialects\postgresql\asyncpg.py:818: in ping
    self._handle_exception(error)
.venv\Lib\site-packages\sqlalchemy\dialects\postgresql\asyncpg.py:799: in _handle_exception
    raise error
.venv\Lib\site-packages\sqlalchemy\dialects\postgresql\asyncpg.py:816: in ping
    _ = self.await_(self._async_ping())
        ^^^^^^^^^^^^^^^^^^^^^^^^^^^^^^^
.venv\Lib\site-packages\sqlalchemy\util\_concurrency_py3k.py:132: in await_only
    return current.parent.switch(awaitable)  # type: ignore[no-any-return,attr-defined] # noqa: E501
           ^^^^^^^^^^^^^^^^^^^^^^^^^^^^^^^^
.venv\Lib\site-packages\sqlalchemy\util\_concurrency_py3k.py:196: in greenlet_spawn
    value = await result
            ^^^^^^^^^^^^
.venv\Lib\site-packages\sqlalchemy\dialects\postgresql\asyncpg.py:825: in _async_ping
    await tr.start()
.venv\Lib\site-packages\asyncpg\transaction.py:146: in start
    await self._connection.execute(query)
.venv\Lib\site-packages\asyncpg\connection.py:354: in execute
    result = await self._protocol.query(query, timeout)
             ^^^^^^^^^^^^^^^^^^^^^^^^^^^^^^^^^^^^^^^^^^
asyncpg/protocol/protocol.pyx:369: in query
    ???
asyncpg/protocol/protocol.pyx:362: in asyncpg.protocol.protocol.BaseProtocol.query
    ???
asyncpg/protocol/coreproto.pyx:1174: in asyncpg.protocol.protocol.CoreProtocol._simple_query
    ???
asyncpg/protocol/protocol.pyx:956: in asyncpg.protocol.protocol.BaseProtocol._write
    ???
..\..\..\..\..\AppData\Local\Python\pythoncore-3.14-64\Lib\asyncio\sslproto.py:222: in write
    self._ssl_protocol._write_appdata((data,))
..\..\..\..\..\AppData\Local\Python\pythoncore-3.14-64\Lib\asyncio\sslproto.py:700: in _write_appdata
    self._fatal_error(ex, 'Fatal error on SSL protocol')
..\..\..\..\..\AppData\Local\Python\pythoncore-3.14-64\Lib\asyncio\sslproto.py:918: in _fatal_error
    self._transport._force_close(exc)
..\..\..\..\..\AppData\Local\Python\pythoncore-3.14-64\Lib\asyncio\proactor_events.py:152: in _force_close
    self._loop.call_soon(self._call_connection_lost, exc)
..\..\..\..\..\AppData\Local\Python\pythoncore-3.14-64\Lib\asyncio\base_events.py:827: in call_soon
    self._check_closed()
..\..\..\..\..\AppData\Local\Python\pythoncore-3.14-64\Lib\asyncio\base_events.py:550: in _check_closed
    raise RuntimeError('Event loop is closed')
E   RuntimeError: Event loop is closed
------------------------------ Captured log call ------------------------------
ERROR    sqlalchemy.pool.impl.AsyncAdaptedQueuePool:base.py:377 Exception terminating connection <AdaptedConnection <asyncpg.connection.Connection object at 0x0000020EE15928A0>>
Traceback (most recent call last):
  File "C:\Users\nmendoza\Documents\Visual_Works\Planificacion-Voluntarios\plani-app-back\plani-app-back\.venv\Lib\site-packages\sqlalchemy\pool\base.py", line 373, in _close_connection
    self._dialect.do_terminate(connection)
    ~~~~~~~~~~~~~~~~~~~~~~~~~~^^^^^^^^^^^^
  File "C:\Users\nmendoza\Documents\Visual_Works\Planificacion-Voluntarios\plani-app-back\plani-app-back\.venv\Lib\site-packages\sqlalchemy\dialects\postgresql\asyncpg.py", line 1127, in do_terminate
    dbapi_connection.terminate()
    ~~~~~~~~~~~~~~~~~~~~~~~~~~^^
  File "C:\Users\nmendoza\Documents\Visual_Works\Planificacion-Voluntarios\plani-app-back\plani-app-back\.venv\Lib\site-packages\sqlalchemy\connectors\asyncio.py", line 402, in terminate
    self.await_(asyncio.shield(self._terminate_graceful_close()))  # type: ignore[attr-defined] # noqa: E501
    ~~~~~~~~~~~^^^^^^^^^^^^^^^^^^^^^^^^^^^^^^^^^^^^^^^^^^^^^^^^^^
  File "C:\Users\nmendoza\Documents\Visual_Works\Planificacion-Voluntarios\plani-app-back\plani-app-back\.venv\Lib\site-packages\sqlalchemy\util\_concurrency_py3k.py", line 132, in await_only
    return current.parent.switch(awaitable)  # type: ignore[no-any-return,attr-defined] # noqa: E501
           ~~~~~~~~~~~~~~~~~~~~~^^^^^^^^^^^
  File "C:\Users\nmendoza\Documents\Visual_Works\Planificacion-Voluntarios\plani-app-back\plani-app-back\.venv\Lib\site-packages\sqlalchemy\util\_concurrency_py3k.py", line 196, in greenlet_spawn
    value = await result
            ^^^^^^^^^^^^
  File "C:\Users\nmendoza\Documents\Visual_Works\Planificacion-Voluntarios\plani-app-back\plani-app-back\.venv\Lib\site-packages\sqlalchemy\dialects\postgresql\asyncpg.py", line 912, in _terminate_graceful_close
    await self._connection.close(timeout=2)
  File "C:\Users\nmendoza\Documents\Visual_Works\Planificacion-Voluntarios\plani-app-back\plani-app-back\.venv\Lib\site-packages\asyncpg\connection.py", line 1513, in close
    await self._protocol.close(timeout)
  File "asyncpg/protocol/protocol.pyx", line 617, in close
  File "asyncpg/protocol/protocol.pyx", line 650, in asyncpg.protocol.protocol.BaseProtocol._request_cancel
  File "C:\Users\nmendoza\Documents\Visual_Works\Planificacion-Voluntarios\plani-app-back\plani-app-back\.venv\Lib\site-packages\asyncpg\connection.py", line 1682, in _cancel_current_command
    self._cancellations.add(self._loop.create_task(self._cancel(waiter)))
                            ~~~~~~~~~~~~~~~~~~~~~~^^^^^^^^^^^^^^^^^^^^^^
  File "C:\Users\nmendoza\AppData\Local\Python\pythoncore-3.14-64\Lib\asyncio\base_events.py", line 466, in create_task
    self._check_closed()
    ~~~~~~~~~~~~~~~~~~^^
  File "C:\Users\nmendoza\AppData\Local\Python\pythoncore-3.14-64\Lib\asyncio\base_events.py", line 550, in _check_closed
    raise RuntimeError('Event loop is closed')
RuntimeError: Event loop is closed
____________________ test_obtener_frecuencias_confirmadas _____________________
..\..\..\..\..\AppData\Local\Python\pythoncore-3.14-64\Lib\asyncio\base_events.py:827: in call_soon
    self._check_closed()
..\..\..\..\..\AppData\Local\Python\pythoncore-3.14-64\Lib\asyncio\base_events.py:550: in _check_closed
    raise RuntimeError('Event loop is closed')
E   RuntimeError: Event loop is closed

During handling of the above exception, another exception occurred:
tests\test_frecuencias.py:120: in test_obtener_frecuencias_confirmadas
    await setup_test_config_trimestral(db_session, TEST_TRIMESTRE)
tests\conftest.py:170: in setup_test_config_trimestral
    result = await db.execute(
.venv\Lib\site-packages\sqlalchemy\ext\asyncio\session.py:449: in execute
    result = await greenlet_spawn(
.venv\Lib\site-packages\sqlalchemy\util\_concurrency_py3k.py:201: in greenlet_spawn
    result = context.throw(*sys.exc_info())
             ^^^^^^^^^^^^^^^^^^^^^^^^^^^^^^
.venv\Lib\site-packages\sqlalchemy\orm\session.py:2351: in execute
    return self._execute_internal(
.venv\Lib\site-packages\sqlalchemy\orm\session.py:2239: in _execute_internal
    conn = self._connection_for_bind(bind)
           ^^^^^^^^^^^^^^^^^^^^^^^^^^^^^^^
.venv\Lib\site-packages\sqlalchemy\orm\session.py:2108: in _connection_for_bind
    return trans._connection_for_bind(engine, execution_options)
           ^^^^^^^^^^^^^^^^^^^^^^^^^^^^^^^^^^^^^^^^^^^^^^^^^^^^^
<string>:2: in _connection_for_bind
    ???
.venv\Lib\site-packages\sqlalchemy\orm\state_changes.py:137: in _go
    ret_value = fn(self, *arg, **kw)
                ^^^^^^^^^^^^^^^^^^^^
.venv\Lib\site-packages\sqlalchemy\orm\session.py:1187: in _connection_for_bind
    conn = bind.connect()
           ^^^^^^^^^^^^^^
.venv\Lib\site-packages\sqlalchemy\engine\base.py:3293: in connect
    return self._connection_cls(self)
           ^^^^^^^^^^^^^^^^^^^^^^^^^^
.venv\Lib\site-packages\sqlalchemy\engine\base.py:143: in __init__
    self._dbapi_connection = engine.raw_connection()
                             ^^^^^^^^^^^^^^^^^^^^^^^
.venv\Lib\site-packages\sqlalchemy\engine\base.py:3317: in raw_connection
    return self.pool.connect()
           ^^^^^^^^^^^^^^^^^^^
.venv\Lib\site-packages\sqlalchemy\pool\base.py:448: in connect
    return _ConnectionFairy._checkout(self)
           ^^^^^^^^^^^^^^^^^^^^^^^^^^^^^^^^
.venv\Lib\site-packages\sqlalchemy\pool\base.py:1371: in _checkout
    with util.safe_reraise():
         ^^^^^^^^^^^^^^^^^^^
.venv\Lib\site-packages\sqlalchemy\util\langhelpers.py:121: in __exit__
    raise exc_value.with_traceback(exc_tb)
.venv\Lib\site-packages\sqlalchemy\pool\base.py:1309: in _checkout
    result = pool._dialect._do_ping_w_event(
.venv\Lib\site-packages\sqlalchemy\engine\default.py:729: in _do_ping_w_event
    return self.do_ping(dbapi_connection)
           ^^^^^^^^^^^^^^^^^^^^^^^^^^^^^^
.venv\Lib\site-packages\sqlalchemy\dialects\postgresql\asyncpg.py:1160: in do_ping
    dbapi_connection.ping()
.venv\Lib\site-packages\sqlalchemy\dialects\postgresql\asyncpg.py:818: in ping
    self._handle_exception(error)
.venv\Lib\site-packages\sqlalchemy\dialects\postgresql\asyncpg.py:799: in _handle_exception
    raise error
.venv\Lib\site-packages\sqlalchemy\dialects\postgresql\asyncpg.py:816: in ping
    _ = self.await_(self._async_ping())
        ^^^^^^^^^^^^^^^^^^^^^^^^^^^^^^^
.venv\Lib\site-packages\sqlalchemy\util\_concurrency_py3k.py:132: in await_only
    return current.parent.switch(awaitable)  # type: ignore[no-any-return,attr-defined] # noqa: E501
           ^^^^^^^^^^^^^^^^^^^^^^^^^^^^^^^^
.venv\Lib\site-packages\sqlalchemy\util\_concurrency_py3k.py:196: in greenlet_spawn
    value = await result
            ^^^^^^^^^^^^
.venv\Lib\site-packages\sqlalchemy\dialects\postgresql\asyncpg.py:825: in _async_ping
    await tr.start()
.venv\Lib\site-packages\asyncpg\transaction.py:146: in start
    await self._connection.execute(query)
.venv\Lib\site-packages\asyncpg\connection.py:354: in execute
    result = await self._protocol.query(query, timeout)
             ^^^^^^^^^^^^^^^^^^^^^^^^^^^^^^^^^^^^^^^^^^
asyncpg/protocol/protocol.pyx:369: in query
    ???
asyncpg/protocol/protocol.pyx:362: in asyncpg.protocol.protocol.BaseProtocol.query
    ???
asyncpg/protocol/coreproto.pyx:1174: in asyncpg.protocol.protocol.CoreProtocol._simple_query
    ???
asyncpg/protocol/protocol.pyx:956: in asyncpg.protocol.protocol.BaseProtocol._write
    ???
..\..\..\..\..\AppData\Local\Python\pythoncore-3.14-64\Lib\asyncio\sslproto.py:222: in write
    self._ssl_protocol._write_appdata((data,))
..\..\..\..\..\AppData\Local\Python\pythoncore-3.14-64\Lib\asyncio\sslproto.py:700: in _write_appdata
    self._fatal_error(ex, 'Fatal error on SSL protocol')
..\..\..\..\..\AppData\Local\Python\pythoncore-3.14-64\Lib\asyncio\sslproto.py:918: in _fatal_error
    self._transport._force_close(exc)
..\..\..\..\..\AppData\Local\Python\pythoncore-3.14-64\Lib\asyncio\proactor_events.py:152: in _force_close
    self._loop.call_soon(self._call_connection_lost, exc)
..\..\..\..\..\AppData\Local\Python\pythoncore-3.14-64\Lib\asyncio\base_events.py:827: in call_soon
    self._check_closed()
..\..\..\..\..\AppData\Local\Python\pythoncore-3.14-64\Lib\asyncio\base_events.py:550: in _check_closed
    raise RuntimeError('Event loop is closed')
E   RuntimeError: Event loop is closed
------------------------------ Captured log call ------------------------------
ERROR    sqlalchemy.pool.impl.AsyncAdaptedQueuePool:base.py:377 Exception terminating connection <AdaptedConnection <asyncpg.connection.Connection object at 0x0000020EE1569040>>
Traceback (most recent call last):
  File "C:\Users\nmendoza\Documents\Visual_Works\Planificacion-Voluntarios\plani-app-back\plani-app-back\.venv\Lib\site-packages\sqlalchemy\pool\base.py", line 373, in _close_connection
    self._dialect.do_terminate(connection)
    ~~~~~~~~~~~~~~~~~~~~~~~~~~^^^^^^^^^^^^
  File "C:\Users\nmendoza\Documents\Visual_Works\Planificacion-Voluntarios\plani-app-back\plani-app-back\.venv\Lib\site-packages\sqlalchemy\dialects\postgresql\asyncpg.py", line 1127, in do_terminate
    dbapi_connection.terminate()
    ~~~~~~~~~~~~~~~~~~~~~~~~~~^^
  File "C:\Users\nmendoza\Documents\Visual_Works\Planificacion-Voluntarios\plani-app-back\plani-app-back\.venv\Lib\site-packages\sqlalchemy\connectors\asyncio.py", line 402, in terminate
    self.await_(asyncio.shield(self._terminate_graceful_close()))  # type: ignore[attr-defined] # noqa: E501
    ~~~~~~~~~~~^^^^^^^^^^^^^^^^^^^^^^^^^^^^^^^^^^^^^^^^^^^^^^^^^^
  File "C:\Users\nmendoza\Documents\Visual_Works\Planificacion-Voluntarios\plani-app-back\plani-app-back\.venv\Lib\site-packages\sqlalchemy\util\_concurrency_py3k.py", line 132, in await_only
    return current.parent.switch(awaitable)  # type: ignore[no-any-return,attr-defined] # noqa: E501
           ~~~~~~~~~~~~~~~~~~~~~^^^^^^^^^^^
  File "C:\Users\nmendoza\Documents\Visual_Works\Planificacion-Voluntarios\plani-app-back\plani-app-back\.venv\Lib\site-packages\sqlalchemy\util\_concurrency_py3k.py", line 196, in greenlet_spawn
    value = await result
            ^^^^^^^^^^^^
  File "C:\Users\nmendoza\Documents\Visual_Works\Planificacion-Voluntarios\plani-app-back\plani-app-back\.venv\Lib\site-packages\sqlalchemy\dialects\postgresql\asyncpg.py", line 912, in _terminate_graceful_close
    await self._connection.close(timeout=2)
  File "C:\Users\nmendoza\Documents\Visual_Works\Planificacion-Voluntarios\plani-app-back\plani-app-back\.venv\Lib\site-packages\asyncpg\connection.py", line 1513, in close
    await self._protocol.close(timeout)
  File "asyncpg/protocol/protocol.pyx", line 617, in close
  File "asyncpg/protocol/protocol.pyx", line 650, in asyncpg.protocol.protocol.BaseProtocol._request_cancel
  File "C:\Users\nmendoza\Documents\Visual_Works\Planificacion-Voluntarios\plani-app-back\plani-app-back\.venv\Lib\site-packages\asyncpg\connection.py", line 1682, in _cancel_current_command
    self._cancellations.add(self._loop.create_task(self._cancel(waiter)))
                            ~~~~~~~~~~~~~~~~~~~~~~^^^^^^^^^^^^^^^^^^^^^^
  File "C:\Users\nmendoza\AppData\Local\Python\pythoncore-3.14-64\Lib\asyncio\base_events.py", line 466, in create_task
    self._check_closed()
    ~~~~~~~~~~~~~~~~~~^^
  File "C:\Users\nmendoza\AppData\Local\Python\pythoncore-3.14-64\Lib\asyncio\base_events.py", line 550, in _check_closed
    raise RuntimeError('Event loop is closed')
RuntimeError: Event loop is closed
______________________ test_frecuencias_empty_trimestre _______________________
..\..\..\..\..\AppData\Local\Python\pythoncore-3.14-64\Lib\asyncio\base_events.py:827: in call_soon
    self._check_closed()
..\..\..\..\..\AppData\Local\Python\pythoncore-3.14-64\Lib\asyncio\base_events.py:550: in _check_closed
    raise RuntimeError('Event loop is closed')
E   RuntimeError: Event loop is closed

During handling of the above exception, another exception occurred:
tests\test_frecuencias.py:153: in test_frecuencias_empty_trimestre
    response = await client.get("/api/frecuencias/NONEXISTENT-Q1")
               ^^^^^^^^^^^^^^^^^^^^^^^^^^^^^^^^^^^^^^^^^^^^^^^^^^^
.venv\Lib\site-packages\httpx\_client.py:1768: in get
    return await self.request(
.venv\Lib\site-packages\httpx\_client.py:1540: in request
    return await self.send(request, auth=auth, follow_redirects=follow_redirects)
           ^^^^^^^^^^^^^^^^^^^^^^^^^^^^^^^^^^^^^^^^^^^^^^^^^^^^^^^^^^^^^^^^^^^^^^
.venv\Lib\site-packages\httpx\_client.py:1629: in send
    response = await self._send_handling_auth(
.venv\Lib\site-packages\httpx\_client.py:1657: in _send_handling_auth
    response = await self._send_handling_redirects(
.venv\Lib\site-packages\httpx\_client.py:1694: in _send_handling_redirects
    response = await self._send_single_request(request)
               ^^^^^^^^^^^^^^^^^^^^^^^^^^^^^^^^^^^^^^^^
.venv\Lib\site-packages\httpx\_client.py:1730: in _send_single_request
    response = await transport.handle_async_request(request)
               ^^^^^^^^^^^^^^^^^^^^^^^^^^^^^^^^^^^^^^^^^^^^^
.venv\Lib\site-packages\httpx\_transports\asgi.py:170: in handle_async_request
    await self.app(scope, receive, send)
.venv\Lib\site-packages\fastapi\applications.py:1163: in __call__
    await super().__call__(scope, receive, send)
.venv\Lib\site-packages\starlette\applications.py:90: in __call__
    await self.middleware_stack(scope, receive, send)
.venv\Lib\site-packages\starlette\middleware\errors.py:186: in __call__
    raise exc
.venv\Lib\site-packages\starlette\middleware\errors.py:164: in __call__
    await self.app(scope, receive, _send)
.venv\Lib\site-packages\starlette\middleware\cors.py:88: in __call__
    await self.app(scope, receive, send)
.venv\Lib\site-packages\starlette\middleware\exceptions.py:63: in __call__
    await wrap_app_handling_exceptions(self.app, conn)(scope, receive, send)
.venv\Lib\site-packages\starlette\_exception_handler.py:53: in wrapped_app
    raise exc
.venv\Lib\site-packages\starlette\_exception_handler.py:42: in wrapped_app
    await app(scope, receive, sender)
.venv\Lib\site-packages\fastapi\middleware\asyncexitstack.py:18: in __call__
    await self.app(scope, receive, send)
.venv\Lib\site-packages\starlette\routing.py:660: in __call__
    await self.middleware_stack(scope, receive, send)
.venv\Lib\site-packages\starlette\routing.py:680: in app
    await route.handle(scope, receive, send)
.venv\Lib\site-packages\starlette\routing.py:276: in handle
    await self.app(scope, receive, send)
.venv\Lib\site-packages\fastapi\routing.py:134: in app
    await wrap_app_handling_exceptions(app, request)(scope, receive, send)
.venv\Lib\site-packages\starlette\_exception_handler.py:53: in wrapped_app
    raise exc
.venv\Lib\site-packages\starlette\_exception_handler.py:42: in wrapped_app
    await app(scope, receive, sender)
.venv\Lib\site-packages\fastapi\routing.py:120: in app
    response = await f(request)
               ^^^^^^^^^^^^^^^^
.venv\Lib\site-packages\fastapi\routing.py:674: in app
    raw_response = await run_endpoint_function(
.venv\Lib\site-packages\fastapi\routing.py:328: in run_endpoint_function
    return await dependant.call(**values)
           ^^^^^^^^^^^^^^^^^^^^^^^^^^^^^^
app\routers\frecuencias.py:705: in obtener_frecuencias
    result = await db.execute(
.venv\Lib\site-packages\sqlalchemy\ext\asyncio\session.py:449: in execute
    result = await greenlet_spawn(
.venv\Lib\site-packages\sqlalchemy\util\_concurrency_py3k.py:201: in greenlet_spawn
    result = context.throw(*sys.exc_info())
             ^^^^^^^^^^^^^^^^^^^^^^^^^^^^^^
.venv\Lib\site-packages\sqlalchemy\orm\session.py:2351: in execute
    return self._execute_internal(
.venv\Lib\site-packages\sqlalchemy\orm\session.py:2239: in _execute_internal
    conn = self._connection_for_bind(bind)
           ^^^^^^^^^^^^^^^^^^^^^^^^^^^^^^^
.venv\Lib\site-packages\sqlalchemy\orm\session.py:2108: in _connection_for_bind
    return trans._connection_for_bind(engine, execution_options)
           ^^^^^^^^^^^^^^^^^^^^^^^^^^^^^^^^^^^^^^^^^^^^^^^^^^^^^
<string>:2: in _connection_for_bind
    ???
.venv\Lib\site-packages\sqlalchemy\orm\state_changes.py:137: in _go
    ret_value = fn(self, *arg, **kw)
                ^^^^^^^^^^^^^^^^^^^^
.venv\Lib\site-packages\sqlalchemy\orm\session.py:1187: in _connection_for_bind
    conn = bind.connect()
           ^^^^^^^^^^^^^^
.venv\Lib\site-packages\sqlalchemy\engine\base.py:3293: in connect
    return self._connection_cls(self)
           ^^^^^^^^^^^^^^^^^^^^^^^^^^
.venv\Lib\site-packages\sqlalchemy\engine\base.py:143: in __init__
    self._dbapi_connection = engine.raw_connection()
                             ^^^^^^^^^^^^^^^^^^^^^^^
.venv\Lib\site-packages\sqlalchemy\engine\base.py:3317: in raw_connection
    return self.pool.connect()
           ^^^^^^^^^^^^^^^^^^^
.venv\Lib\site-packages\sqlalchemy\pool\base.py:448: in connect
    return _ConnectionFairy._checkout(self)
           ^^^^^^^^^^^^^^^^^^^^^^^^^^^^^^^^
.venv\Lib\site-packages\sqlalchemy\pool\base.py:1371: in _checkout
    with util.safe_reraise():
         ^^^^^^^^^^^^^^^^^^^
.venv\Lib\site-packages\sqlalchemy\util\langhelpers.py:121: in __exit__
    raise exc_value.with_traceback(exc_tb)
.venv\Lib\site-packages\sqlalchemy\pool\base.py:1309: in _checkout
    result = pool._dialect._do_ping_w_event(
.venv\Lib\site-packages\sqlalchemy\engine\default.py:729: in _do_ping_w_event
    return self.do_ping(dbapi_connection)
           ^^^^^^^^^^^^^^^^^^^^^^^^^^^^^^
.venv\Lib\site-packages\sqlalchemy\dialects\postgresql\asyncpg.py:1160: in do_ping
    dbapi_connection.ping()
.venv\Lib\site-packages\sqlalchemy\dialects\postgresql\asyncpg.py:818: in ping
    self._handle_exception(error)
.venv\Lib\site-packages\sqlalchemy\dialects\postgresql\asyncpg.py:799: in _handle_exception
    raise error
.venv\Lib\site-packages\sqlalchemy\dialects\postgresql\asyncpg.py:816: in ping
    _ = self.await_(self._async_ping())
        ^^^^^^^^^^^^^^^^^^^^^^^^^^^^^^^
.venv\Lib\site-packages\sqlalchemy\util\_concurrency_py3k.py:132: in await_only
    return current.parent.switch(awaitable)  # type: ignore[no-any-return,attr-defined] # noqa: E501
           ^^^^^^^^^^^^^^^^^^^^^^^^^^^^^^^^
.venv\Lib\site-packages\sqlalchemy\util\_concurrency_py3k.py:196: in greenlet_spawn
    value = await result
            ^^^^^^^^^^^^
.venv\Lib\site-packages\sqlalchemy\dialects\postgresql\asyncpg.py:825: in _async_ping
    await tr.start()
.venv\Lib\site-packages\asyncpg\transaction.py:146: in start
    await self._connection.execute(query)
.venv\Lib\site-packages\asyncpg\connection.py:354: in execute
    result = await self._protocol.query(query, timeout)
             ^^^^^^^^^^^^^^^^^^^^^^^^^^^^^^^^^^^^^^^^^^
asyncpg/protocol/protocol.pyx:369: in query
    ???
asyncpg/protocol/protocol.pyx:362: in asyncpg.protocol.protocol.BaseProtocol.query
    ???
asyncpg/protocol/coreproto.pyx:1174: in asyncpg.protocol.protocol.CoreProtocol._simple_query
    ???
asyncpg/protocol/protocol.pyx:956: in asyncpg.protocol.protocol.BaseProtocol._write
    ???
..\..\..\..\..\AppData\Local\Python\pythoncore-3.14-64\Lib\asyncio\sslproto.py:222: in write
    self._ssl_protocol._write_appdata((data,))
..\..\..\..\..\AppData\Local\Python\pythoncore-3.14-64\Lib\asyncio\sslproto.py:700: in _write_appdata
    self._fatal_error(ex, 'Fatal error on SSL protocol')
..\..\..\..\..\AppData\Local\Python\pythoncore-3.14-64\Lib\asyncio\sslproto.py:918: in _fatal_error
    self._transport._force_close(exc)
..\..\..\..\..\AppData\Local\Python\pythoncore-3.14-64\Lib\asyncio\proactor_events.py:152: in _force_close
    self._loop.call_soon(self._call_connection_lost, exc)
..\..\..\..\..\AppData\Local\Python\pythoncore-3.14-64\Lib\asyncio\base_events.py:827: in call_soon
    self._check_closed()
..\..\..\..\..\AppData\Local\Python\pythoncore-3.14-64\Lib\asyncio\base_events.py:550: in _check_closed
    raise RuntimeError('Event loop is closed')
E   RuntimeError: Event loop is closed
------------------------------ Captured log call ------------------------------
ERROR    sqlalchemy.pool.impl.AsyncAdaptedQueuePool:base.py:377 Exception terminating connection <AdaptedConnection <asyncpg.connection.Connection object at 0x0000020EE15325D0>>
Traceback (most recent call last):
  File "C:\Users\nmendoza\Documents\Visual_Works\Planificacion-Voluntarios\plani-app-back\plani-app-back\.venv\Lib\site-packages\sqlalchemy\pool\base.py", line 373, in _close_connection
    self._dialect.do_terminate(connection)
    ~~~~~~~~~~~~~~~~~~~~~~~~~~^^^^^^^^^^^^
  File "C:\Users\nmendoza\Documents\Visual_Works\Planificacion-Voluntarios\plani-app-back\plani-app-back\.venv\Lib\site-packages\sqlalchemy\dialects\postgresql\asyncpg.py", line 1127, in do_terminate
    dbapi_connection.terminate()
    ~~~~~~~~~~~~~~~~~~~~~~~~~~^^
  File "C:\Users\nmendoza\Documents\Visual_Works\Planificacion-Voluntarios\plani-app-back\plani-app-back\.venv\Lib\site-packages\sqlalchemy\connectors\asyncio.py", line 402, in terminate
    self.await_(asyncio.shield(self._terminate_graceful_close()))  # type: ignore[attr-defined] # noqa: E501
    ~~~~~~~~~~~^^^^^^^^^^^^^^^^^^^^^^^^^^^^^^^^^^^^^^^^^^^^^^^^^^
  File "C:\Users\nmendoza\Documents\Visual_Works\Planificacion-Voluntarios\plani-app-back\plani-app-back\.venv\Lib\site-packages\sqlalchemy\util\_concurrency_py3k.py", line 132, in await_only
    return current.parent.switch(awaitable)  # type: ignore[no-any-return,attr-defined] # noqa: E501
           ~~~~~~~~~~~~~~~~~~~~~^^^^^^^^^^^
  File "C:\Users\nmendoza\Documents\Visual_Works\Planificacion-Voluntarios\plani-app-back\plani-app-back\.venv\Lib\site-packages\sqlalchemy\util\_concurrency_py3k.py", line 196, in greenlet_spawn
    value = await result
            ^^^^^^^^^^^^
  File "C:\Users\nmendoza\Documents\Visual_Works\Planificacion-Voluntarios\plani-app-back\plani-app-back\.venv\Lib\site-packages\sqlalchemy\dialects\postgresql\asyncpg.py", line 912, in _terminate_graceful_close
    await self._connection.close(timeout=2)
  File "C:\Users\nmendoza\Documents\Visual_Works\Planificacion-Voluntarios\plani-app-back\plani-app-back\.venv\Lib\site-packages\asyncpg\connection.py", line 1513, in close
    await self._protocol.close(timeout)
  File "asyncpg/protocol/protocol.pyx", line 617, in close
  File "asyncpg/protocol/protocol.pyx", line 650, in asyncpg.protocol.protocol.BaseProtocol._request_cancel
  File "C:\Users\nmendoza\Documents\Visual_Works\Planificacion-Voluntarios\plani-app-back\plani-app-back\.venv\Lib\site-packages\asyncpg\connection.py", line 1682, in _cancel_current_command
    self._cancellations.add(self._loop.create_task(self._cancel(waiter)))
                            ~~~~~~~~~~~~~~~~~~~~~~^^^^^^^^^^^^^^^^^^^^^^
  File "C:\Users\nmendoza\AppData\Local\Python\pythoncore-3.14-64\Lib\asyncio\base_events.py", line 466, in create_task
    self._check_closed()
    ~~~~~~~~~~~~~~~~~~^^
  File "C:\Users\nmendoza\AppData\Local\Python\pythoncore-3.14-64\Lib\asyncio\base_events.py", line 550, in _check_closed
    raise RuntimeError('Event loop is closed')
RuntimeError: Event loop is closed
_______________ TestFullLifecycle.test_complete_trimestre_flow ________________
..\..\..\..\..\AppData\Local\Python\pythoncore-3.14-64\Lib\asyncio\base_events.py:827: in call_soon
    self._check_closed()
..\..\..\..\..\AppData\Local\Python\pythoncore-3.14-64\Lib\asyncio\base_events.py:550: in _check_closed
    raise RuntimeError('Event loop is closed')
E   RuntimeError: Event loop is closed

During handling of the above exception, another exception occurred:
tests\test_integration.py:40: in test_complete_trimestre_flow
    talleres_response = await client.get("/api/talleres")
                        ^^^^^^^^^^^^^^^^^^^^^^^^^^^^^^^^^
.venv\Lib\site-packages\httpx\_client.py:1768: in get
    return await self.request(
.venv\Lib\site-packages\httpx\_client.py:1540: in request
    return await self.send(request, auth=auth, follow_redirects=follow_redirects)
           ^^^^^^^^^^^^^^^^^^^^^^^^^^^^^^^^^^^^^^^^^^^^^^^^^^^^^^^^^^^^^^^^^^^^^^
.venv\Lib\site-packages\httpx\_client.py:1629: in send
    response = await self._send_handling_auth(
.venv\Lib\site-packages\httpx\_client.py:1657: in _send_handling_auth
    response = await self._send_handling_redirects(
.venv\Lib\site-packages\httpx\_client.py:1694: in _send_handling_redirects
    response = await self._send_single_request(request)
               ^^^^^^^^^^^^^^^^^^^^^^^^^^^^^^^^^^^^^^^^
.venv\Lib\site-packages\httpx\_client.py:1730: in _send_single_request
    response = await transport.handle_async_request(request)
               ^^^^^^^^^^^^^^^^^^^^^^^^^^^^^^^^^^^^^^^^^^^^^
.venv\Lib\site-packages\httpx\_transports\asgi.py:170: in handle_async_request
    await self.app(scope, receive, send)
.venv\Lib\site-packages\fastapi\applications.py:1163: in __call__
    await super().__call__(scope, receive, send)
.venv\Lib\site-packages\starlette\applications.py:90: in __call__
    await self.middleware_stack(scope, receive, send)
.venv\Lib\site-packages\starlette\middleware\errors.py:186: in __call__
    raise exc
.venv\Lib\site-packages\starlette\middleware\errors.py:164: in __call__
    await self.app(scope, receive, _send)
.venv\Lib\site-packages\starlette\middleware\cors.py:88: in __call__
    await self.app(scope, receive, send)
.venv\Lib\site-packages\starlette\middleware\exceptions.py:63: in __call__
    await wrap_app_handling_exceptions(self.app, conn)(scope, receive, send)
.venv\Lib\site-packages\starlette\_exception_handler.py:53: in wrapped_app
    raise exc
.venv\Lib\site-packages\starlette\_exception_handler.py:42: in wrapped_app
    await app(scope, receive, sender)
.venv\Lib\site-packages\fastapi\middleware\asyncexitstack.py:18: in __call__
    await self.app(scope, receive, send)
.venv\Lib\site-packages\starlette\routing.py:660: in __call__
    await self.middleware_stack(scope, receive, send)
.venv\Lib\site-packages\starlette\routing.py:680: in app
    await route.handle(scope, receive, send)
.venv\Lib\site-packages\starlette\routing.py:276: in handle
    await self.app(scope, receive, send)
.venv\Lib\site-packages\fastapi\routing.py:134: in app
    await wrap_app_handling_exceptions(app, request)(scope, receive, send)
.venv\Lib\site-packages\starlette\_exception_handler.py:53: in wrapped_app
    raise exc
.venv\Lib\site-packages\starlette\_exception_handler.py:42: in wrapped_app
    await app(scope, receive, sender)
.venv\Lib\site-packages\fastapi\routing.py:120: in app
    response = await f(request)
               ^^^^^^^^^^^^^^^^
.venv\Lib\site-packages\fastapi\routing.py:674: in app
    raw_response = await run_endpoint_function(
.venv\Lib\site-packages\fastapi\routing.py:328: in run_endpoint_function
    return await dependant.call(**values)
           ^^^^^^^^^^^^^^^^^^^^^^^^^^^^^^
app\routers\talleres.py:80: in listar_talleres
    result = await db.execute(text(query), params)
             ^^^^^^^^^^^^^^^^^^^^^^^^^^^^^^^^^^^^^
.venv\Lib\site-packages\sqlalchemy\ext\asyncio\session.py:449: in execute
    result = await greenlet_spawn(
.venv\Lib\site-packages\sqlalchemy\util\_concurrency_py3k.py:201: in greenlet_spawn
    result = context.throw(*sys.exc_info())
             ^^^^^^^^^^^^^^^^^^^^^^^^^^^^^^
.venv\Lib\site-packages\sqlalchemy\orm\session.py:2351: in execute
    return self._execute_internal(
.venv\Lib\site-packages\sqlalchemy\orm\session.py:2239: in _execute_internal
    conn = self._connection_for_bind(bind)
           ^^^^^^^^^^^^^^^^^^^^^^^^^^^^^^^
.venv\Lib\site-packages\sqlalchemy\orm\session.py:2108: in _connection_for_bind
    return trans._connection_for_bind(engine, execution_options)
           ^^^^^^^^^^^^^^^^^^^^^^^^^^^^^^^^^^^^^^^^^^^^^^^^^^^^^
<string>:2: in _connection_for_bind
    ???
.venv\Lib\site-packages\sqlalchemy\orm\state_changes.py:137: in _go
    ret_value = fn(self, *arg, **kw)
                ^^^^^^^^^^^^^^^^^^^^
.venv\Lib\site-packages\sqlalchemy\orm\session.py:1187: in _connection_for_bind
    conn = bind.connect()
           ^^^^^^^^^^^^^^
.venv\Lib\site-packages\sqlalchemy\engine\base.py:3293: in connect
    return self._connection_cls(self)
           ^^^^^^^^^^^^^^^^^^^^^^^^^^
.venv\Lib\site-packages\sqlalchemy\engine\base.py:143: in __init__
    self._dbapi_connection = engine.raw_connection()
                             ^^^^^^^^^^^^^^^^^^^^^^^
.venv\Lib\site-packages\sqlalchemy\engine\base.py:3317: in raw_connection
    return self.pool.connect()
           ^^^^^^^^^^^^^^^^^^^
.venv\Lib\site-packages\sqlalchemy\pool\base.py:448: in connect
    return _ConnectionFairy._checkout(self)
           ^^^^^^^^^^^^^^^^^^^^^^^^^^^^^^^^
.venv\Lib\site-packages\sqlalchemy\pool\base.py:1371: in _checkout
    with util.safe_reraise():
         ^^^^^^^^^^^^^^^^^^^
.venv\Lib\site-packages\sqlalchemy\util\langhelpers.py:121: in __exit__
    raise exc_value.with_traceback(exc_tb)
.venv\Lib\site-packages\sqlalchemy\pool\base.py:1309: in _checkout
    result = pool._dialect._do_ping_w_event(
.venv\Lib\site-packages\sqlalchemy\engine\default.py:729: in _do_ping_w_event
    return self.do_ping(dbapi_connection)
           ^^^^^^^^^^^^^^^^^^^^^^^^^^^^^^
.venv\Lib\site-packages\sqlalchemy\dialects\postgresql\asyncpg.py:1160: in do_ping
    dbapi_connection.ping()
.venv\Lib\site-packages\sqlalchemy\dialects\postgresql\asyncpg.py:818: in ping
    self._handle_exception(error)
.venv\Lib\site-packages\sqlalchemy\dialects\postgresql\asyncpg.py:799: in _handle_exception
    raise error
.venv\Lib\site-packages\sqlalchemy\dialects\postgresql\asyncpg.py:816: in ping
    _ = self.await_(self._async_ping())
        ^^^^^^^^^^^^^^^^^^^^^^^^^^^^^^^
.venv\Lib\site-packages\sqlalchemy\util\_concurrency_py3k.py:132: in await_only
    return current.parent.switch(awaitable)  # type: ignore[no-any-return,attr-defined] # noqa: E501
           ^^^^^^^^^^^^^^^^^^^^^^^^^^^^^^^^
.venv\Lib\site-packages\sqlalchemy\util\_concurrency_py3k.py:196: in greenlet_spawn
    value = await result
            ^^^^^^^^^^^^
.venv\Lib\site-packages\sqlalchemy\dialects\postgresql\asyncpg.py:825: in _async_ping
    await tr.start()
.venv\Lib\site-packages\asyncpg\transaction.py:146: in start
    await self._connection.execute(query)
.venv\Lib\site-packages\asyncpg\connection.py:354: in execute
    result = await self._protocol.query(query, timeout)
             ^^^^^^^^^^^^^^^^^^^^^^^^^^^^^^^^^^^^^^^^^^
asyncpg/protocol/protocol.pyx:369: in query
    ???
asyncpg/protocol/protocol.pyx:362: in asyncpg.protocol.protocol.BaseProtocol.query
    ???
asyncpg/protocol/coreproto.pyx:1174: in asyncpg.protocol.protocol.CoreProtocol._simple_query
    ???
asyncpg/protocol/protocol.pyx:956: in asyncpg.protocol.protocol.BaseProtocol._write
    ???
..\..\..\..\..\AppData\Local\Python\pythoncore-3.14-64\Lib\asyncio\sslproto.py:222: in write
    self._ssl_protocol._write_appdata((data,))
..\..\..\..\..\AppData\Local\Python\pythoncore-3.14-64\Lib\asyncio\sslproto.py:700: in _write_appdata
    self._fatal_error(ex, 'Fatal error on SSL protocol')
..\..\..\..\..\AppData\Local\Python\pythoncore-3.14-64\Lib\asyncio\sslproto.py:918: in _fatal_error
    self._transport._force_close(exc)
..\..\..\..\..\AppData\Local\Python\pythoncore-3.14-64\Lib\asyncio\proactor_events.py:152: in _force_close
    self._loop.call_soon(self._call_connection_lost, exc)
..\..\..\..\..\AppData\Local\Python\pythoncore-3.14-64\Lib\asyncio\base_events.py:827: in call_soon
    self._check_closed()
..\..\..\..\..\AppData\Local\Python\pythoncore-3.14-64\Lib\asyncio\base_events.py:550: in _check_closed
    raise RuntimeError('Event loop is closed')
E   RuntimeError: Event loop is closed
------------------------------ Captured log call ------------------------------
ERROR    sqlalchemy.pool.impl.AsyncAdaptedQueuePool:base.py:377 Exception terminating connection <AdaptedConnection <asyncpg.connection.Connection object at 0x0000020EE25E4230>>
Traceback (most recent call last):
  File "C:\Users\nmendoza\Documents\Visual_Works\Planificacion-Voluntarios\plani-app-back\plani-app-back\.venv\Lib\site-packages\sqlalchemy\pool\base.py", line 373, in _close_connection
    self._dialect.do_terminate(connection)
    ~~~~~~~~~~~~~~~~~~~~~~~~~~^^^^^^^^^^^^
  File "C:\Users\nmendoza\Documents\Visual_Works\Planificacion-Voluntarios\plani-app-back\plani-app-back\.venv\Lib\site-packages\sqlalchemy\dialects\postgresql\asyncpg.py", line 1127, in do_terminate
    dbapi_connection.terminate()
    ~~~~~~~~~~~~~~~~~~~~~~~~~~^^
  File "C:\Users\nmendoza\Documents\Visual_Works\Planificacion-Voluntarios\plani-app-back\plani-app-back\.venv\Lib\site-packages\sqlalchemy\connectors\asyncio.py", line 402, in terminate
    self.await_(asyncio.shield(self._terminate_graceful_close()))  # type: ignore[attr-defined] # noqa: E501
    ~~~~~~~~~~~^^^^^^^^^^^^^^^^^^^^^^^^^^^^^^^^^^^^^^^^^^^^^^^^^^
  File "C:\Users\nmendoza\Documents\Visual_Works\Planificacion-Voluntarios\plani-app-back\plani-app-back\.venv\Lib\site-packages\sqlalchemy\util\_concurrency_py3k.py", line 132, in await_only
    return current.parent.switch(awaitable)  # type: ignore[no-any-return,attr-defined] # noqa: E501
           ~~~~~~~~~~~~~~~~~~~~~^^^^^^^^^^^
  File "C:\Users\nmendoza\Documents\Visual_Works\Planificacion-Voluntarios\plani-app-back\plani-app-back\.venv\Lib\site-packages\sqlalchemy\util\_concurrency_py3k.py", line 196, in greenlet_spawn
    value = await result
            ^^^^^^^^^^^^
  File "C:\Users\nmendoza\Documents\Visual_Works\Planificacion-Voluntarios\plani-app-back\plani-app-back\.venv\Lib\site-packages\sqlalchemy\dialects\postgresql\asyncpg.py", line 912, in _terminate_graceful_close
    await self._connection.close(timeout=2)
  File "C:\Users\nmendoza\Documents\Visual_Works\Planificacion-Voluntarios\plani-app-back\plani-app-back\.venv\Lib\site-packages\asyncpg\connection.py", line 1513, in close
    await self._protocol.close(timeout)
  File "asyncpg/protocol/protocol.pyx", line 617, in close
  File "asyncpg/protocol/protocol.pyx", line 650, in asyncpg.protocol.protocol.BaseProtocol._request_cancel
  File "C:\Users\nmendoza\Documents\Visual_Works\Planificacion-Voluntarios\plani-app-back\plani-app-back\.venv\Lib\site-packages\asyncpg\connection.py", line 1682, in _cancel_current_command
    self._cancellations.add(self._loop.create_task(self._cancel(waiter)))
                            ~~~~~~~~~~~~~~~~~~~~~~^^^^^^^^^^^^^^^^^^^^^^
  File "C:\Users\nmendoza\AppData\Local\Python\pythoncore-3.14-64\Lib\asyncio\base_events.py", line 466, in create_task
    self._check_closed()
    ~~~~~~~~~~~~~~~~~~^^
  File "C:\Users\nmendoza\AppData\Local\Python\pythoncore-3.14-64\Lib\asyncio\base_events.py", line 550, in _check_closed
    raise RuntimeError('Event loop is closed')
RuntimeError: Event loop is closed
__________ TestCalendarioConstraints.test_no_empresa_on_festivo_day ___________
..\..\..\..\..\AppData\Local\Python\pythoncore-3.14-64\Lib\asyncio\base_events.py:827: in call_soon
    self._check_closed()
..\..\..\..\..\AppData\Local\Python\pythoncore-3.14-64\Lib\asyncio\base_events.py:550: in _check_closed
    raise RuntimeError('Event loop is closed')
E   RuntimeError: Event loop is closed

During handling of the above exception, another exception occurred:
tests\test_integration.py:252: in test_no_empresa_on_festivo_day
    await setup_test_config_trimestral(db_session, TEST_TRIMESTRE)
tests\conftest.py:170: in setup_test_config_trimestral
    result = await db.execute(
.venv\Lib\site-packages\sqlalchemy\ext\asyncio\session.py:449: in execute
    result = await greenlet_spawn(
.venv\Lib\site-packages\sqlalchemy\util\_concurrency_py3k.py:201: in greenlet_spawn
    result = context.throw(*sys.exc_info())
             ^^^^^^^^^^^^^^^^^^^^^^^^^^^^^^
.venv\Lib\site-packages\sqlalchemy\orm\session.py:2351: in execute
    return self._execute_internal(
.venv\Lib\site-packages\sqlalchemy\orm\session.py:2239: in _execute_internal
    conn = self._connection_for_bind(bind)
           ^^^^^^^^^^^^^^^^^^^^^^^^^^^^^^^
.venv\Lib\site-packages\sqlalchemy\orm\session.py:2108: in _connection_for_bind
    return trans._connection_for_bind(engine, execution_options)
           ^^^^^^^^^^^^^^^^^^^^^^^^^^^^^^^^^^^^^^^^^^^^^^^^^^^^^
<string>:2: in _connection_for_bind
    ???
.venv\Lib\site-packages\sqlalchemy\orm\state_changes.py:137: in _go
    ret_value = fn(self, *arg, **kw)
                ^^^^^^^^^^^^^^^^^^^^
.venv\Lib\site-packages\sqlalchemy\orm\session.py:1187: in _connection_for_bind
    conn = bind.connect()
           ^^^^^^^^^^^^^^
.venv\Lib\site-packages\sqlalchemy\engine\base.py:3293: in connect
    return self._connection_cls(self)
           ^^^^^^^^^^^^^^^^^^^^^^^^^^
.venv\Lib\site-packages\sqlalchemy\engine\base.py:143: in __init__
    self._dbapi_connection = engine.raw_connection()
                             ^^^^^^^^^^^^^^^^^^^^^^^
.venv\Lib\site-packages\sqlalchemy\engine\base.py:3317: in raw_connection
    return self.pool.connect()
           ^^^^^^^^^^^^^^^^^^^
.venv\Lib\site-packages\sqlalchemy\pool\base.py:448: in connect
    return _ConnectionFairy._checkout(self)
           ^^^^^^^^^^^^^^^^^^^^^^^^^^^^^^^^
.venv\Lib\site-packages\sqlalchemy\pool\base.py:1371: in _checkout
    with util.safe_reraise():
         ^^^^^^^^^^^^^^^^^^^
.venv\Lib\site-packages\sqlalchemy\util\langhelpers.py:121: in __exit__
    raise exc_value.with_traceback(exc_tb)
.venv\Lib\site-packages\sqlalchemy\pool\base.py:1309: in _checkout
    result = pool._dialect._do_ping_w_event(
.venv\Lib\site-packages\sqlalchemy\engine\default.py:729: in _do_ping_w_event
    return self.do_ping(dbapi_connection)
           ^^^^^^^^^^^^^^^^^^^^^^^^^^^^^^
.venv\Lib\site-packages\sqlalchemy\dialects\postgresql\asyncpg.py:1160: in do_ping
    dbapi_connection.ping()
.venv\Lib\site-packages\sqlalchemy\dialects\postgresql\asyncpg.py:818: in ping
    self._handle_exception(error)
.venv\Lib\site-packages\sqlalchemy\dialects\postgresql\asyncpg.py:799: in _handle_exception
    raise error
.venv\Lib\site-packages\sqlalchemy\dialects\postgresql\asyncpg.py:816: in ping
    _ = self.await_(self._async_ping())
        ^^^^^^^^^^^^^^^^^^^^^^^^^^^^^^^
.venv\Lib\site-packages\sqlalchemy\util\_concurrency_py3k.py:132: in await_only
    return current.parent.switch(awaitable)  # type: ignore[no-any-return,attr-defined] # noqa: E501
           ^^^^^^^^^^^^^^^^^^^^^^^^^^^^^^^^
.venv\Lib\site-packages\sqlalchemy\util\_concurrency_py3k.py:196: in greenlet_spawn
    value = await result
            ^^^^^^^^^^^^
.venv\Lib\site-packages\sqlalchemy\dialects\postgresql\asyncpg.py:825: in _async_ping
    await tr.start()
.venv\Lib\site-packages\asyncpg\transaction.py:146: in start
    await self._connection.execute(query)
.venv\Lib\site-packages\asyncpg\connection.py:354: in execute
    result = await self._protocol.query(query, timeout)
             ^^^^^^^^^^^^^^^^^^^^^^^^^^^^^^^^^^^^^^^^^^
asyncpg/protocol/protocol.pyx:369: in query
    ???
asyncpg/protocol/protocol.pyx:362: in asyncpg.protocol.protocol.BaseProtocol.query
    ???
asyncpg/protocol/coreproto.pyx:1174: in asyncpg.protocol.protocol.CoreProtocol._simple_query
    ???
asyncpg/protocol/protocol.pyx:956: in asyncpg.protocol.protocol.BaseProtocol._write
    ???
..\..\..\..\..\AppData\Local\Python\pythoncore-3.14-64\Lib\asyncio\sslproto.py:222: in write
    self._ssl_protocol._write_appdata((data,))
..\..\..\..\..\AppData\Local\Python\pythoncore-3.14-64\Lib\asyncio\sslproto.py:700: in _write_appdata
    self._fatal_error(ex, 'Fatal error on SSL protocol')
..\..\..\..\..\AppData\Local\Python\pythoncore-3.14-64\Lib\asyncio\sslproto.py:918: in _fatal_error
    self._transport._force_close(exc)
..\..\..\..\..\AppData\Local\Python\pythoncore-3.14-64\Lib\asyncio\proactor_events.py:152: in _force_close
    self._loop.call_soon(self._call_connection_lost, exc)
..\..\..\..\..\AppData\Local\Python\pythoncore-3.14-64\Lib\asyncio\base_events.py:827: in call_soon
    self._check_closed()
..\..\..\..\..\AppData\Local\Python\pythoncore-3.14-64\Lib\asyncio\base_events.py:550: in _check_closed
    raise RuntimeError('Event loop is closed')
E   RuntimeError: Event loop is closed
------------------------------ Captured log call ------------------------------
ERROR    sqlalchemy.pool.impl.AsyncAdaptedQueuePool:base.py:377 Exception terminating connection <AdaptedConnection <asyncpg.connection.Connection object at 0x0000020EE15323F0>>
Traceback (most recent call last):
  File "C:\Users\nmendoza\Documents\Visual_Works\Planificacion-Voluntarios\plani-app-back\plani-app-back\.venv\Lib\site-packages\sqlalchemy\pool\base.py", line 373, in _close_connection
    self._dialect.do_terminate(connection)
    ~~~~~~~~~~~~~~~~~~~~~~~~~~^^^^^^^^^^^^
  File "C:\Users\nmendoza\Documents\Visual_Works\Planificacion-Voluntarios\plani-app-back\plani-app-back\.venv\Lib\site-packages\sqlalchemy\dialects\postgresql\asyncpg.py", line 1127, in do_terminate
    dbapi_connection.terminate()
    ~~~~~~~~~~~~~~~~~~~~~~~~~~^^
  File "C:\Users\nmendoza\Documents\Visual_Works\Planificacion-Voluntarios\plani-app-back\plani-app-back\.venv\Lib\site-packages\sqlalchemy\connectors\asyncio.py", line 402, in terminate
    self.await_(asyncio.shield(self._terminate_graceful_close()))  # type: ignore[attr-defined] # noqa: E501
    ~~~~~~~~~~~^^^^^^^^^^^^^^^^^^^^^^^^^^^^^^^^^^^^^^^^^^^^^^^^^^
  File "C:\Users\nmendoza\Documents\Visual_Works\Planificacion-Voluntarios\plani-app-back\plani-app-back\.venv\Lib\site-packages\sqlalchemy\util\_concurrency_py3k.py", line 132, in await_only
    return current.parent.switch(awaitable)  # type: ignore[no-any-return,attr-defined] # noqa: E501
           ~~~~~~~~~~~~~~~~~~~~~^^^^^^^^^^^
  File "C:\Users\nmendoza\Documents\Visual_Works\Planificacion-Voluntarios\plani-app-back\plani-app-back\.venv\Lib\site-packages\sqlalchemy\util\_concurrency_py3k.py", line 196, in greenlet_spawn
    value = await result
            ^^^^^^^^^^^^
  File "C:\Users\nmendoza\Documents\Visual_Works\Planificacion-Voluntarios\plani-app-back\plani-app-back\.venv\Lib\site-packages\sqlalchemy\dialects\postgresql\asyncpg.py", line 912, in _terminate_graceful_close
    await self._connection.close(timeout=2)
  File "C:\Users\nmendoza\Documents\Visual_Works\Planificacion-Voluntarios\plani-app-back\plani-app-back\.venv\Lib\site-packages\asyncpg\connection.py", line 1513, in close
    await self._protocol.close(timeout)
  File "asyncpg/protocol/protocol.pyx", line 617, in close
  File "asyncpg/protocol/protocol.pyx", line 650, in asyncpg.protocol.protocol.BaseProtocol._request_cancel
  File "C:\Users\nmendoza\Documents\Visual_Works\Planificacion-Voluntarios\plani-app-back\plani-app-back\.venv\Lib\site-packages\asyncpg\connection.py", line 1682, in _cancel_current_command
    self._cancellations.add(self._loop.create_task(self._cancel(waiter)))
                            ~~~~~~~~~~~~~~~~~~~~~~^^^^^^^^^^^^^^^^^^^^^^
  File "C:\Users\nmendoza\AppData\Local\Python\pythoncore-3.14-64\Lib\asyncio\base_events.py", line 466, in create_task
    self._check_closed()
    ~~~~~~~~~~~~~~~~~~^^
  File "C:\Users\nmendoza\AppData\Local\Python\pythoncore-3.14-64\Lib\asyncio\base_events.py", line 550, in _check_closed
    raise RuntimeError('Event loop is closed')
RuntimeError: Event loop is closed
_________ TestCalendarioConstraints.test_max_one_assignment_per_week __________
..\..\..\..\..\AppData\Local\Python\pythoncore-3.14-64\Lib\asyncio\base_events.py:827: in call_soon
    self._check_closed()
..\..\..\..\..\AppData\Local\Python\pythoncore-3.14-64\Lib\asyncio\base_events.py:550: in _check_closed
    raise RuntimeError('Event loop is closed')
E   RuntimeError: Event loop is closed

During handling of the above exception, another exception occurred:
tests\test_integration.py:300: in test_max_one_assignment_per_week
    await setup_test_config_trimestral(db_session, TEST_TRIMESTRE)
tests\conftest.py:170: in setup_test_config_trimestral
    result = await db.execute(
.venv\Lib\site-packages\sqlalchemy\ext\asyncio\session.py:449: in execute
    result = await greenlet_spawn(
.venv\Lib\site-packages\sqlalchemy\util\_concurrency_py3k.py:201: in greenlet_spawn
    result = context.throw(*sys.exc_info())
             ^^^^^^^^^^^^^^^^^^^^^^^^^^^^^^
.venv\Lib\site-packages\sqlalchemy\orm\session.py:2351: in execute
    return self._execute_internal(
.venv\Lib\site-packages\sqlalchemy\orm\session.py:2239: in _execute_internal
    conn = self._connection_for_bind(bind)
           ^^^^^^^^^^^^^^^^^^^^^^^^^^^^^^^
.venv\Lib\site-packages\sqlalchemy\orm\session.py:2108: in _connection_for_bind
    return trans._connection_for_bind(engine, execution_options)
           ^^^^^^^^^^^^^^^^^^^^^^^^^^^^^^^^^^^^^^^^^^^^^^^^^^^^^
<string>:2: in _connection_for_bind
    ???
.venv\Lib\site-packages\sqlalchemy\orm\state_changes.py:137: in _go
    ret_value = fn(self, *arg, **kw)
                ^^^^^^^^^^^^^^^^^^^^
.venv\Lib\site-packages\sqlalchemy\orm\session.py:1187: in _connection_for_bind
    conn = bind.connect()
           ^^^^^^^^^^^^^^
.venv\Lib\site-packages\sqlalchemy\engine\base.py:3293: in connect
    return self._connection_cls(self)
           ^^^^^^^^^^^^^^^^^^^^^^^^^^
.venv\Lib\site-packages\sqlalchemy\engine\base.py:143: in __init__
    self._dbapi_connection = engine.raw_connection()
                             ^^^^^^^^^^^^^^^^^^^^^^^
.venv\Lib\site-packages\sqlalchemy\engine\base.py:3317: in raw_connection
    return self.pool.connect()
           ^^^^^^^^^^^^^^^^^^^
.venv\Lib\site-packages\sqlalchemy\pool\base.py:448: in connect
    return _ConnectionFairy._checkout(self)
           ^^^^^^^^^^^^^^^^^^^^^^^^^^^^^^^^
.venv\Lib\site-packages\sqlalchemy\pool\base.py:1371: in _checkout
    with util.safe_reraise():
         ^^^^^^^^^^^^^^^^^^^
.venv\Lib\site-packages\sqlalchemy\util\langhelpers.py:121: in __exit__
    raise exc_value.with_traceback(exc_tb)
.venv\Lib\site-packages\sqlalchemy\pool\base.py:1309: in _checkout
    result = pool._dialect._do_ping_w_event(
.venv\Lib\site-packages\sqlalchemy\engine\default.py:729: in _do_ping_w_event
    return self.do_ping(dbapi_connection)
           ^^^^^^^^^^^^^^^^^^^^^^^^^^^^^^
.venv\Lib\site-packages\sqlalchemy\dialects\postgresql\asyncpg.py:1160: in do_ping
    dbapi_connection.ping()
.venv\Lib\site-packages\sqlalchemy\dialects\postgresql\asyncpg.py:818: in ping
    self._handle_exception(error)
.venv\Lib\site-packages\sqlalchemy\dialects\postgresql\asyncpg.py:799: in _handle_exception
    raise error
.venv\Lib\site-packages\sqlalchemy\dialects\postgresql\asyncpg.py:816: in ping
    _ = self.await_(self._async_ping())
        ^^^^^^^^^^^^^^^^^^^^^^^^^^^^^^^
.venv\Lib\site-packages\sqlalchemy\util\_concurrency_py3k.py:132: in await_only
    return current.parent.switch(awaitable)  # type: ignore[no-any-return,attr-defined] # noqa: E501
           ^^^^^^^^^^^^^^^^^^^^^^^^^^^^^^^^
.venv\Lib\site-packages\sqlalchemy\util\_concurrency_py3k.py:196: in greenlet_spawn
    value = await result
            ^^^^^^^^^^^^
.venv\Lib\site-packages\sqlalchemy\dialects\postgresql\asyncpg.py:825: in _async_ping
    await tr.start()
.venv\Lib\site-packages\asyncpg\transaction.py:146: in start
    await self._connection.execute(query)
.venv\Lib\site-packages\asyncpg\connection.py:354: in execute
    result = await self._protocol.query(query, timeout)
             ^^^^^^^^^^^^^^^^^^^^^^^^^^^^^^^^^^^^^^^^^^
asyncpg/protocol/protocol.pyx:369: in query
    ???
asyncpg/protocol/protocol.pyx:362: in asyncpg.protocol.protocol.BaseProtocol.query
    ???
asyncpg/protocol/coreproto.pyx:1174: in asyncpg.protocol.protocol.CoreProtocol._simple_query
    ???
asyncpg/protocol/protocol.pyx:956: in asyncpg.protocol.protocol.BaseProtocol._write
    ???
..\..\..\..\..\AppData\Local\Python\pythoncore-3.14-64\Lib\asyncio\sslproto.py:222: in write
    self._ssl_protocol._write_appdata((data,))
..\..\..\..\..\AppData\Local\Python\pythoncore-3.14-64\Lib\asyncio\sslproto.py:700: in _write_appdata
    self._fatal_error(ex, 'Fatal error on SSL protocol')
..\..\..\..\..\AppData\Local\Python\pythoncore-3.14-64\Lib\asyncio\sslproto.py:918: in _fatal_error
    self._transport._force_close(exc)
..\..\..\..\..\AppData\Local\Python\pythoncore-3.14-64\Lib\asyncio\proactor_events.py:152: in _force_close
    self._loop.call_soon(self._call_connection_lost, exc)
..\..\..\..\..\AppData\Local\Python\pythoncore-3.14-64\Lib\asyncio\base_events.py:827: in call_soon
    self._check_closed()
..\..\..\..\..\AppData\Local\Python\pythoncore-3.14-64\Lib\asyncio\base_events.py:550: in _check_closed
    raise RuntimeError('Event loop is closed')
E   RuntimeError: Event loop is closed
------------------------------ Captured log call ------------------------------
ERROR    sqlalchemy.pool.impl.AsyncAdaptedQueuePool:base.py:377 Exception terminating connection <AdaptedConnection <asyncpg.connection.Connection object at 0x0000020EE0CF0E60>>
Traceback (most recent call last):
  File "C:\Users\nmendoza\Documents\Visual_Works\Planificacion-Voluntarios\plani-app-back\plani-app-back\.venv\Lib\site-packages\sqlalchemy\pool\base.py", line 373, in _close_connection
    self._dialect.do_terminate(connection)
    ~~~~~~~~~~~~~~~~~~~~~~~~~~^^^^^^^^^^^^
  File "C:\Users\nmendoza\Documents\Visual_Works\Planificacion-Voluntarios\plani-app-back\plani-app-back\.venv\Lib\site-packages\sqlalchemy\dialects\postgresql\asyncpg.py", line 1127, in do_terminate
    dbapi_connection.terminate()
    ~~~~~~~~~~~~~~~~~~~~~~~~~~^^
  File "C:\Users\nmendoza\Documents\Visual_Works\Planificacion-Voluntarios\plani-app-back\plani-app-back\.venv\Lib\site-packages\sqlalchemy\connectors\asyncio.py", line 402, in terminate
    self.await_(asyncio.shield(self._terminate_graceful_close()))  # type: ignore[attr-defined] # noqa: E501
    ~~~~~~~~~~~^^^^^^^^^^^^^^^^^^^^^^^^^^^^^^^^^^^^^^^^^^^^^^^^^^
  File "C:\Users\nmendoza\Documents\Visual_Works\Planificacion-Voluntarios\plani-app-back\plani-app-back\.venv\Lib\site-packages\sqlalchemy\util\_concurrency_py3k.py", line 132, in await_only
    return current.parent.switch(awaitable)  # type: ignore[no-any-return,attr-defined] # noqa: E501
           ~~~~~~~~~~~~~~~~~~~~~^^^^^^^^^^^
  File "C:\Users\nmendoza\Documents\Visual_Works\Planificacion-Voluntarios\plani-app-back\plani-app-back\.venv\Lib\site-packages\sqlalchemy\util\_concurrency_py3k.py", line 196, in greenlet_spawn
    value = await result
            ^^^^^^^^^^^^
  File "C:\Users\nmendoza\Documents\Visual_Works\Planificacion-Voluntarios\plani-app-back\plani-app-back\.venv\Lib\site-packages\sqlalchemy\dialects\postgresql\asyncpg.py", line 912, in _terminate_graceful_close
    await self._connection.close(timeout=2)
  File "C:\Users\nmendoza\Documents\Visual_Works\Planificacion-Voluntarios\plani-app-back\plani-app-back\.venv\Lib\site-packages\asyncpg\connection.py", line 1513, in close
    await self._protocol.close(timeout)
  File "asyncpg/protocol/protocol.pyx", line 617, in close
  File "asyncpg/protocol/protocol.pyx", line 650, in asyncpg.protocol.protocol.BaseProtocol._request_cancel
  File "C:\Users\nmendoza\Documents\Visual_Works\Planificacion-Voluntarios\plani-app-back\plani-app-back\.venv\Lib\site-packages\asyncpg\connection.py", line 1682, in _cancel_current_command
    self._cancellations.add(self._loop.create_task(self._cancel(waiter)))
                            ~~~~~~~~~~~~~~~~~~~~~~^^^^^^^^^^^^^^^^^^^^^^
  File "C:\Users\nmendoza\AppData\Local\Python\pythoncore-3.14-64\Lib\asyncio\base_events.py", line 466, in create_task
    self._check_closed()
    ~~~~~~~~~~~~~~~~~~^^
  File "C:\Users\nmendoza\AppData\Local\Python\pythoncore-3.14-64\Lib\asyncio\base_events.py", line 550, in _check_closed
    raise RuntimeError('Event loop is closed')
RuntimeError: Event loop is closed
__________ TestDataIntegrity.test_frecuencia_totals_match_calendario __________
..\..\..\..\..\AppData\Local\Python\pythoncore-3.14-64\Lib\asyncio\base_events.py:827: in call_soon
    self._check_closed()
..\..\..\..\..\AppData\Local\Python\pythoncore-3.14-64\Lib\asyncio\base_events.py:550: in _check_closed
    raise RuntimeError('Event loop is closed')
E   RuntimeError: Event loop is closed

During handling of the above exception, another exception occurred:
tests\test_integration.py:345: in test_frecuencia_totals_match_calendario
    await setup_test_config_trimestral(db_session, TEST_TRIMESTRE)
tests\conftest.py:170: in setup_test_config_trimestral
    result = await db.execute(
.venv\Lib\site-packages\sqlalchemy\ext\asyncio\session.py:449: in execute
    result = await greenlet_spawn(
.venv\Lib\site-packages\sqlalchemy\util\_concurrency_py3k.py:201: in greenlet_spawn
    result = context.throw(*sys.exc_info())
             ^^^^^^^^^^^^^^^^^^^^^^^^^^^^^^
.venv\Lib\site-packages\sqlalchemy\orm\session.py:2351: in execute
    return self._execute_internal(
.venv\Lib\site-packages\sqlalchemy\orm\session.py:2239: in _execute_internal
    conn = self._connection_for_bind(bind)
           ^^^^^^^^^^^^^^^^^^^^^^^^^^^^^^^
.venv\Lib\site-packages\sqlalchemy\orm\session.py:2108: in _connection_for_bind
    return trans._connection_for_bind(engine, execution_options)
           ^^^^^^^^^^^^^^^^^^^^^^^^^^^^^^^^^^^^^^^^^^^^^^^^^^^^^
<string>:2: in _connection_for_bind
    ???
.venv\Lib\site-packages\sqlalchemy\orm\state_changes.py:137: in _go
    ret_value = fn(self, *arg, **kw)
                ^^^^^^^^^^^^^^^^^^^^
.venv\Lib\site-packages\sqlalchemy\orm\session.py:1187: in _connection_for_bind
    conn = bind.connect()
           ^^^^^^^^^^^^^^
.venv\Lib\site-packages\sqlalchemy\engine\base.py:3293: in connect
    return self._connection_cls(self)
           ^^^^^^^^^^^^^^^^^^^^^^^^^^
.venv\Lib\site-packages\sqlalchemy\engine\base.py:143: in __init__
    self._dbapi_connection = engine.raw_connection()
                             ^^^^^^^^^^^^^^^^^^^^^^^
.venv\Lib\site-packages\sqlalchemy\engine\base.py:3317: in raw_connection
    return self.pool.connect()
           ^^^^^^^^^^^^^^^^^^^
.venv\Lib\site-packages\sqlalchemy\pool\base.py:448: in connect
    return _ConnectionFairy._checkout(self)
           ^^^^^^^^^^^^^^^^^^^^^^^^^^^^^^^^
.venv\Lib\site-packages\sqlalchemy\pool\base.py:1371: in _checkout
    with util.safe_reraise():
         ^^^^^^^^^^^^^^^^^^^
.venv\Lib\site-packages\sqlalchemy\util\langhelpers.py:121: in __exit__
    raise exc_value.with_traceback(exc_tb)
.venv\Lib\site-packages\sqlalchemy\pool\base.py:1309: in _checkout
    result = pool._dialect._do_ping_w_event(
.venv\Lib\site-packages\sqlalchemy\engine\default.py:729: in _do_ping_w_event
    return self.do_ping(dbapi_connection)
           ^^^^^^^^^^^^^^^^^^^^^^^^^^^^^^
.venv\Lib\site-packages\sqlalchemy\dialects\postgresql\asyncpg.py:1160: in do_ping
    dbapi_connection.ping()
.venv\Lib\site-packages\sqlalchemy\dialects\postgresql\asyncpg.py:818: in ping
    self._handle_exception(error)
.venv\Lib\site-packages\sqlalchemy\dialects\postgresql\asyncpg.py:799: in _handle_exception
    raise error
.venv\Lib\site-packages\sqlalchemy\dialects\postgresql\asyncpg.py:816: in ping
    _ = self.await_(self._async_ping())
        ^^^^^^^^^^^^^^^^^^^^^^^^^^^^^^^
.venv\Lib\site-packages\sqlalchemy\util\_concurrency_py3k.py:132: in await_only
    return current.parent.switch(awaitable)  # type: ignore[no-any-return,attr-defined] # noqa: E501
           ^^^^^^^^^^^^^^^^^^^^^^^^^^^^^^^^
.venv\Lib\site-packages\sqlalchemy\util\_concurrency_py3k.py:196: in greenlet_spawn
    value = await result
            ^^^^^^^^^^^^
.venv\Lib\site-packages\sqlalchemy\dialects\postgresql\asyncpg.py:825: in _async_ping
    await tr.start()
.venv\Lib\site-packages\asyncpg\transaction.py:146: in start
    await self._connection.execute(query)
.venv\Lib\site-packages\asyncpg\connection.py:354: in execute
    result = await self._protocol.query(query, timeout)
             ^^^^^^^^^^^^^^^^^^^^^^^^^^^^^^^^^^^^^^^^^^
asyncpg/protocol/protocol.pyx:369: in query
    ???
asyncpg/protocol/protocol.pyx:362: in asyncpg.protocol.protocol.BaseProtocol.query
    ???
asyncpg/protocol/coreproto.pyx:1174: in asyncpg.protocol.protocol.CoreProtocol._simple_query
    ???
asyncpg/protocol/protocol.pyx:956: in asyncpg.protocol.protocol.BaseProtocol._write
    ???
..\..\..\..\..\AppData\Local\Python\pythoncore-3.14-64\Lib\asyncio\sslproto.py:222: in write
    self._ssl_protocol._write_appdata((data,))
..\..\..\..\..\AppData\Local\Python\pythoncore-3.14-64\Lib\asyncio\sslproto.py:700: in _write_appdata
    self._fatal_error(ex, 'Fatal error on SSL protocol')
..\..\..\..\..\AppData\Local\Python\pythoncore-3.14-64\Lib\asyncio\sslproto.py:918: in _fatal_error
    self._transport._force_close(exc)
..\..\..\..\..\AppData\Local\Python\pythoncore-3.14-64\Lib\asyncio\proactor_events.py:152: in _force_close
    self._loop.call_soon(self._call_connection_lost, exc)
..\..\..\..\..\AppData\Local\Python\pythoncore-3.14-64\Lib\asyncio\base_events.py:827: in call_soon
    self._check_closed()
..\..\..\..\..\AppData\Local\Python\pythoncore-3.14-64\Lib\asyncio\base_events.py:550: in _check_closed
    raise RuntimeError('Event loop is closed')
E   RuntimeError: Event loop is closed
------------------------------ Captured log call ------------------------------
ERROR    sqlalchemy.pool.impl.AsyncAdaptedQueuePool:base.py:377 Exception terminating connection <AdaptedConnection <asyncpg.connection.Connection object at 0x0000020EE15A4410>>
Traceback (most recent call last):
  File "C:\Users\nmendoza\Documents\Visual_Works\Planificacion-Voluntarios\plani-app-back\plani-app-back\.venv\Lib\site-packages\sqlalchemy\pool\base.py", line 373, in _close_connection
    self._dialect.do_terminate(connection)
    ~~~~~~~~~~~~~~~~~~~~~~~~~~^^^^^^^^^^^^
  File "C:\Users\nmendoza\Documents\Visual_Works\Planificacion-Voluntarios\plani-app-back\plani-app-back\.venv\Lib\site-packages\sqlalchemy\dialects\postgresql\asyncpg.py", line 1127, in do_terminate
    dbapi_connection.terminate()
    ~~~~~~~~~~~~~~~~~~~~~~~~~~^^
  File "C:\Users\nmendoza\Documents\Visual_Works\Planificacion-Voluntarios\plani-app-back\plani-app-back\.venv\Lib\site-packages\sqlalchemy\connectors\asyncio.py", line 402, in terminate
    self.await_(asyncio.shield(self._terminate_graceful_close()))  # type: ignore[attr-defined] # noqa: E501
    ~~~~~~~~~~~^^^^^^^^^^^^^^^^^^^^^^^^^^^^^^^^^^^^^^^^^^^^^^^^^^
  File "C:\Users\nmendoza\Documents\Visual_Works\Planificacion-Voluntarios\plani-app-back\plani-app-back\.venv\Lib\site-packages\sqlalchemy\util\_concurrency_py3k.py", line 132, in await_only
    return current.parent.switch(awaitable)  # type: ignore[no-any-return,attr-defined] # noqa: E501
           ~~~~~~~~~~~~~~~~~~~~~^^^^^^^^^^^
  File "C:\Users\nmendoza\Documents\Visual_Works\Planificacion-Voluntarios\plani-app-back\plani-app-back\.venv\Lib\site-packages\sqlalchemy\util\_concurrency_py3k.py", line 196, in greenlet_spawn
    value = await result
            ^^^^^^^^^^^^
  File "C:\Users\nmendoza\Documents\Visual_Works\Planificacion-Voluntarios\plani-app-back\plani-app-back\.venv\Lib\site-packages\sqlalchemy\dialects\postgresql\asyncpg.py", line 912, in _terminate_graceful_close
    await self._connection.close(timeout=2)
  File "C:\Users\nmendoza\Documents\Visual_Works\Planificacion-Voluntarios\plani-app-back\plani-app-back\.venv\Lib\site-packages\asyncpg\connection.py", line 1513, in close
    await self._protocol.close(timeout)
  File "asyncpg/protocol/protocol.pyx", line 617, in close
  File "asyncpg/protocol/protocol.pyx", line 650, in asyncpg.protocol.protocol.BaseProtocol._request_cancel
  File "C:\Users\nmendoza\Documents\Visual_Works\Planificacion-Voluntarios\plani-app-back\plani-app-back\.venv\Lib\site-packages\asyncpg\connection.py", line 1682, in _cancel_current_command
    self._cancellations.add(self._loop.create_task(self._cancel(waiter)))
                            ~~~~~~~~~~~~~~~~~~~~~~^^^^^^^^^^^^^^^^^^^^^^
  File "C:\Users\nmendoza\AppData\Local\Python\pythoncore-3.14-64\Lib\asyncio\base_events.py", line 466, in create_task
    self._check_closed()
    ~~~~~~~~~~~~~~~~~~^^
  File "C:\Users\nmendoza\AppData\Local\Python\pythoncore-3.14-64\Lib\asyncio\base_events.py", line 550, in _check_closed
    raise RuntimeError('Event loop is closed')
RuntimeError: Event loop is closed
_____________ TestErrorHandling.test_generate_without_frecuencias _____________
..\..\..\..\..\AppData\Local\Python\pythoncore-3.14-64\Lib\asyncio\base_events.py:827: in call_soon
    self._check_closed()
..\..\..\..\..\AppData\Local\Python\pythoncore-3.14-64\Lib\asyncio\base_events.py:550: in _check_closed
    raise RuntimeError('Event loop is closed')
E   RuntimeError: Event loop is closed

During handling of the above exception, another exception occurred:
tests\test_integration.py:409: in test_generate_without_frecuencias
    response = await client.post(
.venv\Lib\site-packages\httpx\_client.py:1859: in post
    return await self.request(
.venv\Lib\site-packages\httpx\_client.py:1540: in request
    return await self.send(request, auth=auth, follow_redirects=follow_redirects)
           ^^^^^^^^^^^^^^^^^^^^^^^^^^^^^^^^^^^^^^^^^^^^^^^^^^^^^^^^^^^^^^^^^^^^^^
.venv\Lib\site-packages\httpx\_client.py:1629: in send
    response = await self._send_handling_auth(
.venv\Lib\site-packages\httpx\_client.py:1657: in _send_handling_auth
    response = await self._send_handling_redirects(
.venv\Lib\site-packages\httpx\_client.py:1694: in _send_handling_redirects
    response = await self._send_single_request(request)
               ^^^^^^^^^^^^^^^^^^^^^^^^^^^^^^^^^^^^^^^^
.venv\Lib\site-packages\httpx\_client.py:1730: in _send_single_request
    response = await transport.handle_async_request(request)
               ^^^^^^^^^^^^^^^^^^^^^^^^^^^^^^^^^^^^^^^^^^^^^
.venv\Lib\site-packages\httpx\_transports\asgi.py:170: in handle_async_request
    await self.app(scope, receive, send)
.venv\Lib\site-packages\fastapi\applications.py:1163: in __call__
    await super().__call__(scope, receive, send)
.venv\Lib\site-packages\starlette\applications.py:90: in __call__
    await self.middleware_stack(scope, receive, send)
.venv\Lib\site-packages\starlette\middleware\errors.py:186: in __call__
    raise exc
.venv\Lib\site-packages\starlette\middleware\errors.py:164: in __call__
    await self.app(scope, receive, _send)
.venv\Lib\site-packages\starlette\middleware\cors.py:88: in __call__
    await self.app(scope, receive, send)
.venv\Lib\site-packages\starlette\middleware\exceptions.py:63: in __call__
    await wrap_app_handling_exceptions(self.app, conn)(scope, receive, send)
.venv\Lib\site-packages\starlette\_exception_handler.py:53: in wrapped_app
    raise exc
.venv\Lib\site-packages\starlette\_exception_handler.py:42: in wrapped_app
    await app(scope, receive, sender)
.venv\Lib\site-packages\fastapi\middleware\asyncexitstack.py:18: in __call__
    await self.app(scope, receive, send)
.venv\Lib\site-packages\starlette\routing.py:660: in __call__
    await self.middleware_stack(scope, receive, send)
.venv\Lib\site-packages\starlette\routing.py:680: in app
    await route.handle(scope, receive, send)
.venv\Lib\site-packages\starlette\routing.py:276: in handle
    await self.app(scope, receive, send)
.venv\Lib\site-packages\fastapi\routing.py:134: in app
    await wrap_app_handling_exceptions(app, request)(scope, receive, send)
.venv\Lib\site-packages\starlette\_exception_handler.py:53: in wrapped_app
    raise exc
.venv\Lib\site-packages\starlette\_exception_handler.py:42: in wrapped_app
    await app(scope, receive, sender)
.venv\Lib\site-packages\fastapi\routing.py:120: in app
    response = await f(request)
               ^^^^^^^^^^^^^^^^
.venv\Lib\site-packages\fastapi\routing.py:674: in app
    raw_response = await run_endpoint_function(
.venv\Lib\site-packages\fastapi\routing.py:328: in run_endpoint_function
    return await dependant.call(**values)
           ^^^^^^^^^^^^^^^^^^^^^^^^^^^^^^
app\routers\calendario.py:63: in generar_calendario
    freq_result = await db.execute(
.venv\Lib\site-packages\sqlalchemy\ext\asyncio\session.py:449: in execute
    result = await greenlet_spawn(
.venv\Lib\site-packages\sqlalchemy\util\_concurrency_py3k.py:201: in greenlet_spawn
    result = context.throw(*sys.exc_info())
             ^^^^^^^^^^^^^^^^^^^^^^^^^^^^^^
.venv\Lib\site-packages\sqlalchemy\orm\session.py:2351: in execute
    return self._execute_internal(
.venv\Lib\site-packages\sqlalchemy\orm\session.py:2239: in _execute_internal
    conn = self._connection_for_bind(bind)
           ^^^^^^^^^^^^^^^^^^^^^^^^^^^^^^^
.venv\Lib\site-packages\sqlalchemy\orm\session.py:2108: in _connection_for_bind
    return trans._connection_for_bind(engine, execution_options)
           ^^^^^^^^^^^^^^^^^^^^^^^^^^^^^^^^^^^^^^^^^^^^^^^^^^^^^
<string>:2: in _connection_for_bind
    ???
.venv\Lib\site-packages\sqlalchemy\orm\state_changes.py:137: in _go
    ret_value = fn(self, *arg, **kw)
                ^^^^^^^^^^^^^^^^^^^^
.venv\Lib\site-packages\sqlalchemy\orm\session.py:1187: in _connection_for_bind
    conn = bind.connect()
           ^^^^^^^^^^^^^^
.venv\Lib\site-packages\sqlalchemy\engine\base.py:3293: in connect
    return self._connection_cls(self)
           ^^^^^^^^^^^^^^^^^^^^^^^^^^
.venv\Lib\site-packages\sqlalchemy\engine\base.py:143: in __init__
    self._dbapi_connection = engine.raw_connection()
                             ^^^^^^^^^^^^^^^^^^^^^^^
.venv\Lib\site-packages\sqlalchemy\engine\base.py:3317: in raw_connection
    return self.pool.connect()
           ^^^^^^^^^^^^^^^^^^^
.venv\Lib\site-packages\sqlalchemy\pool\base.py:448: in connect
    return _ConnectionFairy._checkout(self)
           ^^^^^^^^^^^^^^^^^^^^^^^^^^^^^^^^
.venv\Lib\site-packages\sqlalchemy\pool\base.py:1371: in _checkout
    with util.safe_reraise():
         ^^^^^^^^^^^^^^^^^^^
.venv\Lib\site-packages\sqlalchemy\util\langhelpers.py:121: in __exit__
    raise exc_value.with_traceback(exc_tb)
.venv\Lib\site-packages\sqlalchemy\pool\base.py:1309: in _checkout
    result = pool._dialect._do_ping_w_event(
.venv\Lib\site-packages\sqlalchemy\engine\default.py:729: in _do_ping_w_event
    return self.do_ping(dbapi_connection)
           ^^^^^^^^^^^^^^^^^^^^^^^^^^^^^^
.venv\Lib\site-packages\sqlalchemy\dialects\postgresql\asyncpg.py:1160: in do_ping
    dbapi_connection.ping()
.venv\Lib\site-packages\sqlalchemy\dialects\postgresql\asyncpg.py:818: in ping
    self._handle_exception(error)
.venv\Lib\site-packages\sqlalchemy\dialects\postgresql\asyncpg.py:799: in _handle_exception
    raise error
.venv\Lib\site-packages\sqlalchemy\dialects\postgresql\asyncpg.py:816: in ping
    _ = self.await_(self._async_ping())
        ^^^^^^^^^^^^^^^^^^^^^^^^^^^^^^^
.venv\Lib\site-packages\sqlalchemy\util\_concurrency_py3k.py:132: in await_only
    return current.parent.switch(awaitable)  # type: ignore[no-any-return,attr-defined] # noqa: E501
           ^^^^^^^^^^^^^^^^^^^^^^^^^^^^^^^^
.venv\Lib\site-packages\sqlalchemy\util\_concurrency_py3k.py:196: in greenlet_spawn
    value = await result
            ^^^^^^^^^^^^
.venv\Lib\site-packages\sqlalchemy\dialects\postgresql\asyncpg.py:825: in _async_ping
    await tr.start()
.venv\Lib\site-packages\asyncpg\transaction.py:146: in start
    await self._connection.execute(query)
.venv\Lib\site-packages\asyncpg\connection.py:354: in execute
    result = await self._protocol.query(query, timeout)
             ^^^^^^^^^^^^^^^^^^^^^^^^^^^^^^^^^^^^^^^^^^
asyncpg/protocol/protocol.pyx:369: in query
    ???
asyncpg/protocol/protocol.pyx:362: in asyncpg.protocol.protocol.BaseProtocol.query
    ???
asyncpg/protocol/coreproto.pyx:1174: in asyncpg.protocol.protocol.CoreProtocol._simple_query
    ???
asyncpg/protocol/protocol.pyx:956: in asyncpg.protocol.protocol.BaseProtocol._write
    ???
..\..\..\..\..\AppData\Local\Python\pythoncore-3.14-64\Lib\asyncio\sslproto.py:222: in write
    self._ssl_protocol._write_appdata((data,))
..\..\..\..\..\AppData\Local\Python\pythoncore-3.14-64\Lib\asyncio\sslproto.py:700: in _write_appdata
    self._fatal_error(ex, 'Fatal error on SSL protocol')
..\..\..\..\..\AppData\Local\Python\pythoncore-3.14-64\Lib\asyncio\sslproto.py:918: in _fatal_error
    self._transport._force_close(exc)
..\..\..\..\..\AppData\Local\Python\pythoncore-3.14-64\Lib\asyncio\proactor_events.py:152: in _force_close
    self._loop.call_soon(self._call_connection_lost, exc)
..\..\..\..\..\AppData\Local\Python\pythoncore-3.14-64\Lib\asyncio\base_events.py:827: in call_soon
    self._check_closed()
..\..\..\..\..\AppData\Local\Python\pythoncore-3.14-64\Lib\asyncio\base_events.py:550: in _check_closed
    raise RuntimeError('Event loop is closed')
E   RuntimeError: Event loop is closed
------------------------------ Captured log call ------------------------------
ERROR    sqlalchemy.pool.impl.AsyncAdaptedQueuePool:base.py:377 Exception terminating connection <AdaptedConnection <asyncpg.connection.Connection object at 0x0000020EE15A5040>>
Traceback (most recent call last):
  File "C:\Users\nmendoza\Documents\Visual_Works\Planificacion-Voluntarios\plani-app-back\plani-app-back\.venv\Lib\site-packages\sqlalchemy\pool\base.py", line 373, in _close_connection
    self._dialect.do_terminate(connection)
    ~~~~~~~~~~~~~~~~~~~~~~~~~~^^^^^^^^^^^^
  File "C:\Users\nmendoza\Documents\Visual_Works\Planificacion-Voluntarios\plani-app-back\plani-app-back\.venv\Lib\site-packages\sqlalchemy\dialects\postgresql\asyncpg.py", line 1127, in do_terminate
    dbapi_connection.terminate()
    ~~~~~~~~~~~~~~~~~~~~~~~~~~^^
  File "C:\Users\nmendoza\Documents\Visual_Works\Planificacion-Voluntarios\plani-app-back\plani-app-back\.venv\Lib\site-packages\sqlalchemy\connectors\asyncio.py", line 402, in terminate
    self.await_(asyncio.shield(self._terminate_graceful_close()))  # type: ignore[attr-defined] # noqa: E501
    ~~~~~~~~~~~^^^^^^^^^^^^^^^^^^^^^^^^^^^^^^^^^^^^^^^^^^^^^^^^^^
  File "C:\Users\nmendoza\Documents\Visual_Works\Planificacion-Voluntarios\plani-app-back\plani-app-back\.venv\Lib\site-packages\sqlalchemy\util\_concurrency_py3k.py", line 132, in await_only
    return current.parent.switch(awaitable)  # type: ignore[no-any-return,attr-defined] # noqa: E501
           ~~~~~~~~~~~~~~~~~~~~~^^^^^^^^^^^
  File "C:\Users\nmendoza\Documents\Visual_Works\Planificacion-Voluntarios\plani-app-back\plani-app-back\.venv\Lib\site-packages\sqlalchemy\util\_concurrency_py3k.py", line 196, in greenlet_spawn
    value = await result
            ^^^^^^^^^^^^
  File "C:\Users\nmendoza\Documents\Visual_Works\Planificacion-Voluntarios\plani-app-back\plani-app-back\.venv\Lib\site-packages\sqlalchemy\dialects\postgresql\asyncpg.py", line 912, in _terminate_graceful_close
    await self._connection.close(timeout=2)
  File "C:\Users\nmendoza\Documents\Visual_Works\Planificacion-Voluntarios\plani-app-back\plani-app-back\.venv\Lib\site-packages\asyncpg\connection.py", line 1513, in close
    await self._protocol.close(timeout)
  File "asyncpg/protocol/protocol.pyx", line 617, in close
  File "asyncpg/protocol/protocol.pyx", line 650, in asyncpg.protocol.protocol.BaseProtocol._request_cancel
  File "C:\Users\nmendoza\Documents\Visual_Works\Planificacion-Voluntarios\plani-app-back\plani-app-back\.venv\Lib\site-packages\asyncpg\connection.py", line 1682, in _cancel_current_command
    self._cancellations.add(self._loop.create_task(self._cancel(waiter)))
                            ~~~~~~~~~~~~~~~~~~~~~~^^^^^^^^^^^^^^^^^^^^^^
  File "C:\Users\nmendoza\AppData\Local\Python\pythoncore-3.14-64\Lib\asyncio\base_events.py", line 466, in create_task
    self._check_closed()
    ~~~~~~~~~~~~~~~~~~^^
  File "C:\Users\nmendoza\AppData\Local\Python\pythoncore-3.14-64\Lib\asyncio\base_events.py", line 550, in _check_closed
    raise RuntimeError('Event loop is closed')
RuntimeError: Event loop is closed
________________ TestErrorHandling.test_confirm_empty_empresas ________________
..\..\..\..\..\AppData\Local\Python\pythoncore-3.14-64\Lib\asyncio\base_events.py:827: in call_soon
    self._check_closed()
..\..\..\..\..\AppData\Local\Python\pythoncore-3.14-64\Lib\asyncio\base_events.py:550: in _check_closed
    raise RuntimeError('Event loop is closed')
E   RuntimeError: Event loop is closed

During handling of the above exception, another exception occurred:
tests\test_integration.py:417: in test_confirm_empty_empresas
    await setup_test_config_trimestral(db_session, TEST_TRIMESTRE)
tests\conftest.py:170: in setup_test_config_trimestral
    result = await db.execute(
.venv\Lib\site-packages\sqlalchemy\ext\asyncio\session.py:449: in execute
    result = await greenlet_spawn(
.venv\Lib\site-packages\sqlalchemy\util\_concurrency_py3k.py:201: in greenlet_spawn
    result = context.throw(*sys.exc_info())
             ^^^^^^^^^^^^^^^^^^^^^^^^^^^^^^
.venv\Lib\site-packages\sqlalchemy\orm\session.py:2351: in execute
    return self._execute_internal(
.venv\Lib\site-packages\sqlalchemy\orm\session.py:2239: in _execute_internal
    conn = self._connection_for_bind(bind)
           ^^^^^^^^^^^^^^^^^^^^^^^^^^^^^^^
.venv\Lib\site-packages\sqlalchemy\orm\session.py:2108: in _connection_for_bind
    return trans._connection_for_bind(engine, execution_options)
           ^^^^^^^^^^^^^^^^^^^^^^^^^^^^^^^^^^^^^^^^^^^^^^^^^^^^^
<string>:2: in _connection_for_bind
    ???
.venv\Lib\site-packages\sqlalchemy\orm\state_changes.py:137: in _go
    ret_value = fn(self, *arg, **kw)
                ^^^^^^^^^^^^^^^^^^^^
.venv\Lib\site-packages\sqlalchemy\orm\session.py:1187: in _connection_for_bind
    conn = bind.connect()
           ^^^^^^^^^^^^^^
.venv\Lib\site-packages\sqlalchemy\engine\base.py:3293: in connect
    return self._connection_cls(self)
           ^^^^^^^^^^^^^^^^^^^^^^^^^^
.venv\Lib\site-packages\sqlalchemy\engine\base.py:143: in __init__
    self._dbapi_connection = engine.raw_connection()
                             ^^^^^^^^^^^^^^^^^^^^^^^
.venv\Lib\site-packages\sqlalchemy\engine\base.py:3317: in raw_connection
    return self.pool.connect()
           ^^^^^^^^^^^^^^^^^^^
.venv\Lib\site-packages\sqlalchemy\pool\base.py:448: in connect
    return _ConnectionFairy._checkout(self)
           ^^^^^^^^^^^^^^^^^^^^^^^^^^^^^^^^
.venv\Lib\site-packages\sqlalchemy\pool\base.py:1371: in _checkout
    with util.safe_reraise():
         ^^^^^^^^^^^^^^^^^^^
.venv\Lib\site-packages\sqlalchemy\util\langhelpers.py:121: in __exit__
    raise exc_value.with_traceback(exc_tb)
.venv\Lib\site-packages\sqlalchemy\pool\base.py:1309: in _checkout
    result = pool._dialect._do_ping_w_event(
.venv\Lib\site-packages\sqlalchemy\engine\default.py:729: in _do_ping_w_event
    return self.do_ping(dbapi_connection)
           ^^^^^^^^^^^^^^^^^^^^^^^^^^^^^^
.venv\Lib\site-packages\sqlalchemy\dialects\postgresql\asyncpg.py:1160: in do_ping
    dbapi_connection.ping()
.venv\Lib\site-packages\sqlalchemy\dialects\postgresql\asyncpg.py:818: in ping
    self._handle_exception(error)
.venv\Lib\site-packages\sqlalchemy\dialects\postgresql\asyncpg.py:799: in _handle_exception
    raise error
.venv\Lib\site-packages\sqlalchemy\dialects\postgresql\asyncpg.py:816: in ping
    _ = self.await_(self._async_ping())
        ^^^^^^^^^^^^^^^^^^^^^^^^^^^^^^^
.venv\Lib\site-packages\sqlalchemy\util\_concurrency_py3k.py:132: in await_only
    return current.parent.switch(awaitable)  # type: ignore[no-any-return,attr-defined] # noqa: E501
           ^^^^^^^^^^^^^^^^^^^^^^^^^^^^^^^^
.venv\Lib\site-packages\sqlalchemy\util\_concurrency_py3k.py:196: in greenlet_spawn
    value = await result
            ^^^^^^^^^^^^
.venv\Lib\site-packages\sqlalchemy\dialects\postgresql\asyncpg.py:825: in _async_ping
    await tr.start()
.venv\Lib\site-packages\asyncpg\transaction.py:146: in start
    await self._connection.execute(query)
.venv\Lib\site-packages\asyncpg\connection.py:354: in execute
    result = await self._protocol.query(query, timeout)
             ^^^^^^^^^^^^^^^^^^^^^^^^^^^^^^^^^^^^^^^^^^
asyncpg/protocol/protocol.pyx:369: in query
    ???
asyncpg/protocol/protocol.pyx:362: in asyncpg.protocol.protocol.BaseProtocol.query
    ???
asyncpg/protocol/coreproto.pyx:1174: in asyncpg.protocol.protocol.CoreProtocol._simple_query
    ???
asyncpg/protocol/protocol.pyx:956: in asyncpg.protocol.protocol.BaseProtocol._write
    ???
..\..\..\..\..\AppData\Local\Python\pythoncore-3.14-64\Lib\asyncio\sslproto.py:222: in write
    self._ssl_protocol._write_appdata((data,))
..\..\..\..\..\AppData\Local\Python\pythoncore-3.14-64\Lib\asyncio\sslproto.py:700: in _write_appdata
    self._fatal_error(ex, 'Fatal error on SSL protocol')
..\..\..\..\..\AppData\Local\Python\pythoncore-3.14-64\Lib\asyncio\sslproto.py:918: in _fatal_error
    self._transport._force_close(exc)
..\..\..\..\..\AppData\Local\Python\pythoncore-3.14-64\Lib\asyncio\proactor_events.py:152: in _force_close
    self._loop.call_soon(self._call_connection_lost, exc)
..\..\..\..\..\AppData\Local\Python\pythoncore-3.14-64\Lib\asyncio\base_events.py:827: in call_soon
    self._check_closed()
..\..\..\..\..\AppData\Local\Python\pythoncore-3.14-64\Lib\asyncio\base_events.py:550: in _check_closed
    raise RuntimeError('Event loop is closed')
E   RuntimeError: Event loop is closed
------------------------------ Captured log call ------------------------------
ERROR    sqlalchemy.pool.impl.AsyncAdaptedQueuePool:base.py:377 Exception terminating connection <AdaptedConnection <asyncpg.connection.Connection object at 0x0000020EE15695E0>>
Traceback (most recent call last):
  File "C:\Users\nmendoza\Documents\Visual_Works\Planificacion-Voluntarios\plani-app-back\plani-app-back\.venv\Lib\site-packages\sqlalchemy\pool\base.py", line 373, in _close_connection
    self._dialect.do_terminate(connection)
    ~~~~~~~~~~~~~~~~~~~~~~~~~~^^^^^^^^^^^^
  File "C:\Users\nmendoza\Documents\Visual_Works\Planificacion-Voluntarios\plani-app-back\plani-app-back\.venv\Lib\site-packages\sqlalchemy\dialects\postgresql\asyncpg.py", line 1127, in do_terminate
    dbapi_connection.terminate()
    ~~~~~~~~~~~~~~~~~~~~~~~~~~^^
  File "C:\Users\nmendoza\Documents\Visual_Works\Planificacion-Voluntarios\plani-app-back\plani-app-back\.venv\Lib\site-packages\sqlalchemy\connectors\asyncio.py", line 402, in terminate
    self.await_(asyncio.shield(self._terminate_graceful_close()))  # type: ignore[attr-defined] # noqa: E501
    ~~~~~~~~~~~^^^^^^^^^^^^^^^^^^^^^^^^^^^^^^^^^^^^^^^^^^^^^^^^^^
  File "C:\Users\nmendoza\Documents\Visual_Works\Planificacion-Voluntarios\plani-app-back\plani-app-back\.venv\Lib\site-packages\sqlalchemy\util\_concurrency_py3k.py", line 132, in await_only
    return current.parent.switch(awaitable)  # type: ignore[no-any-return,attr-defined] # noqa: E501
           ~~~~~~~~~~~~~~~~~~~~~^^^^^^^^^^^
  File "C:\Users\nmendoza\Documents\Visual_Works\Planificacion-Voluntarios\plani-app-back\plani-app-back\.venv\Lib\site-packages\sqlalchemy\util\_concurrency_py3k.py", line 196, in greenlet_spawn
    value = await result
            ^^^^^^^^^^^^
  File "C:\Users\nmendoza\Documents\Visual_Works\Planificacion-Voluntarios\plani-app-back\plani-app-back\.venv\Lib\site-packages\sqlalchemy\dialects\postgresql\asyncpg.py", line 912, in _terminate_graceful_close
    await self._connection.close(timeout=2)
  File "C:\Users\nmendoza\Documents\Visual_Works\Planificacion-Voluntarios\plani-app-back\plani-app-back\.venv\Lib\site-packages\asyncpg\connection.py", line 1513, in close
    await self._protocol.close(timeout)
  File "asyncpg/protocol/protocol.pyx", line 617, in close
  File "asyncpg/protocol/protocol.pyx", line 650, in asyncpg.protocol.protocol.BaseProtocol._request_cancel
  File "C:\Users\nmendoza\Documents\Visual_Works\Planificacion-Voluntarios\plani-app-back\plani-app-back\.venv\Lib\site-packages\asyncpg\connection.py", line 1682, in _cancel_current_command
    self._cancellations.add(self._loop.create_task(self._cancel(waiter)))
                            ~~~~~~~~~~~~~~~~~~~~~~^^^^^^^^^^^^^^^^^^^^^^
  File "C:\Users\nmendoza\AppData\Local\Python\pythoncore-3.14-64\Lib\asyncio\base_events.py", line 466, in create_task
    self._check_closed()
    ~~~~~~~~~~~~~~~~~~^^
  File "C:\Users\nmendoza\AppData\Local\Python\pythoncore-3.14-64\Lib\asyncio\base_events.py", line 550, in _check_closed
    raise RuntimeError('Event loop is closed')
RuntimeError: Event loop is closed
_______________ TestErrorHandling.test_update_nonexistent_slot ________________
tests\test_integration.py:432: in test_update_nonexistent_slot
    assert response.status_code == 404
E   assert 422 == 404
E    +  where 422 = <Response [422 Unprocessable Entity]>.status_code
---------------------------- Captured log teardown ----------------------------
ERROR    sqlalchemy.pool.impl.AsyncAdaptedQueuePool:base.py:377 Exception terminating connection <AdaptedConnection <asyncpg.connection.Connection object at 0x0000020EE1569E50>>
Traceback (most recent call last):
  File "C:\Users\nmendoza\Documents\Visual_Works\Planificacion-Voluntarios\plani-app-back\plani-app-back\.venv\Lib\site-packages\sqlalchemy\pool\base.py", line 373, in _close_connection
    self._dialect.do_terminate(connection)
    ~~~~~~~~~~~~~~~~~~~~~~~~~~^^^^^^^^^^^^
  File "C:\Users\nmendoza\Documents\Visual_Works\Planificacion-Voluntarios\plani-app-back\plani-app-back\.venv\Lib\site-packages\sqlalchemy\dialects\postgresql\asyncpg.py", line 1127, in do_terminate
    dbapi_connection.terminate()
    ~~~~~~~~~~~~~~~~~~~~~~~~~~^^
  File "C:\Users\nmendoza\Documents\Visual_Works\Planificacion-Voluntarios\plani-app-back\plani-app-back\.venv\Lib\site-packages\sqlalchemy\connectors\asyncio.py", line 402, in terminate
    self.await_(asyncio.shield(self._terminate_graceful_close()))  # type: ignore[attr-defined] # noqa: E501
    ~~~~~~~~~~~^^^^^^^^^^^^^^^^^^^^^^^^^^^^^^^^^^^^^^^^^^^^^^^^^^
  File "C:\Users\nmendoza\Documents\Visual_Works\Planificacion-Voluntarios\plani-app-back\plani-app-back\.venv\Lib\site-packages\sqlalchemy\util\_concurrency_py3k.py", line 132, in await_only
    return current.parent.switch(awaitable)  # type: ignore[no-any-return,attr-defined] # noqa: E501
           ~~~~~~~~~~~~~~~~~~~~~^^^^^^^^^^^
  File "C:\Users\nmendoza\Documents\Visual_Works\Planificacion-Voluntarios\plani-app-back\plani-app-back\.venv\Lib\site-packages\sqlalchemy\util\_concurrency_py3k.py", line 196, in greenlet_spawn
    value = await result
            ^^^^^^^^^^^^
  File "C:\Users\nmendoza\Documents\Visual_Works\Planificacion-Voluntarios\plani-app-back\plani-app-back\.venv\Lib\site-packages\sqlalchemy\dialects\postgresql\asyncpg.py", line 912, in _terminate_graceful_close
    await self._connection.close(timeout=2)
  File "C:\Users\nmendoza\Documents\Visual_Works\Planificacion-Voluntarios\plani-app-back\plani-app-back\.venv\Lib\site-packages\asyncpg\connection.py", line 1513, in close
    await self._protocol.close(timeout)
  File "asyncpg/protocol/protocol.pyx", line 617, in close
  File "asyncpg/protocol/protocol.pyx", line 650, in asyncpg.protocol.protocol.BaseProtocol._request_cancel
  File "C:\Users\nmendoza\Documents\Visual_Works\Planificacion-Voluntarios\plani-app-back\plani-app-back\.venv\Lib\site-packages\asyncpg\connection.py", line 1682, in _cancel_current_command
    self._cancellations.add(self._loop.create_task(self._cancel(waiter)))
                            ~~~~~~~~~~~~~~~~~~~~~~^^^^^^^^^^^^^^^^^^^^^^
  File "C:\Users\nmendoza\AppData\Local\Python\pythoncore-3.14-64\Lib\asyncio\base_events.py", line 466, in create_task
    self._check_closed()
    ~~~~~~~~~~~~~~~~~~^^
  File "C:\Users\nmendoza\AppData\Local\Python\pythoncore-3.14-64\Lib\asyncio\base_events.py", line 550, in _check_closed
    raise RuntimeError('Event loop is closed')
RuntimeError: Event loop is closed
_________________ TestErrorHandling.test_invalid_estado_value _________________
..\..\..\..\..\AppData\Local\Python\pythoncore-3.14-64\Lib\asyncio\base_events.py:827: in call_soon
    self._check_closed()
..\..\..\..\..\AppData\Local\Python\pythoncore-3.14-64\Lib\asyncio\base_events.py:550: in _check_closed
    raise RuntimeError('Event loop is closed')
E   RuntimeError: Event loop is closed

During handling of the above exception, another exception occurred:
tests\test_integration.py:436: in test_invalid_estado_value
    await setup_test_config_trimestral(db_session, TEST_TRIMESTRE)
tests\conftest.py:170: in setup_test_config_trimestral
    result = await db.execute(
.venv\Lib\site-packages\sqlalchemy\ext\asyncio\session.py:449: in execute
    result = await greenlet_spawn(
.venv\Lib\site-packages\sqlalchemy\util\_concurrency_py3k.py:201: in greenlet_spawn
    result = context.throw(*sys.exc_info())
             ^^^^^^^^^^^^^^^^^^^^^^^^^^^^^^
.venv\Lib\site-packages\sqlalchemy\orm\session.py:2351: in execute
    return self._execute_internal(
.venv\Lib\site-packages\sqlalchemy\orm\session.py:2239: in _execute_internal
    conn = self._connection_for_bind(bind)
           ^^^^^^^^^^^^^^^^^^^^^^^^^^^^^^^
.venv\Lib\site-packages\sqlalchemy\orm\session.py:2108: in _connection_for_bind
    return trans._connection_for_bind(engine, execution_options)
           ^^^^^^^^^^^^^^^^^^^^^^^^^^^^^^^^^^^^^^^^^^^^^^^^^^^^^
<string>:2: in _connection_for_bind
    ???
.venv\Lib\site-packages\sqlalchemy\orm\state_changes.py:137: in _go
    ret_value = fn(self, *arg, **kw)
                ^^^^^^^^^^^^^^^^^^^^
.venv\Lib\site-packages\sqlalchemy\orm\session.py:1187: in _connection_for_bind
    conn = bind.connect()
           ^^^^^^^^^^^^^^
.venv\Lib\site-packages\sqlalchemy\engine\base.py:3293: in connect
    return self._connection_cls(self)
           ^^^^^^^^^^^^^^^^^^^^^^^^^^
.venv\Lib\site-packages\sqlalchemy\engine\base.py:143: in __init__
    self._dbapi_connection = engine.raw_connection()
                             ^^^^^^^^^^^^^^^^^^^^^^^
.venv\Lib\site-packages\sqlalchemy\engine\base.py:3317: in raw_connection
    return self.pool.connect()
           ^^^^^^^^^^^^^^^^^^^
.venv\Lib\site-packages\sqlalchemy\pool\base.py:448: in connect
    return _ConnectionFairy._checkout(self)
           ^^^^^^^^^^^^^^^^^^^^^^^^^^^^^^^^
.venv\Lib\site-packages\sqlalchemy\pool\base.py:1371: in _checkout
    with util.safe_reraise():
         ^^^^^^^^^^^^^^^^^^^
.venv\Lib\site-packages\sqlalchemy\util\langhelpers.py:121: in __exit__
    raise exc_value.with_traceback(exc_tb)
.venv\Lib\site-packages\sqlalchemy\pool\base.py:1309: in _checkout
    result = pool._dialect._do_ping_w_event(
.venv\Lib\site-packages\sqlalchemy\engine\default.py:729: in _do_ping_w_event
    return self.do_ping(dbapi_connection)
           ^^^^^^^^^^^^^^^^^^^^^^^^^^^^^^
.venv\Lib\site-packages\sqlalchemy\dialects\postgresql\asyncpg.py:1160: in do_ping
    dbapi_connection.ping()
.venv\Lib\site-packages\sqlalchemy\dialects\postgresql\asyncpg.py:818: in ping
    self._handle_exception(error)
.venv\Lib\site-packages\sqlalchemy\dialects\postgresql\asyncpg.py:799: in _handle_exception
    raise error
.venv\Lib\site-packages\sqlalchemy\dialects\postgresql\asyncpg.py:816: in ping
    _ = self.await_(self._async_ping())
        ^^^^^^^^^^^^^^^^^^^^^^^^^^^^^^^
.venv\Lib\site-packages\sqlalchemy\util\_concurrency_py3k.py:132: in await_only
    return current.parent.switch(awaitable)  # type: ignore[no-any-return,attr-defined] # noqa: E501
           ^^^^^^^^^^^^^^^^^^^^^^^^^^^^^^^^
.venv\Lib\site-packages\sqlalchemy\util\_concurrency_py3k.py:196: in greenlet_spawn
    value = await result
            ^^^^^^^^^^^^
.venv\Lib\site-packages\sqlalchemy\dialects\postgresql\asyncpg.py:825: in _async_ping
    await tr.start()
.venv\Lib\site-packages\asyncpg\transaction.py:146: in start
    await self._connection.execute(query)
.venv\Lib\site-packages\asyncpg\connection.py:354: in execute
    result = await self._protocol.query(query, timeout)
             ^^^^^^^^^^^^^^^^^^^^^^^^^^^^^^^^^^^^^^^^^^
asyncpg/protocol/protocol.pyx:369: in query
    ???
asyncpg/protocol/protocol.pyx:362: in asyncpg.protocol.protocol.BaseProtocol.query
    ???
asyncpg/protocol/coreproto.pyx:1174: in asyncpg.protocol.protocol.CoreProtocol._simple_query
    ???
asyncpg/protocol/protocol.pyx:956: in asyncpg.protocol.protocol.BaseProtocol._write
    ???
..\..\..\..\..\AppData\Local\Python\pythoncore-3.14-64\Lib\asyncio\sslproto.py:222: in write
    self._ssl_protocol._write_appdata((data,))
..\..\..\..\..\AppData\Local\Python\pythoncore-3.14-64\Lib\asyncio\sslproto.py:700: in _write_appdata
    self._fatal_error(ex, 'Fatal error on SSL protocol')
..\..\..\..\..\AppData\Local\Python\pythoncore-3.14-64\Lib\asyncio\sslproto.py:918: in _fatal_error
    self._transport._force_close(exc)
..\..\..\..\..\AppData\Local\Python\pythoncore-3.14-64\Lib\asyncio\proactor_events.py:152: in _force_close
    self._loop.call_soon(self._call_connection_lost, exc)
..\..\..\..\..\AppData\Local\Python\pythoncore-3.14-64\Lib\asyncio\base_events.py:827: in call_soon
    self._check_closed()
..\..\..\..\..\AppData\Local\Python\pythoncore-3.14-64\Lib\asyncio\base_events.py:550: in _check_closed
    raise RuntimeError('Event loop is closed')
E   RuntimeError: Event loop is closed
------------------------------ Captured log call ------------------------------
ERROR    sqlalchemy.pool.impl.AsyncAdaptedQueuePool:base.py:377 Exception terminating connection <AdaptedConnection <asyncpg.connection.Connection object at 0x0000020EE1532F30>>
Traceback (most recent call last):
  File "C:\Users\nmendoza\Documents\Visual_Works\Planificacion-Voluntarios\plani-app-back\plani-app-back\.venv\Lib\site-packages\sqlalchemy\pool\base.py", line 373, in _close_connection
    self._dialect.do_terminate(connection)
    ~~~~~~~~~~~~~~~~~~~~~~~~~~^^^^^^^^^^^^
  File "C:\Users\nmendoza\Documents\Visual_Works\Planificacion-Voluntarios\plani-app-back\plani-app-back\.venv\Lib\site-packages\sqlalchemy\dialects\postgresql\asyncpg.py", line 1127, in do_terminate
    dbapi_connection.terminate()
    ~~~~~~~~~~~~~~~~~~~~~~~~~~^^
  File "C:\Users\nmendoza\Documents\Visual_Works\Planificacion-Voluntarios\plani-app-back\plani-app-back\.venv\Lib\site-packages\sqlalchemy\connectors\asyncio.py", line 402, in terminate
    self.await_(asyncio.shield(self._terminate_graceful_close()))  # type: ignore[attr-defined] # noqa: E501
    ~~~~~~~~~~~^^^^^^^^^^^^^^^^^^^^^^^^^^^^^^^^^^^^^^^^^^^^^^^^^^
  File "C:\Users\nmendoza\Documents\Visual_Works\Planificacion-Voluntarios\plani-app-back\plani-app-back\.venv\Lib\site-packages\sqlalchemy\util\_concurrency_py3k.py", line 132, in await_only
    return current.parent.switch(awaitable)  # type: ignore[no-any-return,attr-defined] # noqa: E501
           ~~~~~~~~~~~~~~~~~~~~~^^^^^^^^^^^
  File "C:\Users\nmendoza\Documents\Visual_Works\Planificacion-Voluntarios\plani-app-back\plani-app-back\.venv\Lib\site-packages\sqlalchemy\util\_concurrency_py3k.py", line 196, in greenlet_spawn
    value = await result
            ^^^^^^^^^^^^
  File "C:\Users\nmendoza\Documents\Visual_Works\Planificacion-Voluntarios\plani-app-back\plani-app-back\.venv\Lib\site-packages\sqlalchemy\dialects\postgresql\asyncpg.py", line 912, in _terminate_graceful_close
    await self._connection.close(timeout=2)
  File "C:\Users\nmendoza\Documents\Visual_Works\Planificacion-Voluntarios\plani-app-back\plani-app-back\.venv\Lib\site-packages\asyncpg\connection.py", line 1513, in close
    await self._protocol.close(timeout)
  File "asyncpg/protocol/protocol.pyx", line 617, in close
  File "asyncpg/protocol/protocol.pyx", line 650, in asyncpg.protocol.protocol.BaseProtocol._request_cancel
  File "C:\Users\nmendoza\Documents\Visual_Works\Planificacion-Voluntarios\plani-app-back\plani-app-back\.venv\Lib\site-packages\asyncpg\connection.py", line 1682, in _cancel_current_command
    self._cancellations.add(self._loop.create_task(self._cancel(waiter)))
                            ~~~~~~~~~~~~~~~~~~~~~~^^^^^^^^^^^^^^^^^^^^^^
  File "C:\Users\nmendoza\AppData\Local\Python\pythoncore-3.14-64\Lib\asyncio\base_events.py", line 466, in create_task
    self._check_closed()
    ~~~~~~~~~~~~~~~~~~^^
  File "C:\Users\nmendoza\AppData\Local\Python\pythoncore-3.14-64\Lib\asyncio\base_events.py", line 550, in _check_closed
    raise RuntimeError('Event loop is closed')
RuntimeError: Event loop is closed
________________________ test_legacy_update_base_only _________________________
..\..\..\..\..\AppData\Local\Python\pythoncore-3.14-64\Lib\asyncio\base_events.py:827: in call_soon
    self._check_closed()
..\..\..\..\..\AppData\Local\Python\pythoncore-3.14-64\Lib\asyncio\base_events.py:550: in _check_closed
    raise RuntimeError('Event loop is closed')
E   RuntimeError: Event loop is closed

During handling of the above exception, another exception occurred:
tests\test_legacy_update_extras.py:185: in test_legacy_update_base_only
    taller = await _pick_one_taller(db_session)
             ^^^^^^^^^^^^^^^^^^^^^^^^^^^^^^^^^^
tests\test_legacy_update_extras.py:98: in _pick_one_taller
    res = await db.execute(
.venv\Lib\site-packages\sqlalchemy\ext\asyncio\session.py:449: in execute
    result = await greenlet_spawn(
.venv\Lib\site-packages\sqlalchemy\util\_concurrency_py3k.py:201: in greenlet_spawn
    result = context.throw(*sys.exc_info())
             ^^^^^^^^^^^^^^^^^^^^^^^^^^^^^^
.venv\Lib\site-packages\sqlalchemy\orm\session.py:2351: in execute
    return self._execute_internal(
.venv\Lib\site-packages\sqlalchemy\orm\session.py:2239: in _execute_internal
    conn = self._connection_for_bind(bind)
           ^^^^^^^^^^^^^^^^^^^^^^^^^^^^^^^
.venv\Lib\site-packages\sqlalchemy\orm\session.py:2108: in _connection_for_bind
    return trans._connection_for_bind(engine, execution_options)
           ^^^^^^^^^^^^^^^^^^^^^^^^^^^^^^^^^^^^^^^^^^^^^^^^^^^^^
<string>:2: in _connection_for_bind
    ???
.venv\Lib\site-packages\sqlalchemy\orm\state_changes.py:137: in _go
    ret_value = fn(self, *arg, **kw)
                ^^^^^^^^^^^^^^^^^^^^
.venv\Lib\site-packages\sqlalchemy\orm\session.py:1187: in _connection_for_bind
    conn = bind.connect()
           ^^^^^^^^^^^^^^
.venv\Lib\site-packages\sqlalchemy\engine\base.py:3293: in connect
    return self._connection_cls(self)
           ^^^^^^^^^^^^^^^^^^^^^^^^^^
.venv\Lib\site-packages\sqlalchemy\engine\base.py:143: in __init__
    self._dbapi_connection = engine.raw_connection()
                             ^^^^^^^^^^^^^^^^^^^^^^^
.venv\Lib\site-packages\sqlalchemy\engine\base.py:3317: in raw_connection
    return self.pool.connect()
           ^^^^^^^^^^^^^^^^^^^
.venv\Lib\site-packages\sqlalchemy\pool\base.py:448: in connect
    return _ConnectionFairy._checkout(self)
           ^^^^^^^^^^^^^^^^^^^^^^^^^^^^^^^^
.venv\Lib\site-packages\sqlalchemy\pool\base.py:1371: in _checkout
    with util.safe_reraise():
         ^^^^^^^^^^^^^^^^^^^
.venv\Lib\site-packages\sqlalchemy\util\langhelpers.py:121: in __exit__
    raise exc_value.with_traceback(exc_tb)
.venv\Lib\site-packages\sqlalchemy\pool\base.py:1309: in _checkout
    result = pool._dialect._do_ping_w_event(
.venv\Lib\site-packages\sqlalchemy\engine\default.py:729: in _do_ping_w_event
    return self.do_ping(dbapi_connection)
           ^^^^^^^^^^^^^^^^^^^^^^^^^^^^^^
.venv\Lib\site-packages\sqlalchemy\dialects\postgresql\asyncpg.py:1160: in do_ping
    dbapi_connection.ping()
.venv\Lib\site-packages\sqlalchemy\dialects\postgresql\asyncpg.py:818: in ping
    self._handle_exception(error)
.venv\Lib\site-packages\sqlalchemy\dialects\postgresql\asyncpg.py:799: in _handle_exception
    raise error
.venv\Lib\site-packages\sqlalchemy\dialects\postgresql\asyncpg.py:816: in ping
    _ = self.await_(self._async_ping())
        ^^^^^^^^^^^^^^^^^^^^^^^^^^^^^^^
.venv\Lib\site-packages\sqlalchemy\util\_concurrency_py3k.py:132: in await_only
    return current.parent.switch(awaitable)  # type: ignore[no-any-return,attr-defined] # noqa: E501
           ^^^^^^^^^^^^^^^^^^^^^^^^^^^^^^^^
.venv\Lib\site-packages\sqlalchemy\util\_concurrency_py3k.py:196: in greenlet_spawn
    value = await result
            ^^^^^^^^^^^^
.venv\Lib\site-packages\sqlalchemy\dialects\postgresql\asyncpg.py:825: in _async_ping
    await tr.start()
.venv\Lib\site-packages\asyncpg\transaction.py:146: in start
    await self._connection.execute(query)
.venv\Lib\site-packages\asyncpg\connection.py:354: in execute
    result = await self._protocol.query(query, timeout)
             ^^^^^^^^^^^^^^^^^^^^^^^^^^^^^^^^^^^^^^^^^^
asyncpg/protocol/protocol.pyx:369: in query
    ???
asyncpg/protocol/protocol.pyx:362: in asyncpg.protocol.protocol.BaseProtocol.query
    ???
asyncpg/protocol/coreproto.pyx:1174: in asyncpg.protocol.protocol.CoreProtocol._simple_query
    ???
asyncpg/protocol/protocol.pyx:956: in asyncpg.protocol.protocol.BaseProtocol._write
    ???
..\..\..\..\..\AppData\Local\Python\pythoncore-3.14-64\Lib\asyncio\sslproto.py:222: in write
    self._ssl_protocol._write_appdata((data,))
..\..\..\..\..\AppData\Local\Python\pythoncore-3.14-64\Lib\asyncio\sslproto.py:700: in _write_appdata
    self._fatal_error(ex, 'Fatal error on SSL protocol')
..\..\..\..\..\AppData\Local\Python\pythoncore-3.14-64\Lib\asyncio\sslproto.py:918: in _fatal_error
    self._transport._force_close(exc)
..\..\..\..\..\AppData\Local\Python\pythoncore-3.14-64\Lib\asyncio\proactor_events.py:152: in _force_close
    self._loop.call_soon(self._call_connection_lost, exc)
..\..\..\..\..\AppData\Local\Python\pythoncore-3.14-64\Lib\asyncio\base_events.py:827: in call_soon
    self._check_closed()
..\..\..\..\..\AppData\Local\Python\pythoncore-3.14-64\Lib\asyncio\base_events.py:550: in _check_closed
    raise RuntimeError('Event loop is closed')
E   RuntimeError: Event loop is closed
------------------------------ Captured log call ------------------------------
ERROR    sqlalchemy.pool.impl.AsyncAdaptedQueuePool:base.py:377 Exception terminating connection <AdaptedConnection <asyncpg.connection.Connection object at 0x0000020EE15337A0>>
Traceback (most recent call last):
  File "C:\Users\nmendoza\Documents\Visual_Works\Planificacion-Voluntarios\plani-app-back\plani-app-back\.venv\Lib\site-packages\sqlalchemy\pool\base.py", line 373, in _close_connection
    self._dialect.do_terminate(connection)
    ~~~~~~~~~~~~~~~~~~~~~~~~~~^^^^^^^^^^^^
  File "C:\Users\nmendoza\Documents\Visual_Works\Planificacion-Voluntarios\plani-app-back\plani-app-back\.venv\Lib\site-packages\sqlalchemy\dialects\postgresql\asyncpg.py", line 1127, in do_terminate
    dbapi_connection.terminate()
    ~~~~~~~~~~~~~~~~~~~~~~~~~~^^
  File "C:\Users\nmendoza\Documents\Visual_Works\Planificacion-Voluntarios\plani-app-back\plani-app-back\.venv\Lib\site-packages\sqlalchemy\connectors\asyncio.py", line 402, in terminate
    self.await_(asyncio.shield(self._terminate_graceful_close()))  # type: ignore[attr-defined] # noqa: E501
    ~~~~~~~~~~~^^^^^^^^^^^^^^^^^^^^^^^^^^^^^^^^^^^^^^^^^^^^^^^^^^
  File "C:\Users\nmendoza\Documents\Visual_Works\Planificacion-Voluntarios\plani-app-back\plani-app-back\.venv\Lib\site-packages\sqlalchemy\util\_concurrency_py3k.py", line 132, in await_only
    return current.parent.switch(awaitable)  # type: ignore[no-any-return,attr-defined] # noqa: E501
           ~~~~~~~~~~~~~~~~~~~~~^^^^^^^^^^^
  File "C:\Users\nmendoza\Documents\Visual_Works\Planificacion-Voluntarios\plani-app-back\plani-app-back\.venv\Lib\site-packages\sqlalchemy\util\_concurrency_py3k.py", line 196, in greenlet_spawn
    value = await result
            ^^^^^^^^^^^^
  File "C:\Users\nmendoza\Documents\Visual_Works\Planificacion-Voluntarios\plani-app-back\plani-app-back\.venv\Lib\site-packages\sqlalchemy\dialects\postgresql\asyncpg.py", line 912, in _terminate_graceful_close
    await self._connection.close(timeout=2)
  File "C:\Users\nmendoza\Documents\Visual_Works\Planificacion-Voluntarios\plani-app-back\plani-app-back\.venv\Lib\site-packages\asyncpg\connection.py", line 1513, in close
    await self._protocol.close(timeout)
  File "asyncpg/protocol/protocol.pyx", line 617, in close
  File "asyncpg/protocol/protocol.pyx", line 650, in asyncpg.protocol.protocol.BaseProtocol._request_cancel
  File "C:\Users\nmendoza\Documents\Visual_Works\Planificacion-Voluntarios\plani-app-back\plani-app-back\.venv\Lib\site-packages\asyncpg\connection.py", line 1682, in _cancel_current_command
    self._cancellations.add(self._loop.create_task(self._cancel(waiter)))
                            ~~~~~~~~~~~~~~~~~~~~~~^^^^^^^^^^^^^^^^^^^^^^
  File "C:\Users\nmendoza\AppData\Local\Python\pythoncore-3.14-64\Lib\asyncio\base_events.py", line 466, in create_task
    self._check_closed()
    ~~~~~~~~~~~~~~~~~~^^
  File "C:\Users\nmendoza\AppData\Local\Python\pythoncore-3.14-64\Lib\asyncio\base_events.py", line 550, in _check_closed
    raise RuntimeError('Event loop is closed')
RuntimeError: Event loop is closed
________________________ test_legacy_update_extra_only ________________________
..\..\..\..\..\AppData\Local\Python\pythoncore-3.14-64\Lib\asyncio\base_events.py:827: in call_soon
    self._check_closed()
..\..\..\..\..\AppData\Local\Python\pythoncore-3.14-64\Lib\asyncio\base_events.py:550: in _check_closed
    raise RuntimeError('Event loop is closed')
E   RuntimeError: Event loop is closed

During handling of the above exception, another exception occurred:
tests\test_legacy_update_extras.py:221: in test_legacy_update_extra_only
    taller = await _pick_one_taller(db_session)
             ^^^^^^^^^^^^^^^^^^^^^^^^^^^^^^^^^^
tests\test_legacy_update_extras.py:98: in _pick_one_taller
    res = await db.execute(
.venv\Lib\site-packages\sqlalchemy\ext\asyncio\session.py:449: in execute
    result = await greenlet_spawn(
.venv\Lib\site-packages\sqlalchemy\util\_concurrency_py3k.py:201: in greenlet_spawn
    result = context.throw(*sys.exc_info())
             ^^^^^^^^^^^^^^^^^^^^^^^^^^^^^^
.venv\Lib\site-packages\sqlalchemy\orm\session.py:2351: in execute
    return self._execute_internal(
.venv\Lib\site-packages\sqlalchemy\orm\session.py:2239: in _execute_internal
    conn = self._connection_for_bind(bind)
           ^^^^^^^^^^^^^^^^^^^^^^^^^^^^^^^
.venv\Lib\site-packages\sqlalchemy\orm\session.py:2108: in _connection_for_bind
    return trans._connection_for_bind(engine, execution_options)
           ^^^^^^^^^^^^^^^^^^^^^^^^^^^^^^^^^^^^^^^^^^^^^^^^^^^^^
<string>:2: in _connection_for_bind
    ???
.venv\Lib\site-packages\sqlalchemy\orm\state_changes.py:137: in _go
    ret_value = fn(self, *arg, **kw)
                ^^^^^^^^^^^^^^^^^^^^
.venv\Lib\site-packages\sqlalchemy\orm\session.py:1187: in _connection_for_bind
    conn = bind.connect()
           ^^^^^^^^^^^^^^
.venv\Lib\site-packages\sqlalchemy\engine\base.py:3293: in connect
    return self._connection_cls(self)
           ^^^^^^^^^^^^^^^^^^^^^^^^^^
.venv\Lib\site-packages\sqlalchemy\engine\base.py:143: in __init__
    self._dbapi_connection = engine.raw_connection()
                             ^^^^^^^^^^^^^^^^^^^^^^^
.venv\Lib\site-packages\sqlalchemy\engine\base.py:3317: in raw_connection
    return self.pool.connect()
           ^^^^^^^^^^^^^^^^^^^
.venv\Lib\site-packages\sqlalchemy\pool\base.py:448: in connect
    return _ConnectionFairy._checkout(self)
           ^^^^^^^^^^^^^^^^^^^^^^^^^^^^^^^^
.venv\Lib\site-packages\sqlalchemy\pool\base.py:1371: in _checkout
    with util.safe_reraise():
         ^^^^^^^^^^^^^^^^^^^
.venv\Lib\site-packages\sqlalchemy\util\langhelpers.py:121: in __exit__
    raise exc_value.with_traceback(exc_tb)
.venv\Lib\site-packages\sqlalchemy\pool\base.py:1309: in _checkout
    result = pool._dialect._do_ping_w_event(
.venv\Lib\site-packages\sqlalchemy\engine\default.py:729: in _do_ping_w_event
    return self.do_ping(dbapi_connection)
           ^^^^^^^^^^^^^^^^^^^^^^^^^^^^^^
.venv\Lib\site-packages\sqlalchemy\dialects\postgresql\asyncpg.py:1160: in do_ping
    dbapi_connection.ping()
.venv\Lib\site-packages\sqlalchemy\dialects\postgresql\asyncpg.py:818: in ping
    self._handle_exception(error)
.venv\Lib\site-packages\sqlalchemy\dialects\postgresql\asyncpg.py:799: in _handle_exception
    raise error
.venv\Lib\site-packages\sqlalchemy\dialects\postgresql\asyncpg.py:816: in ping
    _ = self.await_(self._async_ping())
        ^^^^^^^^^^^^^^^^^^^^^^^^^^^^^^^
.venv\Lib\site-packages\sqlalchemy\util\_concurrency_py3k.py:132: in await_only
    return current.parent.switch(awaitable)  # type: ignore[no-any-return,attr-defined] # noqa: E501
           ^^^^^^^^^^^^^^^^^^^^^^^^^^^^^^^^
.venv\Lib\site-packages\sqlalchemy\util\_concurrency_py3k.py:196: in greenlet_spawn
    value = await result
            ^^^^^^^^^^^^
.venv\Lib\site-packages\sqlalchemy\dialects\postgresql\asyncpg.py:825: in _async_ping
    await tr.start()
.venv\Lib\site-packages\asyncpg\transaction.py:146: in start
    await self._connection.execute(query)
.venv\Lib\site-packages\asyncpg\connection.py:354: in execute
    result = await self._protocol.query(query, timeout)
             ^^^^^^^^^^^^^^^^^^^^^^^^^^^^^^^^^^^^^^^^^^
asyncpg/protocol/protocol.pyx:369: in query
    ???
asyncpg/protocol/protocol.pyx:362: in asyncpg.protocol.protocol.BaseProtocol.query
    ???
asyncpg/protocol/coreproto.pyx:1174: in asyncpg.protocol.protocol.CoreProtocol._simple_query
    ???
asyncpg/protocol/protocol.pyx:956: in asyncpg.protocol.protocol.BaseProtocol._write
    ???
..\..\..\..\..\AppData\Local\Python\pythoncore-3.14-64\Lib\asyncio\sslproto.py:222: in write
    self._ssl_protocol._write_appdata((data,))
..\..\..\..\..\AppData\Local\Python\pythoncore-3.14-64\Lib\asyncio\sslproto.py:700: in _write_appdata
    self._fatal_error(ex, 'Fatal error on SSL protocol')
..\..\..\..\..\AppData\Local\Python\pythoncore-3.14-64\Lib\asyncio\sslproto.py:918: in _fatal_error
    self._transport._force_close(exc)
..\..\..\..\..\AppData\Local\Python\pythoncore-3.14-64\Lib\asyncio\proactor_events.py:152: in _force_close
    self._loop.call_soon(self._call_connection_lost, exc)
..\..\..\..\..\AppData\Local\Python\pythoncore-3.14-64\Lib\asyncio\base_events.py:827: in call_soon
    self._check_closed()
..\..\..\..\..\AppData\Local\Python\pythoncore-3.14-64\Lib\asyncio\base_events.py:550: in _check_closed
    raise RuntimeError('Event loop is closed')
E   RuntimeError: Event loop is closed
------------------------------ Captured log call ------------------------------
ERROR    sqlalchemy.pool.impl.AsyncAdaptedQueuePool:base.py:377 Exception terminating connection <AdaptedConnection <asyncpg.connection.Connection object at 0x0000020EE15937A0>>
Traceback (most recent call last):
  File "C:\Users\nmendoza\Documents\Visual_Works\Planificacion-Voluntarios\plani-app-back\plani-app-back\.venv\Lib\site-packages\sqlalchemy\pool\base.py", line 373, in _close_connection
    self._dialect.do_terminate(connection)
    ~~~~~~~~~~~~~~~~~~~~~~~~~~^^^^^^^^^^^^
  File "C:\Users\nmendoza\Documents\Visual_Works\Planificacion-Voluntarios\plani-app-back\plani-app-back\.venv\Lib\site-packages\sqlalchemy\dialects\postgresql\asyncpg.py", line 1127, in do_terminate
    dbapi_connection.terminate()
    ~~~~~~~~~~~~~~~~~~~~~~~~~~^^
  File "C:\Users\nmendoza\Documents\Visual_Works\Planificacion-Voluntarios\plani-app-back\plani-app-back\.venv\Lib\site-packages\sqlalchemy\connectors\asyncio.py", line 402, in terminate
    self.await_(asyncio.shield(self._terminate_graceful_close()))  # type: ignore[attr-defined] # noqa: E501
    ~~~~~~~~~~~^^^^^^^^^^^^^^^^^^^^^^^^^^^^^^^^^^^^^^^^^^^^^^^^^^
  File "C:\Users\nmendoza\Documents\Visual_Works\Planificacion-Voluntarios\plani-app-back\plani-app-back\.venv\Lib\site-packages\sqlalchemy\util\_concurrency_py3k.py", line 132, in await_only
    return current.parent.switch(awaitable)  # type: ignore[no-any-return,attr-defined] # noqa: E501
           ~~~~~~~~~~~~~~~~~~~~~^^^^^^^^^^^
  File "C:\Users\nmendoza\Documents\Visual_Works\Planificacion-Voluntarios\plani-app-back\plani-app-back\.venv\Lib\site-packages\sqlalchemy\util\_concurrency_py3k.py", line 196, in greenlet_spawn
    value = await result
            ^^^^^^^^^^^^
  File "C:\Users\nmendoza\Documents\Visual_Works\Planificacion-Voluntarios\plani-app-back\plani-app-back\.venv\Lib\site-packages\sqlalchemy\dialects\postgresql\asyncpg.py", line 912, in _terminate_graceful_close
    await self._connection.close(timeout=2)
  File "C:\Users\nmendoza\Documents\Visual_Works\Planificacion-Voluntarios\plani-app-back\plani-app-back\.venv\Lib\site-packages\asyncpg\connection.py", line 1513, in close
    await self._protocol.close(timeout)
  File "asyncpg/protocol/protocol.pyx", line 617, in close
  File "asyncpg/protocol/protocol.pyx", line 650, in asyncpg.protocol.protocol.BaseProtocol._request_cancel
  File "C:\Users\nmendoza\Documents\Visual_Works\Planificacion-Voluntarios\plani-app-back\plani-app-back\.venv\Lib\site-packages\asyncpg\connection.py", line 1682, in _cancel_current_command
    self._cancellations.add(self._loop.create_task(self._cancel(waiter)))
                            ~~~~~~~~~~~~~~~~~~~~~~^^^^^^^^^^^^^^^^^^^^^^
  File "C:\Users\nmendoza\AppData\Local\Python\pythoncore-3.14-64\Lib\asyncio\base_events.py", line 466, in create_task
    self._check_closed()
    ~~~~~~~~~~~~~~~~~~^^
  File "C:\Users\nmendoza\AppData\Local\Python\pythoncore-3.14-64\Lib\asyncio\base_events.py", line 550, in _check_closed
    raise RuntimeError('Event loop is closed')
RuntimeError: Event loop is closed
______________ test_legacy_update_slot_compartido_actualiza_base ______________
..\..\..\..\..\AppData\Local\Python\pythoncore-3.14-64\Lib\asyncio\base_events.py:827: in call_soon
    self._check_closed()
..\..\..\..\..\AppData\Local\Python\pythoncore-3.14-64\Lib\asyncio\base_events.py:550: in _check_closed
    raise RuntimeError('Event loop is closed')
E   RuntimeError: Event loop is closed

During handling of the above exception, another exception occurred:
tests\test_legacy_update_extras.py:257: in test_legacy_update_slot_compartido_actualiza_base
    taller = await _pick_one_taller(db_session)
             ^^^^^^^^^^^^^^^^^^^^^^^^^^^^^^^^^^
tests\test_legacy_update_extras.py:98: in _pick_one_taller
    res = await db.execute(
.venv\Lib\site-packages\sqlalchemy\ext\asyncio\session.py:449: in execute
    result = await greenlet_spawn(
.venv\Lib\site-packages\sqlalchemy\util\_concurrency_py3k.py:201: in greenlet_spawn
    result = context.throw(*sys.exc_info())
             ^^^^^^^^^^^^^^^^^^^^^^^^^^^^^^
.venv\Lib\site-packages\sqlalchemy\orm\session.py:2351: in execute
    return self._execute_internal(
.venv\Lib\site-packages\sqlalchemy\orm\session.py:2239: in _execute_internal
    conn = self._connection_for_bind(bind)
           ^^^^^^^^^^^^^^^^^^^^^^^^^^^^^^^
.venv\Lib\site-packages\sqlalchemy\orm\session.py:2108: in _connection_for_bind
    return trans._connection_for_bind(engine, execution_options)
           ^^^^^^^^^^^^^^^^^^^^^^^^^^^^^^^^^^^^^^^^^^^^^^^^^^^^^
<string>:2: in _connection_for_bind
    ???
.venv\Lib\site-packages\sqlalchemy\orm\state_changes.py:137: in _go
    ret_value = fn(self, *arg, **kw)
                ^^^^^^^^^^^^^^^^^^^^
.venv\Lib\site-packages\sqlalchemy\orm\session.py:1187: in _connection_for_bind
    conn = bind.connect()
           ^^^^^^^^^^^^^^
.venv\Lib\site-packages\sqlalchemy\engine\base.py:3293: in connect
    return self._connection_cls(self)
           ^^^^^^^^^^^^^^^^^^^^^^^^^^
.venv\Lib\site-packages\sqlalchemy\engine\base.py:143: in __init__
    self._dbapi_connection = engine.raw_connection()
                             ^^^^^^^^^^^^^^^^^^^^^^^
.venv\Lib\site-packages\sqlalchemy\engine\base.py:3317: in raw_connection
    return self.pool.connect()
           ^^^^^^^^^^^^^^^^^^^
.venv\Lib\site-packages\sqlalchemy\pool\base.py:448: in connect
    return _ConnectionFairy._checkout(self)
           ^^^^^^^^^^^^^^^^^^^^^^^^^^^^^^^^
.venv\Lib\site-packages\sqlalchemy\pool\base.py:1371: in _checkout
    with util.safe_reraise():
         ^^^^^^^^^^^^^^^^^^^
.venv\Lib\site-packages\sqlalchemy\util\langhelpers.py:121: in __exit__
    raise exc_value.with_traceback(exc_tb)
.venv\Lib\site-packages\sqlalchemy\pool\base.py:1309: in _checkout
    result = pool._dialect._do_ping_w_event(
.venv\Lib\site-packages\sqlalchemy\engine\default.py:729: in _do_ping_w_event
    return self.do_ping(dbapi_connection)
           ^^^^^^^^^^^^^^^^^^^^^^^^^^^^^^
.venv\Lib\site-packages\sqlalchemy\dialects\postgresql\asyncpg.py:1160: in do_ping
    dbapi_connection.ping()
.venv\Lib\site-packages\sqlalchemy\dialects\postgresql\asyncpg.py:818: in ping
    self._handle_exception(error)
.venv\Lib\site-packages\sqlalchemy\dialects\postgresql\asyncpg.py:799: in _handle_exception
    raise error
.venv\Lib\site-packages\sqlalchemy\dialects\postgresql\asyncpg.py:816: in ping
    _ = self.await_(self._async_ping())
        ^^^^^^^^^^^^^^^^^^^^^^^^^^^^^^^
.venv\Lib\site-packages\sqlalchemy\util\_concurrency_py3k.py:132: in await_only
    return current.parent.switch(awaitable)  # type: ignore[no-any-return,attr-defined] # noqa: E501
           ^^^^^^^^^^^^^^^^^^^^^^^^^^^^^^^^
.venv\Lib\site-packages\sqlalchemy\util\_concurrency_py3k.py:196: in greenlet_spawn
    value = await result
            ^^^^^^^^^^^^
.venv\Lib\site-packages\sqlalchemy\dialects\postgresql\asyncpg.py:825: in _async_ping
    await tr.start()
.venv\Lib\site-packages\asyncpg\transaction.py:146: in start
    await self._connection.execute(query)
.venv\Lib\site-packages\asyncpg\connection.py:354: in execute
    result = await self._protocol.query(query, timeout)
             ^^^^^^^^^^^^^^^^^^^^^^^^^^^^^^^^^^^^^^^^^^
asyncpg/protocol/protocol.pyx:369: in query
    ???
asyncpg/protocol/protocol.pyx:362: in asyncpg.protocol.protocol.BaseProtocol.query
    ???
asyncpg/protocol/coreproto.pyx:1174: in asyncpg.protocol.protocol.CoreProtocol._simple_query
    ???
asyncpg/protocol/protocol.pyx:956: in asyncpg.protocol.protocol.BaseProtocol._write
    ???
..\..\..\..\..\AppData\Local\Python\pythoncore-3.14-64\Lib\asyncio\sslproto.py:222: in write
    self._ssl_protocol._write_appdata((data,))
..\..\..\..\..\AppData\Local\Python\pythoncore-3.14-64\Lib\asyncio\sslproto.py:700: in _write_appdata
    self._fatal_error(ex, 'Fatal error on SSL protocol')
..\..\..\..\..\AppData\Local\Python\pythoncore-3.14-64\Lib\asyncio\sslproto.py:918: in _fatal_error
    self._transport._force_close(exc)
..\..\..\..\..\AppData\Local\Python\pythoncore-3.14-64\Lib\asyncio\proactor_events.py:152: in _force_close
    self._loop.call_soon(self._call_connection_lost, exc)
..\..\..\..\..\AppData\Local\Python\pythoncore-3.14-64\Lib\asyncio\base_events.py:827: in call_soon
    self._check_closed()
..\..\..\..\..\AppData\Local\Python\pythoncore-3.14-64\Lib\asyncio\base_events.py:550: in _check_closed
    raise RuntimeError('Event loop is closed')
E   RuntimeError: Event loop is closed
------------------------------ Captured log call ------------------------------
ERROR    sqlalchemy.pool.impl.AsyncAdaptedQueuePool:base.py:377 Exception terminating connection <AdaptedConnection <asyncpg.connection.Connection object at 0x0000020EE1205F40>>
Traceback (most recent call last):
  File "C:\Users\nmendoza\Documents\Visual_Works\Planificacion-Voluntarios\plani-app-back\plani-app-back\.venv\Lib\site-packages\sqlalchemy\pool\base.py", line 373, in _close_connection
    self._dialect.do_terminate(connection)
    ~~~~~~~~~~~~~~~~~~~~~~~~~~^^^^^^^^^^^^
  File "C:\Users\nmendoza\Documents\Visual_Works\Planificacion-Voluntarios\plani-app-back\plani-app-back\.venv\Lib\site-packages\sqlalchemy\dialects\postgresql\asyncpg.py", line 1127, in do_terminate
    dbapi_connection.terminate()
    ~~~~~~~~~~~~~~~~~~~~~~~~~~^^
  File "C:\Users\nmendoza\Documents\Visual_Works\Planificacion-Voluntarios\plani-app-back\plani-app-back\.venv\Lib\site-packages\sqlalchemy\connectors\asyncio.py", line 402, in terminate
    self.await_(asyncio.shield(self._terminate_graceful_close()))  # type: ignore[attr-defined] # noqa: E501
    ~~~~~~~~~~~^^^^^^^^^^^^^^^^^^^^^^^^^^^^^^^^^^^^^^^^^^^^^^^^^^
  File "C:\Users\nmendoza\Documents\Visual_Works\Planificacion-Voluntarios\plani-app-back\plani-app-back\.venv\Lib\site-packages\sqlalchemy\util\_concurrency_py3k.py", line 132, in await_only
    return current.parent.switch(awaitable)  # type: ignore[no-any-return,attr-defined] # noqa: E501
           ~~~~~~~~~~~~~~~~~~~~~^^^^^^^^^^^
  File "C:\Users\nmendoza\Documents\Visual_Works\Planificacion-Voluntarios\plani-app-back\plani-app-back\.venv\Lib\site-packages\sqlalchemy\util\_concurrency_py3k.py", line 196, in greenlet_spawn
    value = await result
            ^^^^^^^^^^^^
  File "C:\Users\nmendoza\Documents\Visual_Works\Planificacion-Voluntarios\plani-app-back\plani-app-back\.venv\Lib\site-packages\sqlalchemy\dialects\postgresql\asyncpg.py", line 912, in _terminate_graceful_close
    await self._connection.close(timeout=2)
  File "C:\Users\nmendoza\Documents\Visual_Works\Planificacion-Voluntarios\plani-app-back\plani-app-back\.venv\Lib\site-packages\asyncpg\connection.py", line 1513, in close
    await self._protocol.close(timeout)
  File "asyncpg/protocol/protocol.pyx", line 617, in close
  File "asyncpg/protocol/protocol.pyx", line 650, in asyncpg.protocol.protocol.BaseProtocol._request_cancel
  File "C:\Users\nmendoza\Documents\Visual_Works\Planificacion-Voluntarios\plani-app-back\plani-app-back\.venv\Lib\site-packages\asyncpg\connection.py", line 1682, in _cancel_current_command
    self._cancellations.add(self._loop.create_task(self._cancel(waiter)))
                            ~~~~~~~~~~~~~~~~~~~~~~^^^^^^^^^^^^^^^^^^^^^^
  File "C:\Users\nmendoza\AppData\Local\Python\pythoncore-3.14-64\Lib\asyncio\base_events.py", line 466, in create_task
    self._check_closed()
    ~~~~~~~~~~~~~~~~~~^^
  File "C:\Users\nmendoza\AppData\Local\Python\pythoncore-3.14-64\Lib\asyncio\base_events.py", line 550, in _check_closed
    raise RuntimeError('Event loop is closed')
RuntimeError: Event loop is closed
_____________ test_legacy_update_slot_compartido_actualiza_extra ______________
..\..\..\..\..\AppData\Local\Python\pythoncore-3.14-64\Lib\asyncio\base_events.py:827: in call_soon
    self._check_closed()
..\..\..\..\..\AppData\Local\Python\pythoncore-3.14-64\Lib\asyncio\base_events.py:550: in _check_closed
    raise RuntimeError('Event loop is closed')
E   RuntimeError: Event loop is closed

During handling of the above exception, another exception occurred:
tests\test_legacy_update_extras.py:306: in test_legacy_update_slot_compartido_actualiza_extra
    taller = await _pick_one_taller(db_session)
             ^^^^^^^^^^^^^^^^^^^^^^^^^^^^^^^^^^
tests\test_legacy_update_extras.py:98: in _pick_one_taller
    res = await db.execute(
.venv\Lib\site-packages\sqlalchemy\ext\asyncio\session.py:449: in execute
    result = await greenlet_spawn(
.venv\Lib\site-packages\sqlalchemy\util\_concurrency_py3k.py:201: in greenlet_spawn
    result = context.throw(*sys.exc_info())
             ^^^^^^^^^^^^^^^^^^^^^^^^^^^^^^
.venv\Lib\site-packages\sqlalchemy\orm\session.py:2351: in execute
    return self._execute_internal(
.venv\Lib\site-packages\sqlalchemy\orm\session.py:2239: in _execute_internal
    conn = self._connection_for_bind(bind)
           ^^^^^^^^^^^^^^^^^^^^^^^^^^^^^^^
.venv\Lib\site-packages\sqlalchemy\orm\session.py:2108: in _connection_for_bind
    return trans._connection_for_bind(engine, execution_options)
           ^^^^^^^^^^^^^^^^^^^^^^^^^^^^^^^^^^^^^^^^^^^^^^^^^^^^^
<string>:2: in _connection_for_bind
    ???
.venv\Lib\site-packages\sqlalchemy\orm\state_changes.py:137: in _go
    ret_value = fn(self, *arg, **kw)
                ^^^^^^^^^^^^^^^^^^^^
.venv\Lib\site-packages\sqlalchemy\orm\session.py:1187: in _connection_for_bind
    conn = bind.connect()
           ^^^^^^^^^^^^^^
.venv\Lib\site-packages\sqlalchemy\engine\base.py:3293: in connect
    return self._connection_cls(self)
           ^^^^^^^^^^^^^^^^^^^^^^^^^^
.venv\Lib\site-packages\sqlalchemy\engine\base.py:143: in __init__
    self._dbapi_connection = engine.raw_connection()
                             ^^^^^^^^^^^^^^^^^^^^^^^
.venv\Lib\site-packages\sqlalchemy\engine\base.py:3317: in raw_connection
    return self.pool.connect()
           ^^^^^^^^^^^^^^^^^^^
.venv\Lib\site-packages\sqlalchemy\pool\base.py:448: in connect
    return _ConnectionFairy._checkout(self)
           ^^^^^^^^^^^^^^^^^^^^^^^^^^^^^^^^
.venv\Lib\site-packages\sqlalchemy\pool\base.py:1371: in _checkout
    with util.safe_reraise():
         ^^^^^^^^^^^^^^^^^^^
.venv\Lib\site-packages\sqlalchemy\util\langhelpers.py:121: in __exit__
    raise exc_value.with_traceback(exc_tb)
.venv\Lib\site-packages\sqlalchemy\pool\base.py:1309: in _checkout
    result = pool._dialect._do_ping_w_event(
.venv\Lib\site-packages\sqlalchemy\engine\default.py:729: in _do_ping_w_event
    return self.do_ping(dbapi_connection)
           ^^^^^^^^^^^^^^^^^^^^^^^^^^^^^^
.venv\Lib\site-packages\sqlalchemy\dialects\postgresql\asyncpg.py:1160: in do_ping
    dbapi_connection.ping()
.venv\Lib\site-packages\sqlalchemy\dialects\postgresql\asyncpg.py:818: in ping
    self._handle_exception(error)
.venv\Lib\site-packages\sqlalchemy\dialects\postgresql\asyncpg.py:799: in _handle_exception
    raise error
.venv\Lib\site-packages\sqlalchemy\dialects\postgresql\asyncpg.py:816: in ping
    _ = self.await_(self._async_ping())
        ^^^^^^^^^^^^^^^^^^^^^^^^^^^^^^^
.venv\Lib\site-packages\sqlalchemy\util\_concurrency_py3k.py:132: in await_only
    return current.parent.switch(awaitable)  # type: ignore[no-any-return,attr-defined] # noqa: E501
           ^^^^^^^^^^^^^^^^^^^^^^^^^^^^^^^^
.venv\Lib\site-packages\sqlalchemy\util\_concurrency_py3k.py:196: in greenlet_spawn
    value = await result
            ^^^^^^^^^^^^
.venv\Lib\site-packages\sqlalchemy\dialects\postgresql\asyncpg.py:825: in _async_ping
    await tr.start()
.venv\Lib\site-packages\asyncpg\transaction.py:146: in start
    await self._connection.execute(query)
.venv\Lib\site-packages\asyncpg\connection.py:354: in execute
    result = await self._protocol.query(query, timeout)
             ^^^^^^^^^^^^^^^^^^^^^^^^^^^^^^^^^^^^^^^^^^
asyncpg/protocol/protocol.pyx:369: in query
    ???
asyncpg/protocol/protocol.pyx:362: in asyncpg.protocol.protocol.BaseProtocol.query
    ???
asyncpg/protocol/coreproto.pyx:1174: in asyncpg.protocol.protocol.CoreProtocol._simple_query
    ???
asyncpg/protocol/protocol.pyx:956: in asyncpg.protocol.protocol.BaseProtocol._write
    ???
..\..\..\..\..\AppData\Local\Python\pythoncore-3.14-64\Lib\asyncio\sslproto.py:222: in write
    self._ssl_protocol._write_appdata((data,))
..\..\..\..\..\AppData\Local\Python\pythoncore-3.14-64\Lib\asyncio\sslproto.py:700: in _write_appdata
    self._fatal_error(ex, 'Fatal error on SSL protocol')
..\..\..\..\..\AppData\Local\Python\pythoncore-3.14-64\Lib\asyncio\sslproto.py:918: in _fatal_error
    self._transport._force_close(exc)
..\..\..\..\..\AppData\Local\Python\pythoncore-3.14-64\Lib\asyncio\proactor_events.py:152: in _force_close
    self._loop.call_soon(self._call_connection_lost, exc)
..\..\..\..\..\AppData\Local\Python\pythoncore-3.14-64\Lib\asyncio\base_events.py:827: in call_soon
    self._check_closed()
..\..\..\..\..\AppData\Local\Python\pythoncore-3.14-64\Lib\asyncio\base_events.py:550: in _check_closed
    raise RuntimeError('Event loop is closed')
E   RuntimeError: Event loop is closed
------------------------------ Captured log call ------------------------------
ERROR    sqlalchemy.pool.impl.AsyncAdaptedQueuePool:base.py:377 Exception terminating connection <AdaptedConnection <asyncpg.connection.Connection object at 0x0000020EE15689B0>>
Traceback (most recent call last):
  File "C:\Users\nmendoza\Documents\Visual_Works\Planificacion-Voluntarios\plani-app-back\plani-app-back\.venv\Lib\site-packages\sqlalchemy\pool\base.py", line 373, in _close_connection
    self._dialect.do_terminate(connection)
    ~~~~~~~~~~~~~~~~~~~~~~~~~~^^^^^^^^^^^^
  File "C:\Users\nmendoza\Documents\Visual_Works\Planificacion-Voluntarios\plani-app-back\plani-app-back\.venv\Lib\site-packages\sqlalchemy\dialects\postgresql\asyncpg.py", line 1127, in do_terminate
    dbapi_connection.terminate()
    ~~~~~~~~~~~~~~~~~~~~~~~~~~^^
  File "C:\Users\nmendoza\Documents\Visual_Works\Planificacion-Voluntarios\plani-app-back\plani-app-back\.venv\Lib\site-packages\sqlalchemy\connectors\asyncio.py", line 402, in terminate
    self.await_(asyncio.shield(self._terminate_graceful_close()))  # type: ignore[attr-defined] # noqa: E501
    ~~~~~~~~~~~^^^^^^^^^^^^^^^^^^^^^^^^^^^^^^^^^^^^^^^^^^^^^^^^^^
  File "C:\Users\nmendoza\Documents\Visual_Works\Planificacion-Voluntarios\plani-app-back\plani-app-back\.venv\Lib\site-packages\sqlalchemy\util\_concurrency_py3k.py", line 132, in await_only
    return current.parent.switch(awaitable)  # type: ignore[no-any-return,attr-defined] # noqa: E501
           ~~~~~~~~~~~~~~~~~~~~~^^^^^^^^^^^
  File "C:\Users\nmendoza\Documents\Visual_Works\Planificacion-Voluntarios\plani-app-back\plani-app-back\.venv\Lib\site-packages\sqlalchemy\util\_concurrency_py3k.py", line 196, in greenlet_spawn
    value = await result
            ^^^^^^^^^^^^
  File "C:\Users\nmendoza\Documents\Visual_Works\Planificacion-Voluntarios\plani-app-back\plani-app-back\.venv\Lib\site-packages\sqlalchemy\dialects\postgresql\asyncpg.py", line 912, in _terminate_graceful_close
    await self._connection.close(timeout=2)
  File "C:\Users\nmendoza\Documents\Visual_Works\Planificacion-Voluntarios\plani-app-back\plani-app-back\.venv\Lib\site-packages\asyncpg\connection.py", line 1513, in close
    await self._protocol.close(timeout)
  File "asyncpg/protocol/protocol.pyx", line 617, in close
  File "asyncpg/protocol/protocol.pyx", line 650, in asyncpg.protocol.protocol.BaseProtocol._request_cancel
  File "C:\Users\nmendoza\Documents\Visual_Works\Planificacion-Voluntarios\plani-app-back\plani-app-back\.venv\Lib\site-packages\asyncpg\connection.py", line 1682, in _cancel_current_command
    self._cancellations.add(self._loop.create_task(self._cancel(waiter)))
                            ~~~~~~~~~~~~~~~~~~~~~~^^^^^^^^^^^^^^^^^^^^^^
  File "C:\Users\nmendoza\AppData\Local\Python\pythoncore-3.14-64\Lib\asyncio\base_events.py", line 466, in create_task
    self._check_closed()
    ~~~~~~~~~~~~~~~~~~^^
  File "C:\Users\nmendoza\AppData\Local\Python\pythoncore-3.14-64\Lib\asyncio\base_events.py", line 550, in _check_closed
    raise RuntimeError('Event loop is closed')
RuntimeError: Event loop is closed
_______________ test_legacy_update_slot_compartido_ambas_filas ________________
..\..\..\..\..\AppData\Local\Python\pythoncore-3.14-64\Lib\asyncio\base_events.py:827: in call_soon
    self._check_closed()
..\..\..\..\..\AppData\Local\Python\pythoncore-3.14-64\Lib\asyncio\base_events.py:550: in _check_closed
    raise RuntimeError('Event loop is closed')
E   RuntimeError: Event loop is closed

During handling of the above exception, another exception occurred:
tests\test_legacy_update_extras.py:351: in test_legacy_update_slot_compartido_ambas_filas
    taller = await _pick_one_taller(db_session)
             ^^^^^^^^^^^^^^^^^^^^^^^^^^^^^^^^^^
tests\test_legacy_update_extras.py:98: in _pick_one_taller
    res = await db.execute(
.venv\Lib\site-packages\sqlalchemy\ext\asyncio\session.py:449: in execute
    result = await greenlet_spawn(
.venv\Lib\site-packages\sqlalchemy\util\_concurrency_py3k.py:201: in greenlet_spawn
    result = context.throw(*sys.exc_info())
             ^^^^^^^^^^^^^^^^^^^^^^^^^^^^^^
.venv\Lib\site-packages\sqlalchemy\orm\session.py:2351: in execute
    return self._execute_internal(
.venv\Lib\site-packages\sqlalchemy\orm\session.py:2239: in _execute_internal
    conn = self._connection_for_bind(bind)
           ^^^^^^^^^^^^^^^^^^^^^^^^^^^^^^^
.venv\Lib\site-packages\sqlalchemy\orm\session.py:2108: in _connection_for_bind
    return trans._connection_for_bind(engine, execution_options)
           ^^^^^^^^^^^^^^^^^^^^^^^^^^^^^^^^^^^^^^^^^^^^^^^^^^^^^
<string>:2: in _connection_for_bind
    ???
.venv\Lib\site-packages\sqlalchemy\orm\state_changes.py:137: in _go
    ret_value = fn(self, *arg, **kw)
                ^^^^^^^^^^^^^^^^^^^^
.venv\Lib\site-packages\sqlalchemy\orm\session.py:1187: in _connection_for_bind
    conn = bind.connect()
           ^^^^^^^^^^^^^^
.venv\Lib\site-packages\sqlalchemy\engine\base.py:3293: in connect
    return self._connection_cls(self)
           ^^^^^^^^^^^^^^^^^^^^^^^^^^
.venv\Lib\site-packages\sqlalchemy\engine\base.py:143: in __init__
    self._dbapi_connection = engine.raw_connection()
                             ^^^^^^^^^^^^^^^^^^^^^^^
.venv\Lib\site-packages\sqlalchemy\engine\base.py:3317: in raw_connection
    return self.pool.connect()
           ^^^^^^^^^^^^^^^^^^^
.venv\Lib\site-packages\sqlalchemy\pool\base.py:448: in connect
    return _ConnectionFairy._checkout(self)
           ^^^^^^^^^^^^^^^^^^^^^^^^^^^^^^^^
.venv\Lib\site-packages\sqlalchemy\pool\base.py:1371: in _checkout
    with util.safe_reraise():
         ^^^^^^^^^^^^^^^^^^^
.venv\Lib\site-packages\sqlalchemy\util\langhelpers.py:121: in __exit__
    raise exc_value.with_traceback(exc_tb)
.venv\Lib\site-packages\sqlalchemy\pool\base.py:1309: in _checkout
    result = pool._dialect._do_ping_w_event(
.venv\Lib\site-packages\sqlalchemy\engine\default.py:729: in _do_ping_w_event
    return self.do_ping(dbapi_connection)
           ^^^^^^^^^^^^^^^^^^^^^^^^^^^^^^
.venv\Lib\site-packages\sqlalchemy\dialects\postgresql\asyncpg.py:1160: in do_ping
    dbapi_connection.ping()
.venv\Lib\site-packages\sqlalchemy\dialects\postgresql\asyncpg.py:818: in ping
    self._handle_exception(error)
.venv\Lib\site-packages\sqlalchemy\dialects\postgresql\asyncpg.py:799: in _handle_exception
    raise error
.venv\Lib\site-packages\sqlalchemy\dialects\postgresql\asyncpg.py:816: in ping
    _ = self.await_(self._async_ping())
        ^^^^^^^^^^^^^^^^^^^^^^^^^^^^^^^
.venv\Lib\site-packages\sqlalchemy\util\_concurrency_py3k.py:132: in await_only
    return current.parent.switch(awaitable)  # type: ignore[no-any-return,attr-defined] # noqa: E501
           ^^^^^^^^^^^^^^^^^^^^^^^^^^^^^^^^
.venv\Lib\site-packages\sqlalchemy\util\_concurrency_py3k.py:196: in greenlet_spawn
    value = await result
            ^^^^^^^^^^^^
.venv\Lib\site-packages\sqlalchemy\dialects\postgresql\asyncpg.py:825: in _async_ping
    await tr.start()
.venv\Lib\site-packages\asyncpg\transaction.py:146: in start
    await self._connection.execute(query)
.venv\Lib\site-packages\asyncpg\connection.py:354: in execute
    result = await self._protocol.query(query, timeout)
             ^^^^^^^^^^^^^^^^^^^^^^^^^^^^^^^^^^^^^^^^^^
asyncpg/protocol/protocol.pyx:369: in query
    ???
asyncpg/protocol/protocol.pyx:362: in asyncpg.protocol.protocol.BaseProtocol.query
    ???
asyncpg/protocol/coreproto.pyx:1174: in asyncpg.protocol.protocol.CoreProtocol._simple_query
    ???
asyncpg/protocol/protocol.pyx:956: in asyncpg.protocol.protocol.BaseProtocol._write
    ???
..\..\..\..\..\AppData\Local\Python\pythoncore-3.14-64\Lib\asyncio\sslproto.py:222: in write
    self._ssl_protocol._write_appdata((data,))
..\..\..\..\..\AppData\Local\Python\pythoncore-3.14-64\Lib\asyncio\sslproto.py:700: in _write_appdata
    self._fatal_error(ex, 'Fatal error on SSL protocol')
..\..\..\..\..\AppData\Local\Python\pythoncore-3.14-64\Lib\asyncio\sslproto.py:918: in _fatal_error
    self._transport._force_close(exc)
..\..\..\..\..\AppData\Local\Python\pythoncore-3.14-64\Lib\asyncio\proactor_events.py:152: in _force_close
    self._loop.call_soon(self._call_connection_lost, exc)
..\..\..\..\..\AppData\Local\Python\pythoncore-3.14-64\Lib\asyncio\base_events.py:827: in call_soon
    self._check_closed()
..\..\..\..\..\AppData\Local\Python\pythoncore-3.14-64\Lib\asyncio\base_events.py:550: in _check_closed
    raise RuntimeError('Event loop is closed')
E   RuntimeError: Event loop is closed
------------------------------ Captured log call ------------------------------
ERROR    sqlalchemy.pool.impl.AsyncAdaptedQueuePool:base.py:377 Exception terminating connection <AdaptedConnection <asyncpg.connection.Connection object at 0x0000020EE15A65D0>>
Traceback (most recent call last):
  File "C:\Users\nmendoza\Documents\Visual_Works\Planificacion-Voluntarios\plani-app-back\plani-app-back\.venv\Lib\site-packages\sqlalchemy\pool\base.py", line 373, in _close_connection
    self._dialect.do_terminate(connection)
    ~~~~~~~~~~~~~~~~~~~~~~~~~~^^^^^^^^^^^^
  File "C:\Users\nmendoza\Documents\Visual_Works\Planificacion-Voluntarios\plani-app-back\plani-app-back\.venv\Lib\site-packages\sqlalchemy\dialects\postgresql\asyncpg.py", line 1127, in do_terminate
    dbapi_connection.terminate()
    ~~~~~~~~~~~~~~~~~~~~~~~~~~^^
  File "C:\Users\nmendoza\Documents\Visual_Works\Planificacion-Voluntarios\plani-app-back\plani-app-back\.venv\Lib\site-packages\sqlalchemy\connectors\asyncio.py", line 402, in terminate
    self.await_(asyncio.shield(self._terminate_graceful_close()))  # type: ignore[attr-defined] # noqa: E501
    ~~~~~~~~~~~^^^^^^^^^^^^^^^^^^^^^^^^^^^^^^^^^^^^^^^^^^^^^^^^^^
  File "C:\Users\nmendoza\Documents\Visual_Works\Planificacion-Voluntarios\plani-app-back\plani-app-back\.venv\Lib\site-packages\sqlalchemy\util\_concurrency_py3k.py", line 132, in await_only
    return current.parent.switch(awaitable)  # type: ignore[no-any-return,attr-defined] # noqa: E501
           ~~~~~~~~~~~~~~~~~~~~~^^^^^^^^^^^
  File "C:\Users\nmendoza\Documents\Visual_Works\Planificacion-Voluntarios\plani-app-back\plani-app-back\.venv\Lib\site-packages\sqlalchemy\util\_concurrency_py3k.py", line 196, in greenlet_spawn
    value = await result
            ^^^^^^^^^^^^
  File "C:\Users\nmendoza\Documents\Visual_Works\Planificacion-Voluntarios\plani-app-back\plani-app-back\.venv\Lib\site-packages\sqlalchemy\dialects\postgresql\asyncpg.py", line 912, in _terminate_graceful_close
    await self._connection.close(timeout=2)
  File "C:\Users\nmendoza\Documents\Visual_Works\Planificacion-Voluntarios\plani-app-back\plani-app-back\.venv\Lib\site-packages\asyncpg\connection.py", line 1513, in close
    await self._protocol.close(timeout)
  File "asyncpg/protocol/protocol.pyx", line 617, in close
  File "asyncpg/protocol/protocol.pyx", line 650, in asyncpg.protocol.protocol.BaseProtocol._request_cancel
  File "C:\Users\nmendoza\Documents\Visual_Works\Planificacion-Voluntarios\plani-app-back\plani-app-back\.venv\Lib\site-packages\asyncpg\connection.py", line 1682, in _cancel_current_command
    self._cancellations.add(self._loop.create_task(self._cancel(waiter)))
                            ~~~~~~~~~~~~~~~~~~~~~~^^^^^^^^^^^^^^^^^^^^^^
  File "C:\Users\nmendoza\AppData\Local\Python\pythoncore-3.14-64\Lib\asyncio\base_events.py", line 466, in create_task
    self._check_closed()
    ~~~~~~~~~~~~~~~~~~^^
  File "C:\Users\nmendoza\AppData\Local\Python\pythoncore-3.14-64\Lib\asyncio\base_events.py", line 550, in _check_closed
    raise RuntimeError('Event loop is closed')
RuntimeError: Event loop is closed
___________ test_legacy_update_match_por_original_tras_reasignacion ___________
..\..\..\..\..\AppData\Local\Python\pythoncore-3.14-64\Lib\asyncio\base_events.py:827: in call_soon
    self._check_closed()
..\..\..\..\..\AppData\Local\Python\pythoncore-3.14-64\Lib\asyncio\base_events.py:550: in _check_closed
    raise RuntimeError('Event loop is closed')
E   RuntimeError: Event loop is closed

During handling of the above exception, another exception occurred:
tests\test_legacy_update_extras.py:414: in test_legacy_update_match_por_original_tras_reasignacion
    taller = await _pick_one_taller(db_session)
             ^^^^^^^^^^^^^^^^^^^^^^^^^^^^^^^^^^
tests\test_legacy_update_extras.py:98: in _pick_one_taller
    res = await db.execute(
.venv\Lib\site-packages\sqlalchemy\ext\asyncio\session.py:449: in execute
    result = await greenlet_spawn(
.venv\Lib\site-packages\sqlalchemy\util\_concurrency_py3k.py:201: in greenlet_spawn
    result = context.throw(*sys.exc_info())
             ^^^^^^^^^^^^^^^^^^^^^^^^^^^^^^
.venv\Lib\site-packages\sqlalchemy\orm\session.py:2351: in execute
    return self._execute_internal(
.venv\Lib\site-packages\sqlalchemy\orm\session.py:2239: in _execute_internal
    conn = self._connection_for_bind(bind)
           ^^^^^^^^^^^^^^^^^^^^^^^^^^^^^^^
.venv\Lib\site-packages\sqlalchemy\orm\session.py:2108: in _connection_for_bind
    return trans._connection_for_bind(engine, execution_options)
           ^^^^^^^^^^^^^^^^^^^^^^^^^^^^^^^^^^^^^^^^^^^^^^^^^^^^^
<string>:2: in _connection_for_bind
    ???
.venv\Lib\site-packages\sqlalchemy\orm\state_changes.py:137: in _go
    ret_value = fn(self, *arg, **kw)
                ^^^^^^^^^^^^^^^^^^^^
.venv\Lib\site-packages\sqlalchemy\orm\session.py:1187: in _connection_for_bind
    conn = bind.connect()
           ^^^^^^^^^^^^^^
.venv\Lib\site-packages\sqlalchemy\engine\base.py:3293: in connect
    return self._connection_cls(self)
           ^^^^^^^^^^^^^^^^^^^^^^^^^^
.venv\Lib\site-packages\sqlalchemy\engine\base.py:143: in __init__
    self._dbapi_connection = engine.raw_connection()
                             ^^^^^^^^^^^^^^^^^^^^^^^
.venv\Lib\site-packages\sqlalchemy\engine\base.py:3317: in raw_connection
    return self.pool.connect()
           ^^^^^^^^^^^^^^^^^^^
.venv\Lib\site-packages\sqlalchemy\pool\base.py:448: in connect
    return _ConnectionFairy._checkout(self)
           ^^^^^^^^^^^^^^^^^^^^^^^^^^^^^^^^
.venv\Lib\site-packages\sqlalchemy\pool\base.py:1371: in _checkout
    with util.safe_reraise():
         ^^^^^^^^^^^^^^^^^^^
.venv\Lib\site-packages\sqlalchemy\util\langhelpers.py:121: in __exit__
    raise exc_value.with_traceback(exc_tb)
.venv\Lib\site-packages\sqlalchemy\pool\base.py:1309: in _checkout
    result = pool._dialect._do_ping_w_event(
.venv\Lib\site-packages\sqlalchemy\engine\default.py:729: in _do_ping_w_event
    return self.do_ping(dbapi_connection)
           ^^^^^^^^^^^^^^^^^^^^^^^^^^^^^^
.venv\Lib\site-packages\sqlalchemy\dialects\postgresql\asyncpg.py:1160: in do_ping
    dbapi_connection.ping()
.venv\Lib\site-packages\sqlalchemy\dialects\postgresql\asyncpg.py:818: in ping
    self._handle_exception(error)
.venv\Lib\site-packages\sqlalchemy\dialects\postgresql\asyncpg.py:799: in _handle_exception
    raise error
.venv\Lib\site-packages\sqlalchemy\dialects\postgresql\asyncpg.py:816: in ping
    _ = self.await_(self._async_ping())
        ^^^^^^^^^^^^^^^^^^^^^^^^^^^^^^^
.venv\Lib\site-packages\sqlalchemy\util\_concurrency_py3k.py:132: in await_only
    return current.parent.switch(awaitable)  # type: ignore[no-any-return,attr-defined] # noqa: E501
           ^^^^^^^^^^^^^^^^^^^^^^^^^^^^^^^^
.venv\Lib\site-packages\sqlalchemy\util\_concurrency_py3k.py:196: in greenlet_spawn
    value = await result
            ^^^^^^^^^^^^
.venv\Lib\site-packages\sqlalchemy\dialects\postgresql\asyncpg.py:825: in _async_ping
    await tr.start()
.venv\Lib\site-packages\asyncpg\transaction.py:146: in start
    await self._connection.execute(query)
.venv\Lib\site-packages\asyncpg\connection.py:354: in execute
    result = await self._protocol.query(query, timeout)
             ^^^^^^^^^^^^^^^^^^^^^^^^^^^^^^^^^^^^^^^^^^
asyncpg/protocol/protocol.pyx:369: in query
    ???
asyncpg/protocol/protocol.pyx:362: in asyncpg.protocol.protocol.BaseProtocol.query
    ???
asyncpg/protocol/coreproto.pyx:1174: in asyncpg.protocol.protocol.CoreProtocol._simple_query
    ???
asyncpg/protocol/protocol.pyx:956: in asyncpg.protocol.protocol.BaseProtocol._write
    ???
..\..\..\..\..\AppData\Local\Python\pythoncore-3.14-64\Lib\asyncio\sslproto.py:222: in write
    self._ssl_protocol._write_appdata((data,))
..\..\..\..\..\AppData\Local\Python\pythoncore-3.14-64\Lib\asyncio\sslproto.py:700: in _write_appdata
    self._fatal_error(ex, 'Fatal error on SSL protocol')
..\..\..\..\..\AppData\Local\Python\pythoncore-3.14-64\Lib\asyncio\sslproto.py:918: in _fatal_error
    self._transport._force_close(exc)
..\..\..\..\..\AppData\Local\Python\pythoncore-3.14-64\Lib\asyncio\proactor_events.py:152: in _force_close
    self._loop.call_soon(self._call_connection_lost, exc)
..\..\..\..\..\AppData\Local\Python\pythoncore-3.14-64\Lib\asyncio\base_events.py:827: in call_soon
    self._check_closed()
..\..\..\..\..\AppData\Local\Python\pythoncore-3.14-64\Lib\asyncio\base_events.py:550: in _check_closed
    raise RuntimeError('Event loop is closed')
E   RuntimeError: Event loop is closed
------------------------------ Captured log call ------------------------------
ERROR    sqlalchemy.pool.impl.AsyncAdaptedQueuePool:base.py:377 Exception terminating connection <AdaptedConnection <asyncpg.connection.Connection object at 0x0000020EE15332F0>>
Traceback (most recent call last):
  File "C:\Users\nmendoza\Documents\Visual_Works\Planificacion-Voluntarios\plani-app-back\plani-app-back\.venv\Lib\site-packages\sqlalchemy\pool\base.py", line 373, in _close_connection
    self._dialect.do_terminate(connection)
    ~~~~~~~~~~~~~~~~~~~~~~~~~~^^^^^^^^^^^^
  File "C:\Users\nmendoza\Documents\Visual_Works\Planificacion-Voluntarios\plani-app-back\plani-app-back\.venv\Lib\site-packages\sqlalchemy\dialects\postgresql\asyncpg.py", line 1127, in do_terminate
    dbapi_connection.terminate()
    ~~~~~~~~~~~~~~~~~~~~~~~~~~^^
  File "C:\Users\nmendoza\Documents\Visual_Works\Planificacion-Voluntarios\plani-app-back\plani-app-back\.venv\Lib\site-packages\sqlalchemy\connectors\asyncio.py", line 402, in terminate
    self.await_(asyncio.shield(self._terminate_graceful_close()))  # type: ignore[attr-defined] # noqa: E501
    ~~~~~~~~~~~^^^^^^^^^^^^^^^^^^^^^^^^^^^^^^^^^^^^^^^^^^^^^^^^^^
  File "C:\Users\nmendoza\Documents\Visual_Works\Planificacion-Voluntarios\plani-app-back\plani-app-back\.venv\Lib\site-packages\sqlalchemy\util\_concurrency_py3k.py", line 132, in await_only
    return current.parent.switch(awaitable)  # type: ignore[no-any-return,attr-defined] # noqa: E501
           ~~~~~~~~~~~~~~~~~~~~~^^^^^^^^^^^
  File "C:\Users\nmendoza\Documents\Visual_Works\Planificacion-Voluntarios\plani-app-back\plani-app-back\.venv\Lib\site-packages\sqlalchemy\util\_concurrency_py3k.py", line 196, in greenlet_spawn
    value = await result
            ^^^^^^^^^^^^
  File "C:\Users\nmendoza\Documents\Visual_Works\Planificacion-Voluntarios\plani-app-back\plani-app-back\.venv\Lib\site-packages\sqlalchemy\dialects\postgresql\asyncpg.py", line 912, in _terminate_graceful_close
    await self._connection.close(timeout=2)
  File "C:\Users\nmendoza\Documents\Visual_Works\Planificacion-Voluntarios\plani-app-back\plani-app-back\.venv\Lib\site-packages\asyncpg\connection.py", line 1513, in close
    await self._protocol.close(timeout)
  File "asyncpg/protocol/protocol.pyx", line 617, in close
  File "asyncpg/protocol/protocol.pyx", line 650, in asyncpg.protocol.protocol.BaseProtocol._request_cancel
  File "C:\Users\nmendoza\Documents\Visual_Works\Planificacion-Voluntarios\plani-app-back\plani-app-back\.venv\Lib\site-packages\asyncpg\connection.py", line 1682, in _cancel_current_command
    self._cancellations.add(self._loop.create_task(self._cancel(waiter)))
                            ~~~~~~~~~~~~~~~~~~~~~~^^^^^^^^^^^^^^^^^^^^^^
  File "C:\Users\nmendoza\AppData\Local\Python\pythoncore-3.14-64\Lib\asyncio\base_events.py", line 466, in create_task
    self._check_closed()
    ~~~~~~~~~~~~~~~~~~^^
  File "C:\Users\nmendoza\AppData\Local\Python\pythoncore-3.14-64\Lib\asyncio\base_events.py", line 550, in _check_closed
    raise RuntimeError('Event loop is closed')
RuntimeError: Event loop is closed
______________ test_legacy_update_fallback_a_actual_col_g_vacia _______________
..\..\..\..\..\AppData\Local\Python\pythoncore-3.14-64\Lib\asyncio\base_events.py:827: in call_soon
    self._check_closed()
..\..\..\..\..\AppData\Local\Python\pythoncore-3.14-64\Lib\asyncio\base_events.py:550: in _check_closed
    raise RuntimeError('Event loop is closed')
E   RuntimeError: Event loop is closed

During handling of the above exception, another exception occurred:
tests\test_legacy_update_extras.py:464: in test_legacy_update_fallback_a_actual_col_g_vacia
    taller = await _pick_one_taller(db_session)
             ^^^^^^^^^^^^^^^^^^^^^^^^^^^^^^^^^^
tests\test_legacy_update_extras.py:98: in _pick_one_taller
    res = await db.execute(
.venv\Lib\site-packages\sqlalchemy\ext\asyncio\session.py:449: in execute
    result = await greenlet_spawn(
.venv\Lib\site-packages\sqlalchemy\util\_concurrency_py3k.py:201: in greenlet_spawn
    result = context.throw(*sys.exc_info())
             ^^^^^^^^^^^^^^^^^^^^^^^^^^^^^^
.venv\Lib\site-packages\sqlalchemy\orm\session.py:2351: in execute
    return self._execute_internal(
.venv\Lib\site-packages\sqlalchemy\orm\session.py:2239: in _execute_internal
    conn = self._connection_for_bind(bind)
           ^^^^^^^^^^^^^^^^^^^^^^^^^^^^^^^
.venv\Lib\site-packages\sqlalchemy\orm\session.py:2108: in _connection_for_bind
    return trans._connection_for_bind(engine, execution_options)
           ^^^^^^^^^^^^^^^^^^^^^^^^^^^^^^^^^^^^^^^^^^^^^^^^^^^^^
<string>:2: in _connection_for_bind
    ???
.venv\Lib\site-packages\sqlalchemy\orm\state_changes.py:137: in _go
    ret_value = fn(self, *arg, **kw)
                ^^^^^^^^^^^^^^^^^^^^
.venv\Lib\site-packages\sqlalchemy\orm\session.py:1187: in _connection_for_bind
    conn = bind.connect()
           ^^^^^^^^^^^^^^
.venv\Lib\site-packages\sqlalchemy\engine\base.py:3293: in connect
    return self._connection_cls(self)
           ^^^^^^^^^^^^^^^^^^^^^^^^^^
.venv\Lib\site-packages\sqlalchemy\engine\base.py:143: in __init__
    self._dbapi_connection = engine.raw_connection()
                             ^^^^^^^^^^^^^^^^^^^^^^^
.venv\Lib\site-packages\sqlalchemy\engine\base.py:3317: in raw_connection
    return self.pool.connect()
           ^^^^^^^^^^^^^^^^^^^
.venv\Lib\site-packages\sqlalchemy\pool\base.py:448: in connect
    return _ConnectionFairy._checkout(self)
           ^^^^^^^^^^^^^^^^^^^^^^^^^^^^^^^^
.venv\Lib\site-packages\sqlalchemy\pool\base.py:1371: in _checkout
    with util.safe_reraise():
         ^^^^^^^^^^^^^^^^^^^
.venv\Lib\site-packages\sqlalchemy\util\langhelpers.py:121: in __exit__
    raise exc_value.with_traceback(exc_tb)
.venv\Lib\site-packages\sqlalchemy\pool\base.py:1309: in _checkout
    result = pool._dialect._do_ping_w_event(
.venv\Lib\site-packages\sqlalchemy\engine\default.py:729: in _do_ping_w_event
    return self.do_ping(dbapi_connection)
           ^^^^^^^^^^^^^^^^^^^^^^^^^^^^^^
.venv\Lib\site-packages\sqlalchemy\dialects\postgresql\asyncpg.py:1160: in do_ping
    dbapi_connection.ping()
.venv\Lib\site-packages\sqlalchemy\dialects\postgresql\asyncpg.py:818: in ping
    self._handle_exception(error)
.venv\Lib\site-packages\sqlalchemy\dialects\postgresql\asyncpg.py:799: in _handle_exception
    raise error
.venv\Lib\site-packages\sqlalchemy\dialects\postgresql\asyncpg.py:816: in ping
    _ = self.await_(self._async_ping())
        ^^^^^^^^^^^^^^^^^^^^^^^^^^^^^^^
.venv\Lib\site-packages\sqlalchemy\util\_concurrency_py3k.py:132: in await_only
    return current.parent.switch(awaitable)  # type: ignore[no-any-return,attr-defined] # noqa: E501
           ^^^^^^^^^^^^^^^^^^^^^^^^^^^^^^^^
.venv\Lib\site-packages\sqlalchemy\util\_concurrency_py3k.py:196: in greenlet_spawn
    value = await result
            ^^^^^^^^^^^^
.venv\Lib\site-packages\sqlalchemy\dialects\postgresql\asyncpg.py:825: in _async_ping
    await tr.start()
.venv\Lib\site-packages\asyncpg\transaction.py:146: in start
    await self._connection.execute(query)
.venv\Lib\site-packages\asyncpg\connection.py:354: in execute
    result = await self._protocol.query(query, timeout)
             ^^^^^^^^^^^^^^^^^^^^^^^^^^^^^^^^^^^^^^^^^^
asyncpg/protocol/protocol.pyx:369: in query
    ???
asyncpg/protocol/protocol.pyx:362: in asyncpg.protocol.protocol.BaseProtocol.query
    ???
asyncpg/protocol/coreproto.pyx:1174: in asyncpg.protocol.protocol.CoreProtocol._simple_query
    ???
asyncpg/protocol/protocol.pyx:956: in asyncpg.protocol.protocol.BaseProtocol._write
    ???
..\..\..\..\..\AppData\Local\Python\pythoncore-3.14-64\Lib\asyncio\sslproto.py:222: in write
    self._ssl_protocol._write_appdata((data,))
..\..\..\..\..\AppData\Local\Python\pythoncore-3.14-64\Lib\asyncio\sslproto.py:700: in _write_appdata
    self._fatal_error(ex, 'Fatal error on SSL protocol')
..\..\..\..\..\AppData\Local\Python\pythoncore-3.14-64\Lib\asyncio\sslproto.py:918: in _fatal_error
    self._transport._force_close(exc)
..\..\..\..\..\AppData\Local\Python\pythoncore-3.14-64\Lib\asyncio\proactor_events.py:152: in _force_close
    self._loop.call_soon(self._call_connection_lost, exc)
..\..\..\..\..\AppData\Local\Python\pythoncore-3.14-64\Lib\asyncio\base_events.py:827: in call_soon
    self._check_closed()
..\..\..\..\..\AppData\Local\Python\pythoncore-3.14-64\Lib\asyncio\base_events.py:550: in _check_closed
    raise RuntimeError('Event loop is closed')
E   RuntimeError: Event loop is closed
------------------------------ Captured log call ------------------------------
ERROR    sqlalchemy.pool.impl.AsyncAdaptedQueuePool:base.py:377 Exception terminating connection <AdaptedConnection <asyncpg.connection.Connection object at 0x0000020EE0CF0140>>
Traceback (most recent call last):
  File "C:\Users\nmendoza\Documents\Visual_Works\Planificacion-Voluntarios\plani-app-back\plani-app-back\.venv\Lib\site-packages\sqlalchemy\pool\base.py", line 373, in _close_connection
    self._dialect.do_terminate(connection)
    ~~~~~~~~~~~~~~~~~~~~~~~~~~^^^^^^^^^^^^
  File "C:\Users\nmendoza\Documents\Visual_Works\Planificacion-Voluntarios\plani-app-back\plani-app-back\.venv\Lib\site-packages\sqlalchemy\dialects\postgresql\asyncpg.py", line 1127, in do_terminate
    dbapi_connection.terminate()
    ~~~~~~~~~~~~~~~~~~~~~~~~~~^^
  File "C:\Users\nmendoza\Documents\Visual_Works\Planificacion-Voluntarios\plani-app-back\plani-app-back\.venv\Lib\site-packages\sqlalchemy\connectors\asyncio.py", line 402, in terminate
    self.await_(asyncio.shield(self._terminate_graceful_close()))  # type: ignore[attr-defined] # noqa: E501
    ~~~~~~~~~~~^^^^^^^^^^^^^^^^^^^^^^^^^^^^^^^^^^^^^^^^^^^^^^^^^^
  File "C:\Users\nmendoza\Documents\Visual_Works\Planificacion-Voluntarios\plani-app-back\plani-app-back\.venv\Lib\site-packages\sqlalchemy\util\_concurrency_py3k.py", line 132, in await_only
    return current.parent.switch(awaitable)  # type: ignore[no-any-return,attr-defined] # noqa: E501
           ~~~~~~~~~~~~~~~~~~~~~^^^^^^^^^^^
  File "C:\Users\nmendoza\Documents\Visual_Works\Planificacion-Voluntarios\plani-app-back\plani-app-back\.venv\Lib\site-packages\sqlalchemy\util\_concurrency_py3k.py", line 196, in greenlet_spawn
    value = await result
            ^^^^^^^^^^^^
  File "C:\Users\nmendoza\Documents\Visual_Works\Planificacion-Voluntarios\plani-app-back\plani-app-back\.venv\Lib\site-packages\sqlalchemy\dialects\postgresql\asyncpg.py", line 912, in _terminate_graceful_close
    await self._connection.close(timeout=2)
  File "C:\Users\nmendoza\Documents\Visual_Works\Planificacion-Voluntarios\plani-app-back\plani-app-back\.venv\Lib\site-packages\asyncpg\connection.py", line 1513, in close
    await self._protocol.close(timeout)
  File "asyncpg/protocol/protocol.pyx", line 617, in close
  File "asyncpg/protocol/protocol.pyx", line 650, in asyncpg.protocol.protocol.BaseProtocol._request_cancel
  File "C:\Users\nmendoza\Documents\Visual_Works\Planificacion-Voluntarios\plani-app-back\plani-app-back\.venv\Lib\site-packages\asyncpg\connection.py", line 1682, in _cancel_current_command
    self._cancellations.add(self._loop.create_task(self._cancel(waiter)))
                            ~~~~~~~~~~~~~~~~~~~~~~^^^^^^^^^^^^^^^^^^^^^^
  File "C:\Users\nmendoza\AppData\Local\Python\pythoncore-3.14-64\Lib\asyncio\base_events.py", line 466, in create_task
    self._check_closed()
    ~~~~~~~~~~~~~~~~~~^^
  File "C:\Users\nmendoza\AppData\Local\Python\pythoncore-3.14-64\Lib\asyncio\base_events.py", line 550, in _check_closed
    raise RuntimeError('Event loop is closed')
RuntimeError: Event loop is closed
____________________ test_legacy_update_empresa_no_matchea ____________________
..\..\..\..\..\AppData\Local\Python\pythoncore-3.14-64\Lib\asyncio\base_events.py:827: in call_soon
    self._check_closed()
..\..\..\..\..\AppData\Local\Python\pythoncore-3.14-64\Lib\asyncio\base_events.py:550: in _check_closed
    raise RuntimeError('Event loop is closed')
E   RuntimeError: Event loop is closed

During handling of the above exception, another exception occurred:
tests\test_legacy_update_extras.py:516: in test_legacy_update_empresa_no_matchea
    taller = await _pick_one_taller(db_session)
             ^^^^^^^^^^^^^^^^^^^^^^^^^^^^^^^^^^
tests\test_legacy_update_extras.py:98: in _pick_one_taller
    res = await db.execute(
.venv\Lib\site-packages\sqlalchemy\ext\asyncio\session.py:449: in execute
    result = await greenlet_spawn(
.venv\Lib\site-packages\sqlalchemy\util\_concurrency_py3k.py:201: in greenlet_spawn
    result = context.throw(*sys.exc_info())
             ^^^^^^^^^^^^^^^^^^^^^^^^^^^^^^
.venv\Lib\site-packages\sqlalchemy\orm\session.py:2351: in execute
    return self._execute_internal(
.venv\Lib\site-packages\sqlalchemy\orm\session.py:2239: in _execute_internal
    conn = self._connection_for_bind(bind)
           ^^^^^^^^^^^^^^^^^^^^^^^^^^^^^^^
.venv\Lib\site-packages\sqlalchemy\orm\session.py:2108: in _connection_for_bind
    return trans._connection_for_bind(engine, execution_options)
           ^^^^^^^^^^^^^^^^^^^^^^^^^^^^^^^^^^^^^^^^^^^^^^^^^^^^^
<string>:2: in _connection_for_bind
    ???
.venv\Lib\site-packages\sqlalchemy\orm\state_changes.py:137: in _go
    ret_value = fn(self, *arg, **kw)
                ^^^^^^^^^^^^^^^^^^^^
.venv\Lib\site-packages\sqlalchemy\orm\session.py:1187: in _connection_for_bind
    conn = bind.connect()
           ^^^^^^^^^^^^^^
.venv\Lib\site-packages\sqlalchemy\engine\base.py:3293: in connect
    return self._connection_cls(self)
           ^^^^^^^^^^^^^^^^^^^^^^^^^^
.venv\Lib\site-packages\sqlalchemy\engine\base.py:143: in __init__
    self._dbapi_connection = engine.raw_connection()
                             ^^^^^^^^^^^^^^^^^^^^^^^
.venv\Lib\site-packages\sqlalchemy\engine\base.py:3317: in raw_connection
    return self.pool.connect()
           ^^^^^^^^^^^^^^^^^^^
.venv\Lib\site-packages\sqlalchemy\pool\base.py:448: in connect
    return _ConnectionFairy._checkout(self)
           ^^^^^^^^^^^^^^^^^^^^^^^^^^^^^^^^
.venv\Lib\site-packages\sqlalchemy\pool\base.py:1371: in _checkout
    with util.safe_reraise():
         ^^^^^^^^^^^^^^^^^^^
.venv\Lib\site-packages\sqlalchemy\util\langhelpers.py:121: in __exit__
    raise exc_value.with_traceback(exc_tb)
.venv\Lib\site-packages\sqlalchemy\pool\base.py:1309: in _checkout
    result = pool._dialect._do_ping_w_event(
.venv\Lib\site-packages\sqlalchemy\engine\default.py:729: in _do_ping_w_event
    return self.do_ping(dbapi_connection)
           ^^^^^^^^^^^^^^^^^^^^^^^^^^^^^^
.venv\Lib\site-packages\sqlalchemy\dialects\postgresql\asyncpg.py:1160: in do_ping
    dbapi_connection.ping()
.venv\Lib\site-packages\sqlalchemy\dialects\postgresql\asyncpg.py:818: in ping
    self._handle_exception(error)
.venv\Lib\site-packages\sqlalchemy\dialects\postgresql\asyncpg.py:799: in _handle_exception
    raise error
.venv\Lib\site-packages\sqlalchemy\dialects\postgresql\asyncpg.py:816: in ping
    _ = self.await_(self._async_ping())
        ^^^^^^^^^^^^^^^^^^^^^^^^^^^^^^^
.venv\Lib\site-packages\sqlalchemy\util\_concurrency_py3k.py:132: in await_only
    return current.parent.switch(awaitable)  # type: ignore[no-any-return,attr-defined] # noqa: E501
           ^^^^^^^^^^^^^^^^^^^^^^^^^^^^^^^^
.venv\Lib\site-packages\sqlalchemy\util\_concurrency_py3k.py:196: in greenlet_spawn
    value = await result
            ^^^^^^^^^^^^
.venv\Lib\site-packages\sqlalchemy\dialects\postgresql\asyncpg.py:825: in _async_ping
    await tr.start()
.venv\Lib\site-packages\asyncpg\transaction.py:146: in start
    await self._connection.execute(query)
.venv\Lib\site-packages\asyncpg\connection.py:354: in execute
    result = await self._protocol.query(query, timeout)
             ^^^^^^^^^^^^^^^^^^^^^^^^^^^^^^^^^^^^^^^^^^
asyncpg/protocol/protocol.pyx:369: in query
    ???
asyncpg/protocol/protocol.pyx:362: in asyncpg.protocol.protocol.BaseProtocol.query
    ???
asyncpg/protocol/coreproto.pyx:1174: in asyncpg.protocol.protocol.CoreProtocol._simple_query
    ???
asyncpg/protocol/protocol.pyx:956: in asyncpg.protocol.protocol.BaseProtocol._write
    ???
..\..\..\..\..\AppData\Local\Python\pythoncore-3.14-64\Lib\asyncio\sslproto.py:222: in write
    self._ssl_protocol._write_appdata((data,))
..\..\..\..\..\AppData\Local\Python\pythoncore-3.14-64\Lib\asyncio\sslproto.py:700: in _write_appdata
    self._fatal_error(ex, 'Fatal error on SSL protocol')
..\..\..\..\..\AppData\Local\Python\pythoncore-3.14-64\Lib\asyncio\sslproto.py:918: in _fatal_error
    self._transport._force_close(exc)
..\..\..\..\..\AppData\Local\Python\pythoncore-3.14-64\Lib\asyncio\proactor_events.py:152: in _force_close
    self._loop.call_soon(self._call_connection_lost, exc)
..\..\..\..\..\AppData\Local\Python\pythoncore-3.14-64\Lib\asyncio\base_events.py:827: in call_soon
    self._check_closed()
..\..\..\..\..\AppData\Local\Python\pythoncore-3.14-64\Lib\asyncio\base_events.py:550: in _check_closed
    raise RuntimeError('Event loop is closed')
E   RuntimeError: Event loop is closed
------------------------------ Captured log call ------------------------------
ERROR    sqlalchemy.pool.impl.AsyncAdaptedQueuePool:base.py:377 Exception terminating connection <AdaptedConnection <asyncpg.connection.Connection object at 0x0000020EE12066C0>>
Traceback (most recent call last):
  File "C:\Users\nmendoza\Documents\Visual_Works\Planificacion-Voluntarios\plani-app-back\plani-app-back\.venv\Lib\site-packages\sqlalchemy\pool\base.py", line 373, in _close_connection
    self._dialect.do_terminate(connection)
    ~~~~~~~~~~~~~~~~~~~~~~~~~~^^^^^^^^^^^^
  File "C:\Users\nmendoza\Documents\Visual_Works\Planificacion-Voluntarios\plani-app-back\plani-app-back\.venv\Lib\site-packages\sqlalchemy\dialects\postgresql\asyncpg.py", line 1127, in do_terminate
    dbapi_connection.terminate()
    ~~~~~~~~~~~~~~~~~~~~~~~~~~^^
  File "C:\Users\nmendoza\Documents\Visual_Works\Planificacion-Voluntarios\plani-app-back\plani-app-back\.venv\Lib\site-packages\sqlalchemy\connectors\asyncio.py", line 402, in terminate
    self.await_(asyncio.shield(self._terminate_graceful_close()))  # type: ignore[attr-defined] # noqa: E501
    ~~~~~~~~~~~^^^^^^^^^^^^^^^^^^^^^^^^^^^^^^^^^^^^^^^^^^^^^^^^^^
  File "C:\Users\nmendoza\Documents\Visual_Works\Planificacion-Voluntarios\plani-app-back\plani-app-back\.venv\Lib\site-packages\sqlalchemy\util\_concurrency_py3k.py", line 132, in await_only
    return current.parent.switch(awaitable)  # type: ignore[no-any-return,attr-defined] # noqa: E501
           ~~~~~~~~~~~~~~~~~~~~~^^^^^^^^^^^
  File "C:\Users\nmendoza\Documents\Visual_Works\Planificacion-Voluntarios\plani-app-back\plani-app-back\.venv\Lib\site-packages\sqlalchemy\util\_concurrency_py3k.py", line 196, in greenlet_spawn
    value = await result
            ^^^^^^^^^^^^
  File "C:\Users\nmendoza\Documents\Visual_Works\Planificacion-Voluntarios\plani-app-back\plani-app-back\.venv\Lib\site-packages\sqlalchemy\dialects\postgresql\asyncpg.py", line 912, in _terminate_graceful_close
    await self._connection.close(timeout=2)
  File "C:\Users\nmendoza\Documents\Visual_Works\Planificacion-Voluntarios\plani-app-back\plani-app-back\.venv\Lib\site-packages\asyncpg\connection.py", line 1513, in close
    await self._protocol.close(timeout)
  File "asyncpg/protocol/protocol.pyx", line 617, in close
  File "asyncpg/protocol/protocol.pyx", line 650, in asyncpg.protocol.protocol.BaseProtocol._request_cancel
  File "C:\Users\nmendoza\Documents\Visual_Works\Planificacion-Voluntarios\plani-app-back\plani-app-back\.venv\Lib\site-packages\asyncpg\connection.py", line 1682, in _cancel_current_command
    self._cancellations.add(self._loop.create_task(self._cancel(waiter)))
                            ~~~~~~~~~~~~~~~~~~~~~~^^^^^^^^^^^^^^^^^^^^^^
  File "C:\Users\nmendoza\AppData\Local\Python\pythoncore-3.14-64\Lib\asyncio\base_events.py", line 466, in create_task
    self._check_closed()
    ~~~~~~~~~~~~~~~~~~^^
  File "C:\Users\nmendoza\AppData\Local\Python\pythoncore-3.14-64\Lib\asyncio\base_events.py", line 550, in _check_closed
    raise RuntimeError('Event loop is closed')
RuntimeError: Event loop is closed
__________ test_legacy_update_validacion_cruzada_tipo_inconsistente ___________
..\..\..\..\..\AppData\Local\Python\pythoncore-3.14-64\Lib\asyncio\base_events.py:827: in call_soon
    self._check_closed()
..\..\..\..\..\AppData\Local\Python\pythoncore-3.14-64\Lib\asyncio\base_events.py:550: in _check_closed
    raise RuntimeError('Event loop is closed')
E   RuntimeError: Event loop is closed

During handling of the above exception, another exception occurred:
tests\test_legacy_update_extras.py:565: in test_legacy_update_validacion_cruzada_tipo_inconsistente
    taller = await _pick_one_taller(db_session)
             ^^^^^^^^^^^^^^^^^^^^^^^^^^^^^^^^^^
tests\test_legacy_update_extras.py:98: in _pick_one_taller
    res = await db.execute(
.venv\Lib\site-packages\sqlalchemy\ext\asyncio\session.py:449: in execute
    result = await greenlet_spawn(
.venv\Lib\site-packages\sqlalchemy\util\_concurrency_py3k.py:201: in greenlet_spawn
    result = context.throw(*sys.exc_info())
             ^^^^^^^^^^^^^^^^^^^^^^^^^^^^^^
.venv\Lib\site-packages\sqlalchemy\orm\session.py:2351: in execute
    return self._execute_internal(
.venv\Lib\site-packages\sqlalchemy\orm\session.py:2239: in _execute_internal
    conn = self._connection_for_bind(bind)
           ^^^^^^^^^^^^^^^^^^^^^^^^^^^^^^^
.venv\Lib\site-packages\sqlalchemy\orm\session.py:2108: in _connection_for_bind
    return trans._connection_for_bind(engine, execution_options)
           ^^^^^^^^^^^^^^^^^^^^^^^^^^^^^^^^^^^^^^^^^^^^^^^^^^^^^
<string>:2: in _connection_for_bind
    ???
.venv\Lib\site-packages\sqlalchemy\orm\state_changes.py:137: in _go
    ret_value = fn(self, *arg, **kw)
                ^^^^^^^^^^^^^^^^^^^^
.venv\Lib\site-packages\sqlalchemy\orm\session.py:1187: in _connection_for_bind
    conn = bind.connect()
           ^^^^^^^^^^^^^^
.venv\Lib\site-packages\sqlalchemy\engine\base.py:3293: in connect
    return self._connection_cls(self)
           ^^^^^^^^^^^^^^^^^^^^^^^^^^
.venv\Lib\site-packages\sqlalchemy\engine\base.py:143: in __init__
    self._dbapi_connection = engine.raw_connection()
                             ^^^^^^^^^^^^^^^^^^^^^^^
.venv\Lib\site-packages\sqlalchemy\engine\base.py:3317: in raw_connection
    return self.pool.connect()
           ^^^^^^^^^^^^^^^^^^^
.venv\Lib\site-packages\sqlalchemy\pool\base.py:448: in connect
    return _ConnectionFairy._checkout(self)
           ^^^^^^^^^^^^^^^^^^^^^^^^^^^^^^^^
.venv\Lib\site-packages\sqlalchemy\pool\base.py:1371: in _checkout
    with util.safe_reraise():
         ^^^^^^^^^^^^^^^^^^^
.venv\Lib\site-packages\sqlalchemy\util\langhelpers.py:121: in __exit__
    raise exc_value.with_traceback(exc_tb)
.venv\Lib\site-packages\sqlalchemy\pool\base.py:1309: in _checkout
    result = pool._dialect._do_ping_w_event(
.venv\Lib\site-packages\sqlalchemy\engine\default.py:729: in _do_ping_w_event
    return self.do_ping(dbapi_connection)
           ^^^^^^^^^^^^^^^^^^^^^^^^^^^^^^
.venv\Lib\site-packages\sqlalchemy\dialects\postgresql\asyncpg.py:1160: in do_ping
    dbapi_connection.ping()
.venv\Lib\site-packages\sqlalchemy\dialects\postgresql\asyncpg.py:818: in ping
    self._handle_exception(error)
.venv\Lib\site-packages\sqlalchemy\dialects\postgresql\asyncpg.py:799: in _handle_exception
    raise error
.venv\Lib\site-packages\sqlalchemy\dialects\postgresql\asyncpg.py:816: in ping
    _ = self.await_(self._async_ping())
        ^^^^^^^^^^^^^^^^^^^^^^^^^^^^^^^
.venv\Lib\site-packages\sqlalchemy\util\_concurrency_py3k.py:132: in await_only
    return current.parent.switch(awaitable)  # type: ignore[no-any-return,attr-defined] # noqa: E501
           ^^^^^^^^^^^^^^^^^^^^^^^^^^^^^^^^
.venv\Lib\site-packages\sqlalchemy\util\_concurrency_py3k.py:196: in greenlet_spawn
    value = await result
            ^^^^^^^^^^^^
.venv\Lib\site-packages\sqlalchemy\dialects\postgresql\asyncpg.py:825: in _async_ping
    await tr.start()
.venv\Lib\site-packages\asyncpg\transaction.py:146: in start
    await self._connection.execute(query)
.venv\Lib\site-packages\asyncpg\connection.py:354: in execute
    result = await self._protocol.query(query, timeout)
             ^^^^^^^^^^^^^^^^^^^^^^^^^^^^^^^^^^^^^^^^^^
asyncpg/protocol/protocol.pyx:369: in query
    ???
asyncpg/protocol/protocol.pyx:362: in asyncpg.protocol.protocol.BaseProtocol.query
    ???
asyncpg/protocol/coreproto.pyx:1174: in asyncpg.protocol.protocol.CoreProtocol._simple_query
    ???
asyncpg/protocol/protocol.pyx:956: in asyncpg.protocol.protocol.BaseProtocol._write
    ???
..\..\..\..\..\AppData\Local\Python\pythoncore-3.14-64\Lib\asyncio\sslproto.py:222: in write
    self._ssl_protocol._write_appdata((data,))
..\..\..\..\..\AppData\Local\Python\pythoncore-3.14-64\Lib\asyncio\sslproto.py:700: in _write_appdata
    self._fatal_error(ex, 'Fatal error on SSL protocol')
..\..\..\..\..\AppData\Local\Python\pythoncore-3.14-64\Lib\asyncio\sslproto.py:918: in _fatal_error
    self._transport._force_close(exc)
..\..\..\..\..\AppData\Local\Python\pythoncore-3.14-64\Lib\asyncio\proactor_events.py:152: in _force_close
    self._loop.call_soon(self._call_connection_lost, exc)
..\..\..\..\..\AppData\Local\Python\pythoncore-3.14-64\Lib\asyncio\base_events.py:827: in call_soon
    self._check_closed()
..\..\..\..\..\AppData\Local\Python\pythoncore-3.14-64\Lib\asyncio\base_events.py:550: in _check_closed
    raise RuntimeError('Event loop is closed')
E   RuntimeError: Event loop is closed
------------------------------ Captured log call ------------------------------
ERROR    sqlalchemy.pool.impl.AsyncAdaptedQueuePool:base.py:377 Exception terminating connection <AdaptedConnection <asyncpg.connection.Connection object at 0x0000020EE1591130>>
Traceback (most recent call last):
  File "C:\Users\nmendoza\Documents\Visual_Works\Planificacion-Voluntarios\plani-app-back\plani-app-back\.venv\Lib\site-packages\sqlalchemy\pool\base.py", line 373, in _close_connection
    self._dialect.do_terminate(connection)
    ~~~~~~~~~~~~~~~~~~~~~~~~~~^^^^^^^^^^^^
  File "C:\Users\nmendoza\Documents\Visual_Works\Planificacion-Voluntarios\plani-app-back\plani-app-back\.venv\Lib\site-packages\sqlalchemy\dialects\postgresql\asyncpg.py", line 1127, in do_terminate
    dbapi_connection.terminate()
    ~~~~~~~~~~~~~~~~~~~~~~~~~~^^
  File "C:\Users\nmendoza\Documents\Visual_Works\Planificacion-Voluntarios\plani-app-back\plani-app-back\.venv\Lib\site-packages\sqlalchemy\connectors\asyncio.py", line 402, in terminate
    self.await_(asyncio.shield(self._terminate_graceful_close()))  # type: ignore[attr-defined] # noqa: E501
    ~~~~~~~~~~~^^^^^^^^^^^^^^^^^^^^^^^^^^^^^^^^^^^^^^^^^^^^^^^^^^
  File "C:\Users\nmendoza\Documents\Visual_Works\Planificacion-Voluntarios\plani-app-back\plani-app-back\.venv\Lib\site-packages\sqlalchemy\util\_concurrency_py3k.py", line 132, in await_only
    return current.parent.switch(awaitable)  # type: ignore[no-any-return,attr-defined] # noqa: E501
           ~~~~~~~~~~~~~~~~~~~~~^^^^^^^^^^^
  File "C:\Users\nmendoza\Documents\Visual_Works\Planificacion-Voluntarios\plani-app-back\plani-app-back\.venv\Lib\site-packages\sqlalchemy\util\_concurrency_py3k.py", line 196, in greenlet_spawn
    value = await result
            ^^^^^^^^^^^^
  File "C:\Users\nmendoza\Documents\Visual_Works\Planificacion-Voluntarios\plani-app-back\plani-app-back\.venv\Lib\site-packages\sqlalchemy\dialects\postgresql\asyncpg.py", line 912, in _terminate_graceful_close
    await self._connection.close(timeout=2)
  File "C:\Users\nmendoza\Documents\Visual_Works\Planificacion-Voluntarios\plani-app-back\plani-app-back\.venv\Lib\site-packages\asyncpg\connection.py", line 1513, in close
    await self._protocol.close(timeout)
  File "asyncpg/protocol/protocol.pyx", line 617, in close
  File "asyncpg/protocol/protocol.pyx", line 650, in asyncpg.protocol.protocol.BaseProtocol._request_cancel
  File "C:\Users\nmendoza\Documents\Visual_Works\Planificacion-Voluntarios\plani-app-back\plani-app-back\.venv\Lib\site-packages\asyncpg\connection.py", line 1682, in _cancel_current_command
    self._cancellations.add(self._loop.create_task(self._cancel(waiter)))
                            ~~~~~~~~~~~~~~~~~~~~~~^^^^^^^^^^^^^^^^^^^^^^
  File "C:\Users\nmendoza\AppData\Local\Python\pythoncore-3.14-64\Lib\asyncio\base_events.py", line 466, in create_task
    self._check_closed()
    ~~~~~~~~~~~~~~~~~~^^
  File "C:\Users\nmendoza\AppData\Local\Python\pythoncore-3.14-64\Lib\asyncio\base_events.py", line 550, in _check_closed
    raise RuntimeError('Event loop is closed')
RuntimeError: Event loop is closed
___________________ test_legacy_update_warning_count_mixto ____________________
..\..\..\..\..\AppData\Local\Python\pythoncore-3.14-64\Lib\asyncio\base_events.py:827: in call_soon
    self._check_closed()
..\..\..\..\..\AppData\Local\Python\pythoncore-3.14-64\Lib\asyncio\base_events.py:550: in _check_closed
    raise RuntimeError('Event loop is closed')
E   RuntimeError: Event loop is closed

During handling of the above exception, another exception occurred:
tests\test_legacy_update_extras.py:607: in test_legacy_update_warning_count_mixto
    taller = await _pick_one_taller(db_session)
             ^^^^^^^^^^^^^^^^^^^^^^^^^^^^^^^^^^
tests\test_legacy_update_extras.py:98: in _pick_one_taller
    res = await db.execute(
.venv\Lib\site-packages\sqlalchemy\ext\asyncio\session.py:449: in execute
    result = await greenlet_spawn(
.venv\Lib\site-packages\sqlalchemy\util\_concurrency_py3k.py:201: in greenlet_spawn
    result = context.throw(*sys.exc_info())
             ^^^^^^^^^^^^^^^^^^^^^^^^^^^^^^
.venv\Lib\site-packages\sqlalchemy\orm\session.py:2351: in execute
    return self._execute_internal(
.venv\Lib\site-packages\sqlalchemy\orm\session.py:2239: in _execute_internal
    conn = self._connection_for_bind(bind)
           ^^^^^^^^^^^^^^^^^^^^^^^^^^^^^^^
.venv\Lib\site-packages\sqlalchemy\orm\session.py:2108: in _connection_for_bind
    return trans._connection_for_bind(engine, execution_options)
           ^^^^^^^^^^^^^^^^^^^^^^^^^^^^^^^^^^^^^^^^^^^^^^^^^^^^^
<string>:2: in _connection_for_bind
    ???
.venv\Lib\site-packages\sqlalchemy\orm\state_changes.py:137: in _go
    ret_value = fn(self, *arg, **kw)
                ^^^^^^^^^^^^^^^^^^^^
.venv\Lib\site-packages\sqlalchemy\orm\session.py:1187: in _connection_for_bind
    conn = bind.connect()
           ^^^^^^^^^^^^^^
.venv\Lib\site-packages\sqlalchemy\engine\base.py:3293: in connect
    return self._connection_cls(self)
           ^^^^^^^^^^^^^^^^^^^^^^^^^^
.venv\Lib\site-packages\sqlalchemy\engine\base.py:143: in __init__
    self._dbapi_connection = engine.raw_connection()
                             ^^^^^^^^^^^^^^^^^^^^^^^
.venv\Lib\site-packages\sqlalchemy\engine\base.py:3317: in raw_connection
    return self.pool.connect()
           ^^^^^^^^^^^^^^^^^^^
.venv\Lib\site-packages\sqlalchemy\pool\base.py:448: in connect
    return _ConnectionFairy._checkout(self)
           ^^^^^^^^^^^^^^^^^^^^^^^^^^^^^^^^
.venv\Lib\site-packages\sqlalchemy\pool\base.py:1371: in _checkout
    with util.safe_reraise():
         ^^^^^^^^^^^^^^^^^^^
.venv\Lib\site-packages\sqlalchemy\util\langhelpers.py:121: in __exit__
    raise exc_value.with_traceback(exc_tb)
.venv\Lib\site-packages\sqlalchemy\pool\base.py:1309: in _checkout
    result = pool._dialect._do_ping_w_event(
.venv\Lib\site-packages\sqlalchemy\engine\default.py:729: in _do_ping_w_event
    return self.do_ping(dbapi_connection)
           ^^^^^^^^^^^^^^^^^^^^^^^^^^^^^^
.venv\Lib\site-packages\sqlalchemy\dialects\postgresql\asyncpg.py:1160: in do_ping
    dbapi_connection.ping()
.venv\Lib\site-packages\sqlalchemy\dialects\postgresql\asyncpg.py:818: in ping
    self._handle_exception(error)
.venv\Lib\site-packages\sqlalchemy\dialects\postgresql\asyncpg.py:799: in _handle_exception
    raise error
.venv\Lib\site-packages\sqlalchemy\dialects\postgresql\asyncpg.py:816: in ping
    _ = self.await_(self._async_ping())
        ^^^^^^^^^^^^^^^^^^^^^^^^^^^^^^^
.venv\Lib\site-packages\sqlalchemy\util\_concurrency_py3k.py:132: in await_only
    return current.parent.switch(awaitable)  # type: ignore[no-any-return,attr-defined] # noqa: E501
           ^^^^^^^^^^^^^^^^^^^^^^^^^^^^^^^^
.venv\Lib\site-packages\sqlalchemy\util\_concurrency_py3k.py:196: in greenlet_spawn
    value = await result
            ^^^^^^^^^^^^
.venv\Lib\site-packages\sqlalchemy\dialects\postgresql\asyncpg.py:825: in _async_ping
    await tr.start()
.venv\Lib\site-packages\asyncpg\transaction.py:146: in start
    await self._connection.execute(query)
.venv\Lib\site-packages\asyncpg\connection.py:354: in execute
    result = await self._protocol.query(query, timeout)
             ^^^^^^^^^^^^^^^^^^^^^^^^^^^^^^^^^^^^^^^^^^
asyncpg/protocol/protocol.pyx:369: in query
    ???
asyncpg/protocol/protocol.pyx:362: in asyncpg.protocol.protocol.BaseProtocol.query
    ???
asyncpg/protocol/coreproto.pyx:1174: in asyncpg.protocol.protocol.CoreProtocol._simple_query
    ???
asyncpg/protocol/protocol.pyx:956: in asyncpg.protocol.protocol.BaseProtocol._write
    ???
..\..\..\..\..\AppData\Local\Python\pythoncore-3.14-64\Lib\asyncio\sslproto.py:222: in write
    self._ssl_protocol._write_appdata((data,))
..\..\..\..\..\AppData\Local\Python\pythoncore-3.14-64\Lib\asyncio\sslproto.py:700: in _write_appdata
    self._fatal_error(ex, 'Fatal error on SSL protocol')
..\..\..\..\..\AppData\Local\Python\pythoncore-3.14-64\Lib\asyncio\sslproto.py:918: in _fatal_error
    self._transport._force_close(exc)
..\..\..\..\..\AppData\Local\Python\pythoncore-3.14-64\Lib\asyncio\proactor_events.py:152: in _force_close
    self._loop.call_soon(self._call_connection_lost, exc)
..\..\..\..\..\AppData\Local\Python\pythoncore-3.14-64\Lib\asyncio\base_events.py:827: in call_soon
    self._check_closed()
..\..\..\..\..\AppData\Local\Python\pythoncore-3.14-64\Lib\asyncio\base_events.py:550: in _check_closed
    raise RuntimeError('Event loop is closed')
E   RuntimeError: Event loop is closed
------------------------------ Captured log call ------------------------------
ERROR    sqlalchemy.pool.impl.AsyncAdaptedQueuePool:base.py:377 Exception terminating connection <AdaptedConnection <asyncpg.connection.Connection object at 0x0000020EE15328A0>>
Traceback (most recent call last):
  File "C:\Users\nmendoza\Documents\Visual_Works\Planificacion-Voluntarios\plani-app-back\plani-app-back\.venv\Lib\site-packages\sqlalchemy\pool\base.py", line 373, in _close_connection
    self._dialect.do_terminate(connection)
    ~~~~~~~~~~~~~~~~~~~~~~~~~~^^^^^^^^^^^^
  File "C:\Users\nmendoza\Documents\Visual_Works\Planificacion-Voluntarios\plani-app-back\plani-app-back\.venv\Lib\site-packages\sqlalchemy\dialects\postgresql\asyncpg.py", line 1127, in do_terminate
    dbapi_connection.terminate()
    ~~~~~~~~~~~~~~~~~~~~~~~~~~^^
  File "C:\Users\nmendoza\Documents\Visual_Works\Planificacion-Voluntarios\plani-app-back\plani-app-back\.venv\Lib\site-packages\sqlalchemy\connectors\asyncio.py", line 402, in terminate
    self.await_(asyncio.shield(self._terminate_graceful_close()))  # type: ignore[attr-defined] # noqa: E501
    ~~~~~~~~~~~^^^^^^^^^^^^^^^^^^^^^^^^^^^^^^^^^^^^^^^^^^^^^^^^^^
  File "C:\Users\nmendoza\Documents\Visual_Works\Planificacion-Voluntarios\plani-app-back\plani-app-back\.venv\Lib\site-packages\sqlalchemy\util\_concurrency_py3k.py", line 132, in await_only
    return current.parent.switch(awaitable)  # type: ignore[no-any-return,attr-defined] # noqa: E501
           ~~~~~~~~~~~~~~~~~~~~~^^^^^^^^^^^
  File "C:\Users\nmendoza\Documents\Visual_Works\Planificacion-Voluntarios\plani-app-back\plani-app-back\.venv\Lib\site-packages\sqlalchemy\util\_concurrency_py3k.py", line 196, in greenlet_spawn
    value = await result
            ^^^^^^^^^^^^
  File "C:\Users\nmendoza\Documents\Visual_Works\Planificacion-Voluntarios\plani-app-back\plani-app-back\.venv\Lib\site-packages\sqlalchemy\dialects\postgresql\asyncpg.py", line 912, in _terminate_graceful_close
    await self._connection.close(timeout=2)
  File "C:\Users\nmendoza\Documents\Visual_Works\Planificacion-Voluntarios\plani-app-back\plani-app-back\.venv\Lib\site-packages\asyncpg\connection.py", line 1513, in close
    await self._protocol.close(timeout)
  File "asyncpg/protocol/protocol.pyx", line 617, in close
  File "asyncpg/protocol/protocol.pyx", line 650, in asyncpg.protocol.protocol.BaseProtocol._request_cancel
  File "C:\Users\nmendoza\Documents\Visual_Works\Planificacion-Voluntarios\plani-app-back\plani-app-back\.venv\Lib\site-packages\asyncpg\connection.py", line 1682, in _cancel_current_command
    self._cancellations.add(self._loop.create_task(self._cancel(waiter)))
                            ~~~~~~~~~~~~~~~~~~~~~~^^^^^^^^^^^^^^^^^^^^^^
  File "C:\Users\nmendoza\AppData\Local\Python\pythoncore-3.14-64\Lib\asyncio\base_events.py", line 466, in create_task
    self._check_closed()
    ~~~~~~~~~~~~~~~~~~^^
  File "C:\Users\nmendoza\AppData\Local\Python\pythoncore-3.14-64\Lib\asyncio\base_events.py", line 550, in _check_closed
    raise RuntimeError('Event loop is closed')
RuntimeError: Event loop is closed
_______________ test_legacy_update_motivo_decision_planificador _______________
..\..\..\..\..\AppData\Local\Python\pythoncore-3.14-64\Lib\asyncio\base_events.py:827: in call_soon
    self._check_closed()
..\..\..\..\..\AppData\Local\Python\pythoncore-3.14-64\Lib\asyncio\base_events.py:550: in _check_closed
    raise RuntimeError('Event loop is closed')
E   RuntimeError: Event loop is closed

During handling of the above exception, another exception occurred:
tests\test_legacy_update_extras.py:717: in test_legacy_update_motivo_decision_planificador
    taller = await _pick_one_taller(db_session)
             ^^^^^^^^^^^^^^^^^^^^^^^^^^^^^^^^^^
tests\test_legacy_update_extras.py:98: in _pick_one_taller
    res = await db.execute(
.venv\Lib\site-packages\sqlalchemy\ext\asyncio\session.py:449: in execute
    result = await greenlet_spawn(
.venv\Lib\site-packages\sqlalchemy\util\_concurrency_py3k.py:201: in greenlet_spawn
    result = context.throw(*sys.exc_info())
             ^^^^^^^^^^^^^^^^^^^^^^^^^^^^^^
.venv\Lib\site-packages\sqlalchemy\orm\session.py:2351: in execute
    return self._execute_internal(
.venv\Lib\site-packages\sqlalchemy\orm\session.py:2239: in _execute_internal
    conn = self._connection_for_bind(bind)
           ^^^^^^^^^^^^^^^^^^^^^^^^^^^^^^^
.venv\Lib\site-packages\sqlalchemy\orm\session.py:2108: in _connection_for_bind
    return trans._connection_for_bind(engine, execution_options)
           ^^^^^^^^^^^^^^^^^^^^^^^^^^^^^^^^^^^^^^^^^^^^^^^^^^^^^
<string>:2: in _connection_for_bind
    ???
.venv\Lib\site-packages\sqlalchemy\orm\state_changes.py:137: in _go
    ret_value = fn(self, *arg, **kw)
                ^^^^^^^^^^^^^^^^^^^^
.venv\Lib\site-packages\sqlalchemy\orm\session.py:1187: in _connection_for_bind
    conn = bind.connect()
           ^^^^^^^^^^^^^^
.venv\Lib\site-packages\sqlalchemy\engine\base.py:3293: in connect
    return self._connection_cls(self)
           ^^^^^^^^^^^^^^^^^^^^^^^^^^
.venv\Lib\site-packages\sqlalchemy\engine\base.py:143: in __init__
    self._dbapi_connection = engine.raw_connection()
                             ^^^^^^^^^^^^^^^^^^^^^^^
.venv\Lib\site-packages\sqlalchemy\engine\base.py:3317: in raw_connection
    return self.pool.connect()
           ^^^^^^^^^^^^^^^^^^^
.venv\Lib\site-packages\sqlalchemy\pool\base.py:448: in connect
    return _ConnectionFairy._checkout(self)
           ^^^^^^^^^^^^^^^^^^^^^^^^^^^^^^^^
.venv\Lib\site-packages\sqlalchemy\pool\base.py:1371: in _checkout
    with util.safe_reraise():
         ^^^^^^^^^^^^^^^^^^^
.venv\Lib\site-packages\sqlalchemy\util\langhelpers.py:121: in __exit__
    raise exc_value.with_traceback(exc_tb)
.venv\Lib\site-packages\sqlalchemy\pool\base.py:1309: in _checkout
    result = pool._dialect._do_ping_w_event(
.venv\Lib\site-packages\sqlalchemy\engine\default.py:729: in _do_ping_w_event
    return self.do_ping(dbapi_connection)
           ^^^^^^^^^^^^^^^^^^^^^^^^^^^^^^
.venv\Lib\site-packages\sqlalchemy\dialects\postgresql\asyncpg.py:1160: in do_ping
    dbapi_connection.ping()
.venv\Lib\site-packages\sqlalchemy\dialects\postgresql\asyncpg.py:818: in ping
    self._handle_exception(error)
.venv\Lib\site-packages\sqlalchemy\dialects\postgresql\asyncpg.py:799: in _handle_exception
    raise error
.venv\Lib\site-packages\sqlalchemy\dialects\postgresql\asyncpg.py:816: in ping
    _ = self.await_(self._async_ping())
        ^^^^^^^^^^^^^^^^^^^^^^^^^^^^^^^
.venv\Lib\site-packages\sqlalchemy\util\_concurrency_py3k.py:132: in await_only
    return current.parent.switch(awaitable)  # type: ignore[no-any-return,attr-defined] # noqa: E501
           ^^^^^^^^^^^^^^^^^^^^^^^^^^^^^^^^
.venv\Lib\site-packages\sqlalchemy\util\_concurrency_py3k.py:196: in greenlet_spawn
    value = await result
            ^^^^^^^^^^^^
.venv\Lib\site-packages\sqlalchemy\dialects\postgresql\asyncpg.py:825: in _async_ping
    await tr.start()
.venv\Lib\site-packages\asyncpg\transaction.py:146: in start
    await self._connection.execute(query)
.venv\Lib\site-packages\asyncpg\connection.py:354: in execute
    result = await self._protocol.query(query, timeout)
             ^^^^^^^^^^^^^^^^^^^^^^^^^^^^^^^^^^^^^^^^^^
asyncpg/protocol/protocol.pyx:369: in query
    ???
asyncpg/protocol/protocol.pyx:362: in asyncpg.protocol.protocol.BaseProtocol.query
    ???
asyncpg/protocol/coreproto.pyx:1174: in asyncpg.protocol.protocol.CoreProtocol._simple_query
    ???
asyncpg/protocol/protocol.pyx:956: in asyncpg.protocol.protocol.BaseProtocol._write
    ???
..\..\..\..\..\AppData\Local\Python\pythoncore-3.14-64\Lib\asyncio\sslproto.py:222: in write
    self._ssl_protocol._write_appdata((data,))
..\..\..\..\..\AppData\Local\Python\pythoncore-3.14-64\Lib\asyncio\sslproto.py:700: in _write_appdata
    self._fatal_error(ex, 'Fatal error on SSL protocol')
..\..\..\..\..\AppData\Local\Python\pythoncore-3.14-64\Lib\asyncio\sslproto.py:918: in _fatal_error
    self._transport._force_close(exc)
..\..\..\..\..\AppData\Local\Python\pythoncore-3.14-64\Lib\asyncio\proactor_events.py:152: in _force_close
    self._loop.call_soon(self._call_connection_lost, exc)
..\..\..\..\..\AppData\Local\Python\pythoncore-3.14-64\Lib\asyncio\base_events.py:827: in call_soon
    self._check_closed()
..\..\..\..\..\AppData\Local\Python\pythoncore-3.14-64\Lib\asyncio\base_events.py:550: in _check_closed
    raise RuntimeError('Event loop is closed')
E   RuntimeError: Event loop is closed
------------------------------ Captured log call ------------------------------
ERROR    sqlalchemy.pool.impl.AsyncAdaptedQueuePool:base.py:377 Exception terminating connection <AdaptedConnection <asyncpg.connection.Connection object at 0x0000020EE1531130>>
Traceback (most recent call last):
  File "C:\Users\nmendoza\Documents\Visual_Works\Planificacion-Voluntarios\plani-app-back\plani-app-back\.venv\Lib\site-packages\sqlalchemy\pool\base.py", line 373, in _close_connection
    self._dialect.do_terminate(connection)
    ~~~~~~~~~~~~~~~~~~~~~~~~~~^^^^^^^^^^^^
  File "C:\Users\nmendoza\Documents\Visual_Works\Planificacion-Voluntarios\plani-app-back\plani-app-back\.venv\Lib\site-packages\sqlalchemy\dialects\postgresql\asyncpg.py", line 1127, in do_terminate
    dbapi_connection.terminate()
    ~~~~~~~~~~~~~~~~~~~~~~~~~~^^
  File "C:\Users\nmendoza\Documents\Visual_Works\Planificacion-Voluntarios\plani-app-back\plani-app-back\.venv\Lib\site-packages\sqlalchemy\connectors\asyncio.py", line 402, in terminate
    self.await_(asyncio.shield(self._terminate_graceful_close()))  # type: ignore[attr-defined] # noqa: E501
    ~~~~~~~~~~~^^^^^^^^^^^^^^^^^^^^^^^^^^^^^^^^^^^^^^^^^^^^^^^^^^
  File "C:\Users\nmendoza\Documents\Visual_Works\Planificacion-Voluntarios\plani-app-back\plani-app-back\.venv\Lib\site-packages\sqlalchemy\util\_concurrency_py3k.py", line 132, in await_only
    return current.parent.switch(awaitable)  # type: ignore[no-any-return,attr-defined] # noqa: E501
           ~~~~~~~~~~~~~~~~~~~~~^^^^^^^^^^^
  File "C:\Users\nmendoza\Documents\Visual_Works\Planificacion-Voluntarios\plani-app-back\plani-app-back\.venv\Lib\site-packages\sqlalchemy\util\_concurrency_py3k.py", line 196, in greenlet_spawn
    value = await result
            ^^^^^^^^^^^^
  File "C:\Users\nmendoza\Documents\Visual_Works\Planificacion-Voluntarios\plani-app-back\plani-app-back\.venv\Lib\site-packages\sqlalchemy\dialects\postgresql\asyncpg.py", line 912, in _terminate_graceful_close
    await self._connection.close(timeout=2)
  File "C:\Users\nmendoza\Documents\Visual_Works\Planificacion-Voluntarios\plani-app-back\plani-app-back\.venv\Lib\site-packages\asyncpg\connection.py", line 1513, in close
    await self._protocol.close(timeout)
  File "asyncpg/protocol/protocol.pyx", line 617, in close
  File "asyncpg/protocol/protocol.pyx", line 650, in asyncpg.protocol.protocol.BaseProtocol._request_cancel
  File "C:\Users\nmendoza\Documents\Visual_Works\Planificacion-Voluntarios\plani-app-back\plani-app-back\.venv\Lib\site-packages\asyncpg\connection.py", line 1682, in _cancel_current_command
    self._cancellations.add(self._loop.create_task(self._cancel(waiter)))
                            ~~~~~~~~~~~~~~~~~~~~~~^^^^^^^^^^^^^^^^^^^^^^
  File "C:\Users\nmendoza\AppData\Local\Python\pythoncore-3.14-64\Lib\asyncio\base_events.py", line 466, in create_task
    self._check_closed()
    ~~~~~~~~~~~~~~~~~~^^
  File "C:\Users\nmendoza\AppData\Local\Python\pythoncore-3.14-64\Lib\asyncio\base_events.py", line 550, in _check_closed
    raise RuntimeError('Event loop is closed')
RuntimeError: Event loop is closed
__________________ test_legacy_update_motivo_empresa_cancelo __________________
..\..\..\..\..\AppData\Local\Python\pythoncore-3.14-64\Lib\asyncio\base_events.py:827: in call_soon
    self._check_closed()
..\..\..\..\..\AppData\Local\Python\pythoncore-3.14-64\Lib\asyncio\base_events.py:550: in _check_closed
    raise RuntimeError('Event loop is closed')
E   RuntimeError: Event loop is closed

During handling of the above exception, another exception occurred:
tests\test_legacy_update_extras.py:761: in test_legacy_update_motivo_empresa_cancelo
    taller = await _pick_one_taller(db_session)
             ^^^^^^^^^^^^^^^^^^^^^^^^^^^^^^^^^^
tests\test_legacy_update_extras.py:98: in _pick_one_taller
    res = await db.execute(
.venv\Lib\site-packages\sqlalchemy\ext\asyncio\session.py:449: in execute
    result = await greenlet_spawn(
.venv\Lib\site-packages\sqlalchemy\util\_concurrency_py3k.py:201: in greenlet_spawn
    result = context.throw(*sys.exc_info())
             ^^^^^^^^^^^^^^^^^^^^^^^^^^^^^^
.venv\Lib\site-packages\sqlalchemy\orm\session.py:2351: in execute
    return self._execute_internal(
.venv\Lib\site-packages\sqlalchemy\orm\session.py:2239: in _execute_internal
    conn = self._connection_for_bind(bind)
           ^^^^^^^^^^^^^^^^^^^^^^^^^^^^^^^
.venv\Lib\site-packages\sqlalchemy\orm\session.py:2108: in _connection_for_bind
    return trans._connection_for_bind(engine, execution_options)
           ^^^^^^^^^^^^^^^^^^^^^^^^^^^^^^^^^^^^^^^^^^^^^^^^^^^^^
<string>:2: in _connection_for_bind
    ???
.venv\Lib\site-packages\sqlalchemy\orm\state_changes.py:137: in _go
    ret_value = fn(self, *arg, **kw)
                ^^^^^^^^^^^^^^^^^^^^
.venv\Lib\site-packages\sqlalchemy\orm\session.py:1187: in _connection_for_bind
    conn = bind.connect()
           ^^^^^^^^^^^^^^
.venv\Lib\site-packages\sqlalchemy\engine\base.py:3293: in connect
    return self._connection_cls(self)
           ^^^^^^^^^^^^^^^^^^^^^^^^^^
.venv\Lib\site-packages\sqlalchemy\engine\base.py:143: in __init__
    self._dbapi_connection = engine.raw_connection()
                             ^^^^^^^^^^^^^^^^^^^^^^^
.venv\Lib\site-packages\sqlalchemy\engine\base.py:3317: in raw_connection
    return self.pool.connect()
           ^^^^^^^^^^^^^^^^^^^
.venv\Lib\site-packages\sqlalchemy\pool\base.py:448: in connect
    return _ConnectionFairy._checkout(self)
           ^^^^^^^^^^^^^^^^^^^^^^^^^^^^^^^^
.venv\Lib\site-packages\sqlalchemy\pool\base.py:1371: in _checkout
    with util.safe_reraise():
         ^^^^^^^^^^^^^^^^^^^
.venv\Lib\site-packages\sqlalchemy\util\langhelpers.py:121: in __exit__
    raise exc_value.with_traceback(exc_tb)
.venv\Lib\site-packages\sqlalchemy\pool\base.py:1309: in _checkout
    result = pool._dialect._do_ping_w_event(
.venv\Lib\site-packages\sqlalchemy\engine\default.py:729: in _do_ping_w_event
    return self.do_ping(dbapi_connection)
           ^^^^^^^^^^^^^^^^^^^^^^^^^^^^^^
.venv\Lib\site-packages\sqlalchemy\dialects\postgresql\asyncpg.py:1160: in do_ping
    dbapi_connection.ping()
.venv\Lib\site-packages\sqlalchemy\dialects\postgresql\asyncpg.py:818: in ping
    self._handle_exception(error)
.venv\Lib\site-packages\sqlalchemy\dialects\postgresql\asyncpg.py:799: in _handle_exception
    raise error
.venv\Lib\site-packages\sqlalchemy\dialects\postgresql\asyncpg.py:816: in ping
    _ = self.await_(self._async_ping())
        ^^^^^^^^^^^^^^^^^^^^^^^^^^^^^^^
.venv\Lib\site-packages\sqlalchemy\util\_concurrency_py3k.py:132: in await_only
    return current.parent.switch(awaitable)  # type: ignore[no-any-return,attr-defined] # noqa: E501
           ^^^^^^^^^^^^^^^^^^^^^^^^^^^^^^^^
.venv\Lib\site-packages\sqlalchemy\util\_concurrency_py3k.py:196: in greenlet_spawn
    value = await result
            ^^^^^^^^^^^^
.venv\Lib\site-packages\sqlalchemy\dialects\postgresql\asyncpg.py:825: in _async_ping
    await tr.start()
.venv\Lib\site-packages\asyncpg\transaction.py:146: in start
    await self._connection.execute(query)
.venv\Lib\site-packages\asyncpg\connection.py:354: in execute
    result = await self._protocol.query(query, timeout)
             ^^^^^^^^^^^^^^^^^^^^^^^^^^^^^^^^^^^^^^^^^^
asyncpg/protocol/protocol.pyx:369: in query
    ???
asyncpg/protocol/protocol.pyx:362: in asyncpg.protocol.protocol.BaseProtocol.query
    ???
asyncpg/protocol/coreproto.pyx:1174: in asyncpg.protocol.protocol.CoreProtocol._simple_query
    ???
asyncpg/protocol/protocol.pyx:956: in asyncpg.protocol.protocol.BaseProtocol._write
    ???
..\..\..\..\..\AppData\Local\Python\pythoncore-3.14-64\Lib\asyncio\sslproto.py:222: in write
    self._ssl_protocol._write_appdata((data,))
..\..\..\..\..\AppData\Local\Python\pythoncore-3.14-64\Lib\asyncio\sslproto.py:700: in _write_appdata
    self._fatal_error(ex, 'Fatal error on SSL protocol')
..\..\..\..\..\AppData\Local\Python\pythoncore-3.14-64\Lib\asyncio\sslproto.py:918: in _fatal_error
    self._transport._force_close(exc)
..\..\..\..\..\AppData\Local\Python\pythoncore-3.14-64\Lib\asyncio\proactor_events.py:152: in _force_close
    self._loop.call_soon(self._call_connection_lost, exc)
..\..\..\..\..\AppData\Local\Python\pythoncore-3.14-64\Lib\asyncio\base_events.py:827: in call_soon
    self._check_closed()
..\..\..\..\..\AppData\Local\Python\pythoncore-3.14-64\Lib\asyncio\base_events.py:550: in _check_closed
    raise RuntimeError('Event loop is closed')
E   RuntimeError: Event loop is closed
------------------------------ Captured log call ------------------------------
ERROR    sqlalchemy.pool.impl.AsyncAdaptedQueuePool:base.py:377 Exception terminating connection <AdaptedConnection <asyncpg.connection.Connection object at 0x0000020EE156A8A0>>
Traceback (most recent call last):
  File "C:\Users\nmendoza\Documents\Visual_Works\Planificacion-Voluntarios\plani-app-back\plani-app-back\.venv\Lib\site-packages\sqlalchemy\pool\base.py", line 373, in _close_connection
    self._dialect.do_terminate(connection)
    ~~~~~~~~~~~~~~~~~~~~~~~~~~^^^^^^^^^^^^
  File "C:\Users\nmendoza\Documents\Visual_Works\Planificacion-Voluntarios\plani-app-back\plani-app-back\.venv\Lib\site-packages\sqlalchemy\dialects\postgresql\asyncpg.py", line 1127, in do_terminate
    dbapi_connection.terminate()
    ~~~~~~~~~~~~~~~~~~~~~~~~~~^^
  File "C:\Users\nmendoza\Documents\Visual_Works\Planificacion-Voluntarios\plani-app-back\plani-app-back\.venv\Lib\site-packages\sqlalchemy\connectors\asyncio.py", line 402, in terminate
    self.await_(asyncio.shield(self._terminate_graceful_close()))  # type: ignore[attr-defined] # noqa: E501
    ~~~~~~~~~~~^^^^^^^^^^^^^^^^^^^^^^^^^^^^^^^^^^^^^^^^^^^^^^^^^^
  File "C:\Users\nmendoza\Documents\Visual_Works\Planificacion-Voluntarios\plani-app-back\plani-app-back\.venv\Lib\site-packages\sqlalchemy\util\_concurrency_py3k.py", line 132, in await_only
    return current.parent.switch(awaitable)  # type: ignore[no-any-return,attr-defined] # noqa: E501
           ~~~~~~~~~~~~~~~~~~~~~^^^^^^^^^^^
  File "C:\Users\nmendoza\Documents\Visual_Works\Planificacion-Voluntarios\plani-app-back\plani-app-back\.venv\Lib\site-packages\sqlalchemy\util\_concurrency_py3k.py", line 196, in greenlet_spawn
    value = await result
            ^^^^^^^^^^^^
  File "C:\Users\nmendoza\Documents\Visual_Works\Planificacion-Voluntarios\plani-app-back\plani-app-back\.venv\Lib\site-packages\sqlalchemy\dialects\postgresql\asyncpg.py", line 912, in _terminate_graceful_close
    await self._connection.close(timeout=2)
  File "C:\Users\nmendoza\Documents\Visual_Works\Planificacion-Voluntarios\plani-app-back\plani-app-back\.venv\Lib\site-packages\asyncpg\connection.py", line 1513, in close
    await self._protocol.close(timeout)
  File "asyncpg/protocol/protocol.pyx", line 617, in close
  File "asyncpg/protocol/protocol.pyx", line 650, in asyncpg.protocol.protocol.BaseProtocol._request_cancel
  File "C:\Users\nmendoza\Documents\Visual_Works\Planificacion-Voluntarios\plani-app-back\plani-app-back\.venv\Lib\site-packages\asyncpg\connection.py", line 1682, in _cancel_current_command
    self._cancellations.add(self._loop.create_task(self._cancel(waiter)))
                            ~~~~~~~~~~~~~~~~~~~~~~^^^^^^^^^^^^^^^^^^^^^^
  File "C:\Users\nmendoza\AppData\Local\Python\pythoncore-3.14-64\Lib\asyncio\base_events.py", line 466, in create_task
    self._check_closed()
    ~~~~~~~~~~~~~~~~~~^^
  File "C:\Users\nmendoza\AppData\Local\Python\pythoncore-3.14-64\Lib\asyncio\base_events.py", line 550, in _check_closed
    raise RuntimeError('Event loop is closed')
RuntimeError: Event loop is closed
_____________ test_legacy_update_motivo_vacio_no_borra_existente ______________
..\..\..\..\..\AppData\Local\Python\pythoncore-3.14-64\Lib\asyncio\base_events.py:827: in call_soon
    self._check_closed()
..\..\..\..\..\AppData\Local\Python\pythoncore-3.14-64\Lib\asyncio\base_events.py:550: in _check_closed
    raise RuntimeError('Event loop is closed')
E   RuntimeError: Event loop is closed

During handling of the above exception, another exception occurred:
tests\test_legacy_update_extras.py:810: in test_legacy_update_motivo_vacio_no_borra_existente
    taller = await _pick_one_taller(db_session)
             ^^^^^^^^^^^^^^^^^^^^^^^^^^^^^^^^^^
tests\test_legacy_update_extras.py:98: in _pick_one_taller
    res = await db.execute(
.venv\Lib\site-packages\sqlalchemy\ext\asyncio\session.py:449: in execute
    result = await greenlet_spawn(
.venv\Lib\site-packages\sqlalchemy\util\_concurrency_py3k.py:201: in greenlet_spawn
    result = context.throw(*sys.exc_info())
             ^^^^^^^^^^^^^^^^^^^^^^^^^^^^^^
.venv\Lib\site-packages\sqlalchemy\orm\session.py:2351: in execute
    return self._execute_internal(
.venv\Lib\site-packages\sqlalchemy\orm\session.py:2239: in _execute_internal
    conn = self._connection_for_bind(bind)
           ^^^^^^^^^^^^^^^^^^^^^^^^^^^^^^^
.venv\Lib\site-packages\sqlalchemy\orm\session.py:2108: in _connection_for_bind
    return trans._connection_for_bind(engine, execution_options)
           ^^^^^^^^^^^^^^^^^^^^^^^^^^^^^^^^^^^^^^^^^^^^^^^^^^^^^
<string>:2: in _connection_for_bind
    ???
.venv\Lib\site-packages\sqlalchemy\orm\state_changes.py:137: in _go
    ret_value = fn(self, *arg, **kw)
                ^^^^^^^^^^^^^^^^^^^^
.venv\Lib\site-packages\sqlalchemy\orm\session.py:1187: in _connection_for_bind
    conn = bind.connect()
           ^^^^^^^^^^^^^^
.venv\Lib\site-packages\sqlalchemy\engine\base.py:3293: in connect
    return self._connection_cls(self)
           ^^^^^^^^^^^^^^^^^^^^^^^^^^
.venv\Lib\site-packages\sqlalchemy\engine\base.py:143: in __init__
    self._dbapi_connection = engine.raw_connection()
                             ^^^^^^^^^^^^^^^^^^^^^^^
.venv\Lib\site-packages\sqlalchemy\engine\base.py:3317: in raw_connection
    return self.pool.connect()
           ^^^^^^^^^^^^^^^^^^^
.venv\Lib\site-packages\sqlalchemy\pool\base.py:448: in connect
    return _ConnectionFairy._checkout(self)
           ^^^^^^^^^^^^^^^^^^^^^^^^^^^^^^^^
.venv\Lib\site-packages\sqlalchemy\pool\base.py:1371: in _checkout
    with util.safe_reraise():
         ^^^^^^^^^^^^^^^^^^^
.venv\Lib\site-packages\sqlalchemy\util\langhelpers.py:121: in __exit__
    raise exc_value.with_traceback(exc_tb)
.venv\Lib\site-packages\sqlalchemy\pool\base.py:1309: in _checkout
    result = pool._dialect._do_ping_w_event(
.venv\Lib\site-packages\sqlalchemy\engine\default.py:729: in _do_ping_w_event
    return self.do_ping(dbapi_connection)
           ^^^^^^^^^^^^^^^^^^^^^^^^^^^^^^
.venv\Lib\site-packages\sqlalchemy\dialects\postgresql\asyncpg.py:1160: in do_ping
    dbapi_connection.ping()
.venv\Lib\site-packages\sqlalchemy\dialects\postgresql\asyncpg.py:818: in ping
    self._handle_exception(error)
.venv\Lib\site-packages\sqlalchemy\dialects\postgresql\asyncpg.py:799: in _handle_exception
    raise error
.venv\Lib\site-packages\sqlalchemy\dialects\postgresql\asyncpg.py:816: in ping
    _ = self.await_(self._async_ping())
        ^^^^^^^^^^^^^^^^^^^^^^^^^^^^^^^
.venv\Lib\site-packages\sqlalchemy\util\_concurrency_py3k.py:132: in await_only
    return current.parent.switch(awaitable)  # type: ignore[no-any-return,attr-defined] # noqa: E501
           ^^^^^^^^^^^^^^^^^^^^^^^^^^^^^^^^
.venv\Lib\site-packages\sqlalchemy\util\_concurrency_py3k.py:196: in greenlet_spawn
    value = await result
            ^^^^^^^^^^^^
.venv\Lib\site-packages\sqlalchemy\dialects\postgresql\asyncpg.py:825: in _async_ping
    await tr.start()
.venv\Lib\site-packages\asyncpg\transaction.py:146: in start
    await self._connection.execute(query)
.venv\Lib\site-packages\asyncpg\connection.py:354: in execute
    result = await self._protocol.query(query, timeout)
             ^^^^^^^^^^^^^^^^^^^^^^^^^^^^^^^^^^^^^^^^^^
asyncpg/protocol/protocol.pyx:369: in query
    ???
asyncpg/protocol/protocol.pyx:362: in asyncpg.protocol.protocol.BaseProtocol.query
    ???
asyncpg/protocol/coreproto.pyx:1174: in asyncpg.protocol.protocol.CoreProtocol._simple_query
    ???
asyncpg/protocol/protocol.pyx:956: in asyncpg.protocol.protocol.BaseProtocol._write
    ???
..\..\..\..\..\AppData\Local\Python\pythoncore-3.14-64\Lib\asyncio\sslproto.py:222: in write
    self._ssl_protocol._write_appdata((data,))
..\..\..\..\..\AppData\Local\Python\pythoncore-3.14-64\Lib\asyncio\sslproto.py:700: in _write_appdata
    self._fatal_error(ex, 'Fatal error on SSL protocol')
..\..\..\..\..\AppData\Local\Python\pythoncore-3.14-64\Lib\asyncio\sslproto.py:918: in _fatal_error
    self._transport._force_close(exc)
..\..\..\..\..\AppData\Local\Python\pythoncore-3.14-64\Lib\asyncio\proactor_events.py:152: in _force_close
    self._loop.call_soon(self._call_connection_lost, exc)
..\..\..\..\..\AppData\Local\Python\pythoncore-3.14-64\Lib\asyncio\base_events.py:827: in call_soon
    self._check_closed()
..\..\..\..\..\AppData\Local\Python\pythoncore-3.14-64\Lib\asyncio\base_events.py:550: in _check_closed
    raise RuntimeError('Event loop is closed')
E   RuntimeError: Event loop is closed
------------------------------ Captured log call ------------------------------
ERROR    sqlalchemy.pool.impl.AsyncAdaptedQueuePool:base.py:377 Exception terminating connection <AdaptedConnection <asyncpg.connection.Connection object at 0x0000020EE156B5C0>>
Traceback (most recent call last):
  File "C:\Users\nmendoza\Documents\Visual_Works\Planificacion-Voluntarios\plani-app-back\plani-app-back\.venv\Lib\site-packages\sqlalchemy\pool\base.py", line 373, in _close_connection
    self._dialect.do_terminate(connection)
    ~~~~~~~~~~~~~~~~~~~~~~~~~~^^^^^^^^^^^^
  File "C:\Users\nmendoza\Documents\Visual_Works\Planificacion-Voluntarios\plani-app-back\plani-app-back\.venv\Lib\site-packages\sqlalchemy\dialects\postgresql\asyncpg.py", line 1127, in do_terminate
    dbapi_connection.terminate()
    ~~~~~~~~~~~~~~~~~~~~~~~~~~^^
  File "C:\Users\nmendoza\Documents\Visual_Works\Planificacion-Voluntarios\plani-app-back\plani-app-back\.venv\Lib\site-packages\sqlalchemy\connectors\asyncio.py", line 402, in terminate
    self.await_(asyncio.shield(self._terminate_graceful_close()))  # type: ignore[attr-defined] # noqa: E501
    ~~~~~~~~~~~^^^^^^^^^^^^^^^^^^^^^^^^^^^^^^^^^^^^^^^^^^^^^^^^^^
  File "C:\Users\nmendoza\Documents\Visual_Works\Planificacion-Voluntarios\plani-app-back\plani-app-back\.venv\Lib\site-packages\sqlalchemy\util\_concurrency_py3k.py", line 132, in await_only
    return current.parent.switch(awaitable)  # type: ignore[no-any-return,attr-defined] # noqa: E501
           ~~~~~~~~~~~~~~~~~~~~~^^^^^^^^^^^
  File "C:\Users\nmendoza\Documents\Visual_Works\Planificacion-Voluntarios\plani-app-back\plani-app-back\.venv\Lib\site-packages\sqlalchemy\util\_concurrency_py3k.py", line 196, in greenlet_spawn
    value = await result
            ^^^^^^^^^^^^
  File "C:\Users\nmendoza\Documents\Visual_Works\Planificacion-Voluntarios\plani-app-back\plani-app-back\.venv\Lib\site-packages\sqlalchemy\dialects\postgresql\asyncpg.py", line 912, in _terminate_graceful_close
    await self._connection.close(timeout=2)
  File "C:\Users\nmendoza\Documents\Visual_Works\Planificacion-Voluntarios\plani-app-back\plani-app-back\.venv\Lib\site-packages\asyncpg\connection.py", line 1513, in close
    await self._protocol.close(timeout)
  File "asyncpg/protocol/protocol.pyx", line 617, in close
  File "asyncpg/protocol/protocol.pyx", line 650, in asyncpg.protocol.protocol.BaseProtocol._request_cancel
  File "C:\Users\nmendoza\Documents\Visual_Works\Planificacion-Voluntarios\plani-app-back\plani-app-back\.venv\Lib\site-packages\asyncpg\connection.py", line 1682, in _cancel_current_command
    self._cancellations.add(self._loop.create_task(self._cancel(waiter)))
                            ~~~~~~~~~~~~~~~~~~~~~~^^^^^^^^^^^^^^^^^^^^^^
  File "C:\Users\nmendoza\AppData\Local\Python\pythoncore-3.14-64\Lib\asyncio\base_events.py", line 466, in create_task
    self._check_closed()
    ~~~~~~~~~~~~~~~~~~^^
  File "C:\Users\nmendoza\AppData\Local\Python\pythoncore-3.14-64\Lib\asyncio\base_events.py", line 550, in _check_closed
    raise RuntimeError('Event loop is closed')
RuntimeError: Event loop is closed
_________________ test_legacy_update_motivo_invalido_warning __________________
..\..\..\..\..\AppData\Local\Python\pythoncore-3.14-64\Lib\asyncio\base_events.py:827: in call_soon
    self._check_closed()
..\..\..\..\..\AppData\Local\Python\pythoncore-3.14-64\Lib\asyncio\base_events.py:550: in _check_closed
    raise RuntimeError('Event loop is closed')
E   RuntimeError: Event loop is closed

During handling of the above exception, another exception occurred:
tests\test_legacy_update_extras.py:856: in test_legacy_update_motivo_invalido_warning
    taller = await _pick_one_taller(db_session)
             ^^^^^^^^^^^^^^^^^^^^^^^^^^^^^^^^^^
tests\test_legacy_update_extras.py:98: in _pick_one_taller
    res = await db.execute(
.venv\Lib\site-packages\sqlalchemy\ext\asyncio\session.py:449: in execute
    result = await greenlet_spawn(
.venv\Lib\site-packages\sqlalchemy\util\_concurrency_py3k.py:201: in greenlet_spawn
    result = context.throw(*sys.exc_info())
             ^^^^^^^^^^^^^^^^^^^^^^^^^^^^^^
.venv\Lib\site-packages\sqlalchemy\orm\session.py:2351: in execute
    return self._execute_internal(
.venv\Lib\site-packages\sqlalchemy\orm\session.py:2239: in _execute_internal
    conn = self._connection_for_bind(bind)
           ^^^^^^^^^^^^^^^^^^^^^^^^^^^^^^^
.venv\Lib\site-packages\sqlalchemy\orm\session.py:2108: in _connection_for_bind
    return trans._connection_for_bind(engine, execution_options)
           ^^^^^^^^^^^^^^^^^^^^^^^^^^^^^^^^^^^^^^^^^^^^^^^^^^^^^
<string>:2: in _connection_for_bind
    ???
.venv\Lib\site-packages\sqlalchemy\orm\state_changes.py:137: in _go
    ret_value = fn(self, *arg, **kw)
                ^^^^^^^^^^^^^^^^^^^^
.venv\Lib\site-packages\sqlalchemy\orm\session.py:1187: in _connection_for_bind
    conn = bind.connect()
           ^^^^^^^^^^^^^^
.venv\Lib\site-packages\sqlalchemy\engine\base.py:3293: in connect
    return self._connection_cls(self)
           ^^^^^^^^^^^^^^^^^^^^^^^^^^
.venv\Lib\site-packages\sqlalchemy\engine\base.py:143: in __init__
    self._dbapi_connection = engine.raw_connection()
                             ^^^^^^^^^^^^^^^^^^^^^^^
.venv\Lib\site-packages\sqlalchemy\engine\base.py:3317: in raw_connection
    return self.pool.connect()
           ^^^^^^^^^^^^^^^^^^^
.venv\Lib\site-packages\sqlalchemy\pool\base.py:448: in connect
    return _ConnectionFairy._checkout(self)
           ^^^^^^^^^^^^^^^^^^^^^^^^^^^^^^^^
.venv\Lib\site-packages\sqlalchemy\pool\base.py:1371: in _checkout
    with util.safe_reraise():
         ^^^^^^^^^^^^^^^^^^^
.venv\Lib\site-packages\sqlalchemy\util\langhelpers.py:121: in __exit__
    raise exc_value.with_traceback(exc_tb)
.venv\Lib\site-packages\sqlalchemy\pool\base.py:1309: in _checkout
    result = pool._dialect._do_ping_w_event(
.venv\Lib\site-packages\sqlalchemy\engine\default.py:729: in _do_ping_w_event
    return self.do_ping(dbapi_connection)
           ^^^^^^^^^^^^^^^^^^^^^^^^^^^^^^
.venv\Lib\site-packages\sqlalchemy\dialects\postgresql\asyncpg.py:1160: in do_ping
    dbapi_connection.ping()
.venv\Lib\site-packages\sqlalchemy\dialects\postgresql\asyncpg.py:818: in ping
    self._handle_exception(error)
.venv\Lib\site-packages\sqlalchemy\dialects\postgresql\asyncpg.py:799: in _handle_exception
    raise error
.venv\Lib\site-packages\sqlalchemy\dialects\postgresql\asyncpg.py:816: in ping
    _ = self.await_(self._async_ping())
        ^^^^^^^^^^^^^^^^^^^^^^^^^^^^^^^
.venv\Lib\site-packages\sqlalchemy\util\_concurrency_py3k.py:132: in await_only
    return current.parent.switch(awaitable)  # type: ignore[no-any-return,attr-defined] # noqa: E501
           ^^^^^^^^^^^^^^^^^^^^^^^^^^^^^^^^
.venv\Lib\site-packages\sqlalchemy\util\_concurrency_py3k.py:196: in greenlet_spawn
    value = await result
            ^^^^^^^^^^^^
.venv\Lib\site-packages\sqlalchemy\dialects\postgresql\asyncpg.py:825: in _async_ping
    await tr.start()
.venv\Lib\site-packages\asyncpg\transaction.py:146: in start
    await self._connection.execute(query)
.venv\Lib\site-packages\asyncpg\connection.py:354: in execute
    result = await self._protocol.query(query, timeout)
             ^^^^^^^^^^^^^^^^^^^^^^^^^^^^^^^^^^^^^^^^^^
asyncpg/protocol/protocol.pyx:369: in query
    ???
asyncpg/protocol/protocol.pyx:362: in asyncpg.protocol.protocol.BaseProtocol.query
    ???
asyncpg/protocol/coreproto.pyx:1174: in asyncpg.protocol.protocol.CoreProtocol._simple_query
    ???
asyncpg/protocol/protocol.pyx:956: in asyncpg.protocol.protocol.BaseProtocol._write
    ???
..\..\..\..\..\AppData\Local\Python\pythoncore-3.14-64\Lib\asyncio\sslproto.py:222: in write
    self._ssl_protocol._write_appdata((data,))
..\..\..\..\..\AppData\Local\Python\pythoncore-3.14-64\Lib\asyncio\sslproto.py:700: in _write_appdata
    self._fatal_error(ex, 'Fatal error on SSL protocol')
..\..\..\..\..\AppData\Local\Python\pythoncore-3.14-64\Lib\asyncio\sslproto.py:918: in _fatal_error
    self._transport._force_close(exc)
..\..\..\..\..\AppData\Local\Python\pythoncore-3.14-64\Lib\asyncio\proactor_events.py:152: in _force_close
    self._loop.call_soon(self._call_connection_lost, exc)
..\..\..\..\..\AppData\Local\Python\pythoncore-3.14-64\Lib\asyncio\base_events.py:827: in call_soon
    self._check_closed()
..\..\..\..\..\AppData\Local\Python\pythoncore-3.14-64\Lib\asyncio\base_events.py:550: in _check_closed
    raise RuntimeError('Event loop is closed')
E   RuntimeError: Event loop is closed
------------------------------ Captured log call ------------------------------
ERROR    sqlalchemy.pool.impl.AsyncAdaptedQueuePool:base.py:377 Exception terminating connection <AdaptedConnection <asyncpg.connection.Connection object at 0x0000020EE12045F0>>
Traceback (most recent call last):
  File "C:\Users\nmendoza\Documents\Visual_Works\Planificacion-Voluntarios\plani-app-back\plani-app-back\.venv\Lib\site-packages\sqlalchemy\pool\base.py", line 373, in _close_connection
    self._dialect.do_terminate(connection)
    ~~~~~~~~~~~~~~~~~~~~~~~~~~^^^^^^^^^^^^
  File "C:\Users\nmendoza\Documents\Visual_Works\Planificacion-Voluntarios\plani-app-back\plani-app-back\.venv\Lib\site-packages\sqlalchemy\dialects\postgresql\asyncpg.py", line 1127, in do_terminate
    dbapi_connection.terminate()
    ~~~~~~~~~~~~~~~~~~~~~~~~~~^^
  File "C:\Users\nmendoza\Documents\Visual_Works\Planificacion-Voluntarios\plani-app-back\plani-app-back\.venv\Lib\site-packages\sqlalchemy\connectors\asyncio.py", line 402, in terminate
    self.await_(asyncio.shield(self._terminate_graceful_close()))  # type: ignore[attr-defined] # noqa: E501
    ~~~~~~~~~~~^^^^^^^^^^^^^^^^^^^^^^^^^^^^^^^^^^^^^^^^^^^^^^^^^^
  File "C:\Users\nmendoza\Documents\Visual_Works\Planificacion-Voluntarios\plani-app-back\plani-app-back\.venv\Lib\site-packages\sqlalchemy\util\_concurrency_py3k.py", line 132, in await_only
    return current.parent.switch(awaitable)  # type: ignore[no-any-return,attr-defined] # noqa: E501
           ~~~~~~~~~~~~~~~~~~~~~^^^^^^^^^^^
  File "C:\Users\nmendoza\Documents\Visual_Works\Planificacion-Voluntarios\plani-app-back\plani-app-back\.venv\Lib\site-packages\sqlalchemy\util\_concurrency_py3k.py", line 196, in greenlet_spawn
    value = await result
            ^^^^^^^^^^^^
  File "C:\Users\nmendoza\Documents\Visual_Works\Planificacion-Voluntarios\plani-app-back\plani-app-back\.venv\Lib\site-packages\sqlalchemy\dialects\postgresql\asyncpg.py", line 912, in _terminate_graceful_close
    await self._connection.close(timeout=2)
  File "C:\Users\nmendoza\Documents\Visual_Works\Planificacion-Voluntarios\plani-app-back\plani-app-back\.venv\Lib\site-packages\asyncpg\connection.py", line 1513, in close
    await self._protocol.close(timeout)
  File "asyncpg/protocol/protocol.pyx", line 617, in close
  File "asyncpg/protocol/protocol.pyx", line 650, in asyncpg.protocol.protocol.BaseProtocol._request_cancel
  File "C:\Users\nmendoza\Documents\Visual_Works\Planificacion-Voluntarios\plani-app-back\plani-app-back\.venv\Lib\site-packages\asyncpg\connection.py", line 1682, in _cancel_current_command
    self._cancellations.add(self._loop.create_task(self._cancel(waiter)))
                            ~~~~~~~~~~~~~~~~~~~~~~^^^^^^^^^^^^^^^^^^^^^^
  File "C:\Users\nmendoza\AppData\Local\Python\pythoncore-3.14-64\Lib\asyncio\base_events.py", line 466, in create_task
    self._check_closed()
    ~~~~~~~~~~~~~~~~~~^^
  File "C:\Users\nmendoza\AppData\Local\Python\pythoncore-3.14-64\Lib\asyncio\base_events.py", line 550, in _check_closed
    raise RuntimeError('Event loop is closed')
RuntimeError: Event loop is closed
_________ test_legacy_update_excel_sin_columna_motivo_compatibilidad __________
..\..\..\..\..\AppData\Local\Python\pythoncore-3.14-64\Lib\asyncio\base_events.py:827: in call_soon
    self._check_closed()
..\..\..\..\..\AppData\Local\Python\pythoncore-3.14-64\Lib\asyncio\base_events.py:550: in _check_closed
    raise RuntimeError('Event loop is closed')
E   RuntimeError: Event loop is closed

During handling of the above exception, another exception occurred:
tests\test_legacy_update_extras.py:905: in test_legacy_update_excel_sin_columna_motivo_compatibilidad
    taller = await _pick_one_taller(db_session)
             ^^^^^^^^^^^^^^^^^^^^^^^^^^^^^^^^^^
tests\test_legacy_update_extras.py:98: in _pick_one_taller
    res = await db.execute(
.venv\Lib\site-packages\sqlalchemy\ext\asyncio\session.py:449: in execute
    result = await greenlet_spawn(
.venv\Lib\site-packages\sqlalchemy\util\_concurrency_py3k.py:201: in greenlet_spawn
    result = context.throw(*sys.exc_info())
             ^^^^^^^^^^^^^^^^^^^^^^^^^^^^^^
.venv\Lib\site-packages\sqlalchemy\orm\session.py:2351: in execute
    return self._execute_internal(
.venv\Lib\site-packages\sqlalchemy\orm\session.py:2239: in _execute_internal
    conn = self._connection_for_bind(bind)
           ^^^^^^^^^^^^^^^^^^^^^^^^^^^^^^^
.venv\Lib\site-packages\sqlalchemy\orm\session.py:2108: in _connection_for_bind
    return trans._connection_for_bind(engine, execution_options)
           ^^^^^^^^^^^^^^^^^^^^^^^^^^^^^^^^^^^^^^^^^^^^^^^^^^^^^
<string>:2: in _connection_for_bind
    ???
.venv\Lib\site-packages\sqlalchemy\orm\state_changes.py:137: in _go
    ret_value = fn(self, *arg, **kw)
                ^^^^^^^^^^^^^^^^^^^^
.venv\Lib\site-packages\sqlalchemy\orm\session.py:1187: in _connection_for_bind
    conn = bind.connect()
           ^^^^^^^^^^^^^^
.venv\Lib\site-packages\sqlalchemy\engine\base.py:3293: in connect
    return self._connection_cls(self)
           ^^^^^^^^^^^^^^^^^^^^^^^^^^
.venv\Lib\site-packages\sqlalchemy\engine\base.py:143: in __init__
    self._dbapi_connection = engine.raw_connection()
                             ^^^^^^^^^^^^^^^^^^^^^^^
.venv\Lib\site-packages\sqlalchemy\engine\base.py:3317: in raw_connection
    return self.pool.connect()
           ^^^^^^^^^^^^^^^^^^^
.venv\Lib\site-packages\sqlalchemy\pool\base.py:448: in connect
    return _ConnectionFairy._checkout(self)
           ^^^^^^^^^^^^^^^^^^^^^^^^^^^^^^^^
.venv\Lib\site-packages\sqlalchemy\pool\base.py:1371: in _checkout
    with util.safe_reraise():
         ^^^^^^^^^^^^^^^^^^^
.venv\Lib\site-packages\sqlalchemy\util\langhelpers.py:121: in __exit__
    raise exc_value.with_traceback(exc_tb)
.venv\Lib\site-packages\sqlalchemy\pool\base.py:1309: in _checkout
    result = pool._dialect._do_ping_w_event(
.venv\Lib\site-packages\sqlalchemy\engine\default.py:729: in _do_ping_w_event
    return self.do_ping(dbapi_connection)
           ^^^^^^^^^^^^^^^^^^^^^^^^^^^^^^
.venv\Lib\site-packages\sqlalchemy\dialects\postgresql\asyncpg.py:1160: in do_ping
    dbapi_connection.ping()
.venv\Lib\site-packages\sqlalchemy\dialects\postgresql\asyncpg.py:818: in ping
    self._handle_exception(error)
.venv\Lib\site-packages\sqlalchemy\dialects\postgresql\asyncpg.py:799: in _handle_exception
    raise error
.venv\Lib\site-packages\sqlalchemy\dialects\postgresql\asyncpg.py:816: in ping
    _ = self.await_(self._async_ping())
        ^^^^^^^^^^^^^^^^^^^^^^^^^^^^^^^
.venv\Lib\site-packages\sqlalchemy\util\_concurrency_py3k.py:132: in await_only
    return current.parent.switch(awaitable)  # type: ignore[no-any-return,attr-defined] # noqa: E501
           ^^^^^^^^^^^^^^^^^^^^^^^^^^^^^^^^
.venv\Lib\site-packages\sqlalchemy\util\_concurrency_py3k.py:196: in greenlet_spawn
    value = await result
            ^^^^^^^^^^^^
.venv\Lib\site-packages\sqlalchemy\dialects\postgresql\asyncpg.py:825: in _async_ping
    await tr.start()
.venv\Lib\site-packages\asyncpg\transaction.py:146: in start
    await self._connection.execute(query)
.venv\Lib\site-packages\asyncpg\connection.py:354: in execute
    result = await self._protocol.query(query, timeout)
             ^^^^^^^^^^^^^^^^^^^^^^^^^^^^^^^^^^^^^^^^^^
asyncpg/protocol/protocol.pyx:369: in query
    ???
asyncpg/protocol/protocol.pyx:362: in asyncpg.protocol.protocol.BaseProtocol.query
    ???
asyncpg/protocol/coreproto.pyx:1174: in asyncpg.protocol.protocol.CoreProtocol._simple_query
    ???
asyncpg/protocol/protocol.pyx:956: in asyncpg.protocol.protocol.BaseProtocol._write
    ???
..\..\..\..\..\AppData\Local\Python\pythoncore-3.14-64\Lib\asyncio\sslproto.py:222: in write
    self._ssl_protocol._write_appdata((data,))
..\..\..\..\..\AppData\Local\Python\pythoncore-3.14-64\Lib\asyncio\sslproto.py:700: in _write_appdata
    self._fatal_error(ex, 'Fatal error on SSL protocol')
..\..\..\..\..\AppData\Local\Python\pythoncore-3.14-64\Lib\asyncio\sslproto.py:918: in _fatal_error
    self._transport._force_close(exc)
..\..\..\..\..\AppData\Local\Python\pythoncore-3.14-64\Lib\asyncio\proactor_events.py:152: in _force_close
    self._loop.call_soon(self._call_connection_lost, exc)
..\..\..\..\..\AppData\Local\Python\pythoncore-3.14-64\Lib\asyncio\base_events.py:827: in call_soon
    self._check_closed()
..\..\..\..\..\AppData\Local\Python\pythoncore-3.14-64\Lib\asyncio\base_events.py:550: in _check_closed
    raise RuntimeError('Event loop is closed')
E   RuntimeError: Event loop is closed
------------------------------ Captured log call ------------------------------
ERROR    sqlalchemy.pool.impl.AsyncAdaptedQueuePool:base.py:377 Exception terminating connection <AdaptedConnection <asyncpg.connection.Connection object at 0x0000020EE0CF09B0>>
Traceback (most recent call last):
  File "C:\Users\nmendoza\Documents\Visual_Works\Planificacion-Voluntarios\plani-app-back\plani-app-back\.venv\Lib\site-packages\sqlalchemy\pool\base.py", line 373, in _close_connection
    self._dialect.do_terminate(connection)
    ~~~~~~~~~~~~~~~~~~~~~~~~~~^^^^^^^^^^^^
  File "C:\Users\nmendoza\Documents\Visual_Works\Planificacion-Voluntarios\plani-app-back\plani-app-back\.venv\Lib\site-packages\sqlalchemy\dialects\postgresql\asyncpg.py", line 1127, in do_terminate
    dbapi_connection.terminate()
    ~~~~~~~~~~~~~~~~~~~~~~~~~~^^
  File "C:\Users\nmendoza\Documents\Visual_Works\Planificacion-Voluntarios\plani-app-back\plani-app-back\.venv\Lib\site-packages\sqlalchemy\connectors\asyncio.py", line 402, in terminate
    self.await_(asyncio.shield(self._terminate_graceful_close()))  # type: ignore[attr-defined] # noqa: E501
    ~~~~~~~~~~~^^^^^^^^^^^^^^^^^^^^^^^^^^^^^^^^^^^^^^^^^^^^^^^^^^
  File "C:\Users\nmendoza\Documents\Visual_Works\Planificacion-Voluntarios\plani-app-back\plani-app-back\.venv\Lib\site-packages\sqlalchemy\util\_concurrency_py3k.py", line 132, in await_only
    return current.parent.switch(awaitable)  # type: ignore[no-any-return,attr-defined] # noqa: E501
           ~~~~~~~~~~~~~~~~~~~~~^^^^^^^^^^^
  File "C:\Users\nmendoza\Documents\Visual_Works\Planificacion-Voluntarios\plani-app-back\plani-app-back\.venv\Lib\site-packages\sqlalchemy\util\_concurrency_py3k.py", line 196, in greenlet_spawn
    value = await result
            ^^^^^^^^^^^^
  File "C:\Users\nmendoza\Documents\Visual_Works\Planificacion-Voluntarios\plani-app-back\plani-app-back\.venv\Lib\site-packages\sqlalchemy\dialects\postgresql\asyncpg.py", line 912, in _terminate_graceful_close
    await self._connection.close(timeout=2)
  File "C:\Users\nmendoza\Documents\Visual_Works\Planificacion-Voluntarios\plani-app-back\plani-app-back\.venv\Lib\site-packages\asyncpg\connection.py", line 1513, in close
    await self._protocol.close(timeout)
  File "asyncpg/protocol/protocol.pyx", line 617, in close
  File "asyncpg/protocol/protocol.pyx", line 650, in asyncpg.protocol.protocol.BaseProtocol._request_cancel
  File "C:\Users\nmendoza\Documents\Visual_Works\Planificacion-Voluntarios\plani-app-back\plani-app-back\.venv\Lib\site-packages\asyncpg\connection.py", line 1682, in _cancel_current_command
    self._cancellations.add(self._loop.create_task(self._cancel(waiter)))
                            ~~~~~~~~~~~~~~~~~~~~~~^^^^^^^^^^^^^^^^^^^^^^
  File "C:\Users\nmendoza\AppData\Local\Python\pythoncore-3.14-64\Lib\asyncio\base_events.py", line 466, in create_task
    self._check_closed()
    ~~~~~~~~~~~~~~~~~~^^
  File "C:\Users\nmendoza\AppData\Local\Python\pythoncore-3.14-64\Lib\asyncio\base_events.py", line 550, in _check_closed
    raise RuntimeError('Event loop is closed')
RuntimeError: Event loop is closed
_________________________ test_actualizar_slot_estado _________________________
..\..\..\..\..\AppData\Local\Python\pythoncore-3.14-64\Lib\asyncio\base_events.py:827: in call_soon
    self._check_closed()
..\..\..\..\..\AppData\Local\Python\pythoncore-3.14-64\Lib\asyncio\base_events.py:550: in _check_closed
    raise RuntimeError('Event loop is closed')
E   RuntimeError: Event loop is closed

During handling of the above exception, another exception occurred:
tests\test_operacion.py:14: in test_actualizar_slot_estado
    await setup_test_config_trimestral(db_session, TEST_TRIMESTRE)
tests\conftest.py:170: in setup_test_config_trimestral
    result = await db.execute(
.venv\Lib\site-packages\sqlalchemy\ext\asyncio\session.py:449: in execute
    result = await greenlet_spawn(
.venv\Lib\site-packages\sqlalchemy\util\_concurrency_py3k.py:201: in greenlet_spawn
    result = context.throw(*sys.exc_info())
             ^^^^^^^^^^^^^^^^^^^^^^^^^^^^^^
.venv\Lib\site-packages\sqlalchemy\orm\session.py:2351: in execute
    return self._execute_internal(
.venv\Lib\site-packages\sqlalchemy\orm\session.py:2239: in _execute_internal
    conn = self._connection_for_bind(bind)
           ^^^^^^^^^^^^^^^^^^^^^^^^^^^^^^^
.venv\Lib\site-packages\sqlalchemy\orm\session.py:2108: in _connection_for_bind
    return trans._connection_for_bind(engine, execution_options)
           ^^^^^^^^^^^^^^^^^^^^^^^^^^^^^^^^^^^^^^^^^^^^^^^^^^^^^
<string>:2: in _connection_for_bind
    ???
.venv\Lib\site-packages\sqlalchemy\orm\state_changes.py:137: in _go
    ret_value = fn(self, *arg, **kw)
                ^^^^^^^^^^^^^^^^^^^^
.venv\Lib\site-packages\sqlalchemy\orm\session.py:1187: in _connection_for_bind
    conn = bind.connect()
           ^^^^^^^^^^^^^^
.venv\Lib\site-packages\sqlalchemy\engine\base.py:3293: in connect
    return self._connection_cls(self)
           ^^^^^^^^^^^^^^^^^^^^^^^^^^
.venv\Lib\site-packages\sqlalchemy\engine\base.py:143: in __init__
    self._dbapi_connection = engine.raw_connection()
                             ^^^^^^^^^^^^^^^^^^^^^^^
.venv\Lib\site-packages\sqlalchemy\engine\base.py:3317: in raw_connection
    return self.pool.connect()
           ^^^^^^^^^^^^^^^^^^^
.venv\Lib\site-packages\sqlalchemy\pool\base.py:448: in connect
    return _ConnectionFairy._checkout(self)
           ^^^^^^^^^^^^^^^^^^^^^^^^^^^^^^^^
.venv\Lib\site-packages\sqlalchemy\pool\base.py:1371: in _checkout
    with util.safe_reraise():
         ^^^^^^^^^^^^^^^^^^^
.venv\Lib\site-packages\sqlalchemy\util\langhelpers.py:121: in __exit__
    raise exc_value.with_traceback(exc_tb)
.venv\Lib\site-packages\sqlalchemy\pool\base.py:1309: in _checkout
    result = pool._dialect._do_ping_w_event(
.venv\Lib\site-packages\sqlalchemy\engine\default.py:729: in _do_ping_w_event
    return self.do_ping(dbapi_connection)
           ^^^^^^^^^^^^^^^^^^^^^^^^^^^^^^
.venv\Lib\site-packages\sqlalchemy\dialects\postgresql\asyncpg.py:1160: in do_ping
    dbapi_connection.ping()
.venv\Lib\site-packages\sqlalchemy\dialects\postgresql\asyncpg.py:818: in ping
    self._handle_exception(error)
.venv\Lib\site-packages\sqlalchemy\dialects\postgresql\asyncpg.py:799: in _handle_exception
    raise error
.venv\Lib\site-packages\sqlalchemy\dialects\postgresql\asyncpg.py:816: in ping
    _ = self.await_(self._async_ping())
        ^^^^^^^^^^^^^^^^^^^^^^^^^^^^^^^
.venv\Lib\site-packages\sqlalchemy\util\_concurrency_py3k.py:132: in await_only
    return current.parent.switch(awaitable)  # type: ignore[no-any-return,attr-defined] # noqa: E501
           ^^^^^^^^^^^^^^^^^^^^^^^^^^^^^^^^
.venv\Lib\site-packages\sqlalchemy\util\_concurrency_py3k.py:196: in greenlet_spawn
    value = await result
            ^^^^^^^^^^^^
.venv\Lib\site-packages\sqlalchemy\dialects\postgresql\asyncpg.py:825: in _async_ping
    await tr.start()
.venv\Lib\site-packages\asyncpg\transaction.py:146: in start
    await self._connection.execute(query)
.venv\Lib\site-packages\asyncpg\connection.py:354: in execute
    result = await self._protocol.query(query, timeout)
             ^^^^^^^^^^^^^^^^^^^^^^^^^^^^^^^^^^^^^^^^^^
asyncpg/protocol/protocol.pyx:369: in query
    ???
asyncpg/protocol/protocol.pyx:362: in asyncpg.protocol.protocol.BaseProtocol.query
    ???
asyncpg/protocol/coreproto.pyx:1174: in asyncpg.protocol.protocol.CoreProtocol._simple_query
    ???
asyncpg/protocol/protocol.pyx:956: in asyncpg.protocol.protocol.BaseProtocol._write
    ???
..\..\..\..\..\AppData\Local\Python\pythoncore-3.14-64\Lib\asyncio\sslproto.py:222: in write
    self._ssl_protocol._write_appdata((data,))
..\..\..\..\..\AppData\Local\Python\pythoncore-3.14-64\Lib\asyncio\sslproto.py:700: in _write_appdata
    self._fatal_error(ex, 'Fatal error on SSL protocol')
..\..\..\..\..\AppData\Local\Python\pythoncore-3.14-64\Lib\asyncio\sslproto.py:918: in _fatal_error
    self._transport._force_close(exc)
..\..\..\..\..\AppData\Local\Python\pythoncore-3.14-64\Lib\asyncio\proactor_events.py:152: in _force_close
    self._loop.call_soon(self._call_connection_lost, exc)
..\..\..\..\..\AppData\Local\Python\pythoncore-3.14-64\Lib\asyncio\base_events.py:827: in call_soon
    self._check_closed()
..\..\..\..\..\AppData\Local\Python\pythoncore-3.14-64\Lib\asyncio\base_events.py:550: in _check_closed
    raise RuntimeError('Event loop is closed')
E   RuntimeError: Event loop is closed
------------------------------ Captured log call ------------------------------
ERROR    sqlalchemy.pool.impl.AsyncAdaptedQueuePool:base.py:377 Exception terminating connection <AdaptedConnection <asyncpg.connection.Connection object at 0x0000020EE15A54F0>>
Traceback (most recent call last):
  File "C:\Users\nmendoza\Documents\Visual_Works\Planificacion-Voluntarios\plani-app-back\plani-app-back\.venv\Lib\site-packages\sqlalchemy\pool\base.py", line 373, in _close_connection
    self._dialect.do_terminate(connection)
    ~~~~~~~~~~~~~~~~~~~~~~~~~~^^^^^^^^^^^^
  File "C:\Users\nmendoza\Documents\Visual_Works\Planificacion-Voluntarios\plani-app-back\plani-app-back\.venv\Lib\site-packages\sqlalchemy\dialects\postgresql\asyncpg.py", line 1127, in do_terminate
    dbapi_connection.terminate()
    ~~~~~~~~~~~~~~~~~~~~~~~~~~^^
  File "C:\Users\nmendoza\Documents\Visual_Works\Planificacion-Voluntarios\plani-app-back\plani-app-back\.venv\Lib\site-packages\sqlalchemy\connectors\asyncio.py", line 402, in terminate
    self.await_(asyncio.shield(self._terminate_graceful_close()))  # type: ignore[attr-defined] # noqa: E501
    ~~~~~~~~~~~^^^^^^^^^^^^^^^^^^^^^^^^^^^^^^^^^^^^^^^^^^^^^^^^^^
  File "C:\Users\nmendoza\Documents\Visual_Works\Planificacion-Voluntarios\plani-app-back\plani-app-back\.venv\Lib\site-packages\sqlalchemy\util\_concurrency_py3k.py", line 132, in await_only
    return current.parent.switch(awaitable)  # type: ignore[no-any-return,attr-defined] # noqa: E501
           ~~~~~~~~~~~~~~~~~~~~~^^^^^^^^^^^
  File "C:\Users\nmendoza\Documents\Visual_Works\Planificacion-Voluntarios\plani-app-back\plani-app-back\.venv\Lib\site-packages\sqlalchemy\util\_concurrency_py3k.py", line 196, in greenlet_spawn
    value = await result
            ^^^^^^^^^^^^
  File "C:\Users\nmendoza\Documents\Visual_Works\Planificacion-Voluntarios\plani-app-back\plani-app-back\.venv\Lib\site-packages\sqlalchemy\dialects\postgresql\asyncpg.py", line 912, in _terminate_graceful_close
    await self._connection.close(timeout=2)
  File "C:\Users\nmendoza\Documents\Visual_Works\Planificacion-Voluntarios\plani-app-back\plani-app-back\.venv\Lib\site-packages\asyncpg\connection.py", line 1513, in close
    await self._protocol.close(timeout)
  File "asyncpg/protocol/protocol.pyx", line 617, in close
  File "asyncpg/protocol/protocol.pyx", line 650, in asyncpg.protocol.protocol.BaseProtocol._request_cancel
  File "C:\Users\nmendoza\Documents\Visual_Works\Planificacion-Voluntarios\plani-app-back\plani-app-back\.venv\Lib\site-packages\asyncpg\connection.py", line 1682, in _cancel_current_command
    self._cancellations.add(self._loop.create_task(self._cancel(waiter)))
                            ~~~~~~~~~~~~~~~~~~~~~~^^^^^^^^^^^^^^^^^^^^^^
  File "C:\Users\nmendoza\AppData\Local\Python\pythoncore-3.14-64\Lib\asyncio\base_events.py", line 466, in create_task
    self._check_closed()
    ~~~~~~~~~~~~~~~~~~^^
  File "C:\Users\nmendoza\AppData\Local\Python\pythoncore-3.14-64\Lib\asyncio\base_events.py", line 550, in _check_closed
    raise RuntimeError('Event loop is closed')
RuntimeError: Event loop is closed
____________________ test_actualizar_slot_confirmado_to_ok ____________________
..\..\..\..\..\AppData\Local\Python\pythoncore-3.14-64\Lib\asyncio\base_events.py:827: in call_soon
    self._check_closed()
..\..\..\..\..\AppData\Local\Python\pythoncore-3.14-64\Lib\asyncio\base_events.py:550: in _check_closed
    raise RuntimeError('Event loop is closed')
E   RuntimeError: Event loop is closed

During handling of the above exception, another exception occurred:
tests\test_operacion.py:45: in test_actualizar_slot_confirmado_to_ok
    await setup_test_config_trimestral(db_session, TEST_TRIMESTRE)
tests\conftest.py:170: in setup_test_config_trimestral
    result = await db.execute(
.venv\Lib\site-packages\sqlalchemy\ext\asyncio\session.py:449: in execute
    result = await greenlet_spawn(
.venv\Lib\site-packages\sqlalchemy\util\_concurrency_py3k.py:201: in greenlet_spawn
    result = context.throw(*sys.exc_info())
             ^^^^^^^^^^^^^^^^^^^^^^^^^^^^^^
.venv\Lib\site-packages\sqlalchemy\orm\session.py:2351: in execute
    return self._execute_internal(
.venv\Lib\site-packages\sqlalchemy\orm\session.py:2239: in _execute_internal
    conn = self._connection_for_bind(bind)
           ^^^^^^^^^^^^^^^^^^^^^^^^^^^^^^^
.venv\Lib\site-packages\sqlalchemy\orm\session.py:2108: in _connection_for_bind
    return trans._connection_for_bind(engine, execution_options)
           ^^^^^^^^^^^^^^^^^^^^^^^^^^^^^^^^^^^^^^^^^^^^^^^^^^^^^
<string>:2: in _connection_for_bind
    ???
.venv\Lib\site-packages\sqlalchemy\orm\state_changes.py:137: in _go
    ret_value = fn(self, *arg, **kw)
                ^^^^^^^^^^^^^^^^^^^^
.venv\Lib\site-packages\sqlalchemy\orm\session.py:1187: in _connection_for_bind
    conn = bind.connect()
           ^^^^^^^^^^^^^^
.venv\Lib\site-packages\sqlalchemy\engine\base.py:3293: in connect
    return self._connection_cls(self)
           ^^^^^^^^^^^^^^^^^^^^^^^^^^
.venv\Lib\site-packages\sqlalchemy\engine\base.py:143: in __init__
    self._dbapi_connection = engine.raw_connection()
                             ^^^^^^^^^^^^^^^^^^^^^^^
.venv\Lib\site-packages\sqlalchemy\engine\base.py:3317: in raw_connection
    return self.pool.connect()
           ^^^^^^^^^^^^^^^^^^^
.venv\Lib\site-packages\sqlalchemy\pool\base.py:448: in connect
    return _ConnectionFairy._checkout(self)
           ^^^^^^^^^^^^^^^^^^^^^^^^^^^^^^^^
.venv\Lib\site-packages\sqlalchemy\pool\base.py:1371: in _checkout
    with util.safe_reraise():
         ^^^^^^^^^^^^^^^^^^^
.venv\Lib\site-packages\sqlalchemy\util\langhelpers.py:121: in __exit__
    raise exc_value.with_traceback(exc_tb)
.venv\Lib\site-packages\sqlalchemy\pool\base.py:1309: in _checkout
    result = pool._dialect._do_ping_w_event(
.venv\Lib\site-packages\sqlalchemy\engine\default.py:729: in _do_ping_w_event
    return self.do_ping(dbapi_connection)
           ^^^^^^^^^^^^^^^^^^^^^^^^^^^^^^
.venv\Lib\site-packages\sqlalchemy\dialects\postgresql\asyncpg.py:1160: in do_ping
    dbapi_connection.ping()
.venv\Lib\site-packages\sqlalchemy\dialects\postgresql\asyncpg.py:818: in ping
    self._handle_exception(error)
.venv\Lib\site-packages\sqlalchemy\dialects\postgresql\asyncpg.py:799: in _handle_exception
    raise error
.venv\Lib\site-packages\sqlalchemy\dialects\postgresql\asyncpg.py:816: in ping
    _ = self.await_(self._async_ping())
        ^^^^^^^^^^^^^^^^^^^^^^^^^^^^^^^
.venv\Lib\site-packages\sqlalchemy\util\_concurrency_py3k.py:132: in await_only
    return current.parent.switch(awaitable)  # type: ignore[no-any-return,attr-defined] # noqa: E501
           ^^^^^^^^^^^^^^^^^^^^^^^^^^^^^^^^
.venv\Lib\site-packages\sqlalchemy\util\_concurrency_py3k.py:196: in greenlet_spawn
    value = await result
            ^^^^^^^^^^^^
.venv\Lib\site-packages\sqlalchemy\dialects\postgresql\asyncpg.py:825: in _async_ping
    await tr.start()
.venv\Lib\site-packages\asyncpg\transaction.py:146: in start
    await self._connection.execute(query)
.venv\Lib\site-packages\asyncpg\connection.py:354: in execute
    result = await self._protocol.query(query, timeout)
             ^^^^^^^^^^^^^^^^^^^^^^^^^^^^^^^^^^^^^^^^^^
asyncpg/protocol/protocol.pyx:369: in query
    ???
asyncpg/protocol/protocol.pyx:362: in asyncpg.protocol.protocol.BaseProtocol.query
    ???
asyncpg/protocol/coreproto.pyx:1174: in asyncpg.protocol.protocol.CoreProtocol._simple_query
    ???
asyncpg/protocol/protocol.pyx:956: in asyncpg.protocol.protocol.BaseProtocol._write
    ???
..\..\..\..\..\AppData\Local\Python\pythoncore-3.14-64\Lib\asyncio\sslproto.py:222: in write
    self._ssl_protocol._write_appdata((data,))
..\..\..\..\..\AppData\Local\Python\pythoncore-3.14-64\Lib\asyncio\sslproto.py:700: in _write_appdata
    self._fatal_error(ex, 'Fatal error on SSL protocol')
..\..\..\..\..\AppData\Local\Python\pythoncore-3.14-64\Lib\asyncio\sslproto.py:918: in _fatal_error
    self._transport._force_close(exc)
..\..\..\..\..\AppData\Local\Python\pythoncore-3.14-64\Lib\asyncio\proactor_events.py:152: in _force_close
    self._loop.call_soon(self._call_connection_lost, exc)
..\..\..\..\..\AppData\Local\Python\pythoncore-3.14-64\Lib\asyncio\base_events.py:827: in call_soon
    self._check_closed()
..\..\..\..\..\AppData\Local\Python\pythoncore-3.14-64\Lib\asyncio\base_events.py:550: in _check_closed
    raise RuntimeError('Event loop is closed')
E   RuntimeError: Event loop is closed
------------------------------ Captured log call ------------------------------
ERROR    sqlalchemy.pool.impl.AsyncAdaptedQueuePool:base.py:377 Exception terminating connection <AdaptedConnection <asyncpg.connection.Connection object at 0x0000020EE15A5130>>
Traceback (most recent call last):
  File "C:\Users\nmendoza\Documents\Visual_Works\Planificacion-Voluntarios\plani-app-back\plani-app-back\.venv\Lib\site-packages\sqlalchemy\pool\base.py", line 373, in _close_connection
    self._dialect.do_terminate(connection)
    ~~~~~~~~~~~~~~~~~~~~~~~~~~^^^^^^^^^^^^
  File "C:\Users\nmendoza\Documents\Visual_Works\Planificacion-Voluntarios\plani-app-back\plani-app-back\.venv\Lib\site-packages\sqlalchemy\dialects\postgresql\asyncpg.py", line 1127, in do_terminate
    dbapi_connection.terminate()
    ~~~~~~~~~~~~~~~~~~~~~~~~~~^^
  File "C:\Users\nmendoza\Documents\Visual_Works\Planificacion-Voluntarios\plani-app-back\plani-app-back\.venv\Lib\site-packages\sqlalchemy\connectors\asyncio.py", line 402, in terminate
    self.await_(asyncio.shield(self._terminate_graceful_close()))  # type: ignore[attr-defined] # noqa: E501
    ~~~~~~~~~~~^^^^^^^^^^^^^^^^^^^^^^^^^^^^^^^^^^^^^^^^^^^^^^^^^^
  File "C:\Users\nmendoza\Documents\Visual_Works\Planificacion-Voluntarios\plani-app-back\plani-app-back\.venv\Lib\site-packages\sqlalchemy\util\_concurrency_py3k.py", line 132, in await_only
    return current.parent.switch(awaitable)  # type: ignore[no-any-return,attr-defined] # noqa: E501
           ~~~~~~~~~~~~~~~~~~~~~^^^^^^^^^^^
  File "C:\Users\nmendoza\Documents\Visual_Works\Planificacion-Voluntarios\plani-app-back\plani-app-back\.venv\Lib\site-packages\sqlalchemy\util\_concurrency_py3k.py", line 196, in greenlet_spawn
    value = await result
            ^^^^^^^^^^^^
  File "C:\Users\nmendoza\Documents\Visual_Works\Planificacion-Voluntarios\plani-app-back\plani-app-back\.venv\Lib\site-packages\sqlalchemy\dialects\postgresql\asyncpg.py", line 912, in _terminate_graceful_close
    await self._connection.close(timeout=2)
  File "C:\Users\nmendoza\Documents\Visual_Works\Planificacion-Voluntarios\plani-app-back\plani-app-back\.venv\Lib\site-packages\asyncpg\connection.py", line 1513, in close
    await self._protocol.close(timeout)
  File "asyncpg/protocol/protocol.pyx", line 617, in close
  File "asyncpg/protocol/protocol.pyx", line 650, in asyncpg.protocol.protocol.BaseProtocol._request_cancel
  File "C:\Users\nmendoza\Documents\Visual_Works\Planificacion-Voluntarios\plani-app-back\plani-app-back\.venv\Lib\site-packages\asyncpg\connection.py", line 1682, in _cancel_current_command
    self._cancellations.add(self._loop.create_task(self._cancel(waiter)))
                            ~~~~~~~~~~~~~~~~~~~~~~^^^^^^^^^^^^^^^^^^^^^^
  File "C:\Users\nmendoza\AppData\Local\Python\pythoncore-3.14-64\Lib\asyncio\base_events.py", line 466, in create_task
    self._check_closed()
    ~~~~~~~~~~~~~~~~~~^^
  File "C:\Users\nmendoza\AppData\Local\Python\pythoncore-3.14-64\Lib\asyncio\base_events.py", line 550, in _check_closed
    raise RuntimeError('Event loop is closed')
RuntimeError: Event loop is closed
_________________ test_actualizar_slot_vacante_assign_empresa _________________
..\..\..\..\..\AppData\Local\Python\pythoncore-3.14-64\Lib\asyncio\base_events.py:827: in call_soon
    self._check_closed()
..\..\..\..\..\AppData\Local\Python\pythoncore-3.14-64\Lib\asyncio\base_events.py:550: in _check_closed
    raise RuntimeError('Event loop is closed')
E   RuntimeError: Event loop is closed

During handling of the above exception, another exception occurred:
tests\test_operacion.py:73: in test_actualizar_slot_vacante_assign_empresa
    await setup_test_config_trimestral(db_session, TEST_TRIMESTRE)
tests\conftest.py:170: in setup_test_config_trimestral
    result = await db.execute(
.venv\Lib\site-packages\sqlalchemy\ext\asyncio\session.py:449: in execute
    result = await greenlet_spawn(
.venv\Lib\site-packages\sqlalchemy\util\_concurrency_py3k.py:201: in greenlet_spawn
    result = context.throw(*sys.exc_info())
             ^^^^^^^^^^^^^^^^^^^^^^^^^^^^^^
.venv\Lib\site-packages\sqlalchemy\orm\session.py:2351: in execute
    return self._execute_internal(
.venv\Lib\site-packages\sqlalchemy\orm\session.py:2239: in _execute_internal
    conn = self._connection_for_bind(bind)
           ^^^^^^^^^^^^^^^^^^^^^^^^^^^^^^^
.venv\Lib\site-packages\sqlalchemy\orm\session.py:2108: in _connection_for_bind
    return trans._connection_for_bind(engine, execution_options)
           ^^^^^^^^^^^^^^^^^^^^^^^^^^^^^^^^^^^^^^^^^^^^^^^^^^^^^
<string>:2: in _connection_for_bind
    ???
.venv\Lib\site-packages\sqlalchemy\orm\state_changes.py:137: in _go
    ret_value = fn(self, *arg, **kw)
                ^^^^^^^^^^^^^^^^^^^^
.venv\Lib\site-packages\sqlalchemy\orm\session.py:1187: in _connection_for_bind
    conn = bind.connect()
           ^^^^^^^^^^^^^^
.venv\Lib\site-packages\sqlalchemy\engine\base.py:3293: in connect
    return self._connection_cls(self)
           ^^^^^^^^^^^^^^^^^^^^^^^^^^
.venv\Lib\site-packages\sqlalchemy\engine\base.py:143: in __init__
    self._dbapi_connection = engine.raw_connection()
                             ^^^^^^^^^^^^^^^^^^^^^^^
.venv\Lib\site-packages\sqlalchemy\engine\base.py:3317: in raw_connection
    return self.pool.connect()
           ^^^^^^^^^^^^^^^^^^^
.venv\Lib\site-packages\sqlalchemy\pool\base.py:448: in connect
    return _ConnectionFairy._checkout(self)
           ^^^^^^^^^^^^^^^^^^^^^^^^^^^^^^^^
.venv\Lib\site-packages\sqlalchemy\pool\base.py:1371: in _checkout
    with util.safe_reraise():
         ^^^^^^^^^^^^^^^^^^^
.venv\Lib\site-packages\sqlalchemy\util\langhelpers.py:121: in __exit__
    raise exc_value.with_traceback(exc_tb)
.venv\Lib\site-packages\sqlalchemy\pool\base.py:1309: in _checkout
    result = pool._dialect._do_ping_w_event(
.venv\Lib\site-packages\sqlalchemy\engine\default.py:729: in _do_ping_w_event
    return self.do_ping(dbapi_connection)
           ^^^^^^^^^^^^^^^^^^^^^^^^^^^^^^
.venv\Lib\site-packages\sqlalchemy\dialects\postgresql\asyncpg.py:1160: in do_ping
    dbapi_connection.ping()
.venv\Lib\site-packages\sqlalchemy\dialects\postgresql\asyncpg.py:818: in ping
    self._handle_exception(error)
.venv\Lib\site-packages\sqlalchemy\dialects\postgresql\asyncpg.py:799: in _handle_exception
    raise error
.venv\Lib\site-packages\sqlalchemy\dialects\postgresql\asyncpg.py:816: in ping
    _ = self.await_(self._async_ping())
        ^^^^^^^^^^^^^^^^^^^^^^^^^^^^^^^
.venv\Lib\site-packages\sqlalchemy\util\_concurrency_py3k.py:132: in await_only
    return current.parent.switch(awaitable)  # type: ignore[no-any-return,attr-defined] # noqa: E501
           ^^^^^^^^^^^^^^^^^^^^^^^^^^^^^^^^
.venv\Lib\site-packages\sqlalchemy\util\_concurrency_py3k.py:196: in greenlet_spawn
    value = await result
            ^^^^^^^^^^^^
.venv\Lib\site-packages\sqlalchemy\dialects\postgresql\asyncpg.py:825: in _async_ping
    await tr.start()
.venv\Lib\site-packages\asyncpg\transaction.py:146: in start
    await self._connection.execute(query)
.venv\Lib\site-packages\asyncpg\connection.py:354: in execute
    result = await self._protocol.query(query, timeout)
             ^^^^^^^^^^^^^^^^^^^^^^^^^^^^^^^^^^^^^^^^^^
asyncpg/protocol/protocol.pyx:369: in query
    ???
asyncpg/protocol/protocol.pyx:362: in asyncpg.protocol.protocol.BaseProtocol.query
    ???
asyncpg/protocol/coreproto.pyx:1174: in asyncpg.protocol.protocol.CoreProtocol._simple_query
    ???
asyncpg/protocol/protocol.pyx:956: in asyncpg.protocol.protocol.BaseProtocol._write
    ???
..\..\..\..\..\AppData\Local\Python\pythoncore-3.14-64\Lib\asyncio\sslproto.py:222: in write
    self._ssl_protocol._write_appdata((data,))
..\..\..\..\..\AppData\Local\Python\pythoncore-3.14-64\Lib\asyncio\sslproto.py:700: in _write_appdata
    self._fatal_error(ex, 'Fatal error on SSL protocol')
..\..\..\..\..\AppData\Local\Python\pythoncore-3.14-64\Lib\asyncio\sslproto.py:918: in _fatal_error
    self._transport._force_close(exc)
..\..\..\..\..\AppData\Local\Python\pythoncore-3.14-64\Lib\asyncio\proactor_events.py:152: in _force_close
    self._loop.call_soon(self._call_connection_lost, exc)
..\..\..\..\..\AppData\Local\Python\pythoncore-3.14-64\Lib\asyncio\base_events.py:827: in call_soon
    self._check_closed()
..\..\..\..\..\AppData\Local\Python\pythoncore-3.14-64\Lib\asyncio\base_events.py:550: in _check_closed
    raise RuntimeError('Event loop is closed')
E   RuntimeError: Event loop is closed
------------------------------ Captured log call ------------------------------
ERROR    sqlalchemy.pool.impl.AsyncAdaptedQueuePool:base.py:377 Exception terminating connection <AdaptedConnection <asyncpg.connection.Connection object at 0x0000020EE1533D40>>
Traceback (most recent call last):
  File "C:\Users\nmendoza\Documents\Visual_Works\Planificacion-Voluntarios\plani-app-back\plani-app-back\.venv\Lib\site-packages\sqlalchemy\pool\base.py", line 373, in _close_connection
    self._dialect.do_terminate(connection)
    ~~~~~~~~~~~~~~~~~~~~~~~~~~^^^^^^^^^^^^
  File "C:\Users\nmendoza\Documents\Visual_Works\Planificacion-Voluntarios\plani-app-back\plani-app-back\.venv\Lib\site-packages\sqlalchemy\dialects\postgresql\asyncpg.py", line 1127, in do_terminate
    dbapi_connection.terminate()
    ~~~~~~~~~~~~~~~~~~~~~~~~~~^^
  File "C:\Users\nmendoza\Documents\Visual_Works\Planificacion-Voluntarios\plani-app-back\plani-app-back\.venv\Lib\site-packages\sqlalchemy\connectors\asyncio.py", line 402, in terminate
    self.await_(asyncio.shield(self._terminate_graceful_close()))  # type: ignore[attr-defined] # noqa: E501
    ~~~~~~~~~~~^^^^^^^^^^^^^^^^^^^^^^^^^^^^^^^^^^^^^^^^^^^^^^^^^^
  File "C:\Users\nmendoza\Documents\Visual_Works\Planificacion-Voluntarios\plani-app-back\plani-app-back\.venv\Lib\site-packages\sqlalchemy\util\_concurrency_py3k.py", line 132, in await_only
    return current.parent.switch(awaitable)  # type: ignore[no-any-return,attr-defined] # noqa: E501
           ~~~~~~~~~~~~~~~~~~~~~^^^^^^^^^^^
  File "C:\Users\nmendoza\Documents\Visual_Works\Planificacion-Voluntarios\plani-app-back\plani-app-back\.venv\Lib\site-packages\sqlalchemy\util\_concurrency_py3k.py", line 196, in greenlet_spawn
    value = await result
            ^^^^^^^^^^^^
  File "C:\Users\nmendoza\Documents\Visual_Works\Planificacion-Voluntarios\plani-app-back\plani-app-back\.venv\Lib\site-packages\sqlalchemy\dialects\postgresql\asyncpg.py", line 912, in _terminate_graceful_close
    await self._connection.close(timeout=2)
  File "C:\Users\nmendoza\Documents\Visual_Works\Planificacion-Voluntarios\plani-app-back\plani-app-back\.venv\Lib\site-packages\asyncpg\connection.py", line 1513, in close
    await self._protocol.close(timeout)
  File "asyncpg/protocol/protocol.pyx", line 617, in close
  File "asyncpg/protocol/protocol.pyx", line 650, in asyncpg.protocol.protocol.BaseProtocol._request_cancel
  File "C:\Users\nmendoza\Documents\Visual_Works\Planificacion-Voluntarios\plani-app-back\plani-app-back\.venv\Lib\site-packages\asyncpg\connection.py", line 1682, in _cancel_current_command
    self._cancellations.add(self._loop.create_task(self._cancel(waiter)))
                            ~~~~~~~~~~~~~~~~~~~~~~^^^^^^^^^^^^^^^^^^^^^^
  File "C:\Users\nmendoza\AppData\Local\Python\pythoncore-3.14-64\Lib\asyncio\base_events.py", line 466, in create_task
    self._check_closed()
    ~~~~~~~~~~~~~~~~~~^^
  File "C:\Users\nmendoza\AppData\Local\Python\pythoncore-3.14-64\Lib\asyncio\base_events.py", line 550, in _check_closed
    raise RuntimeError('Event loop is closed')
RuntimeError: Event loop is closed
___________________________ test_batch_update_slots ___________________________
..\..\..\..\..\AppData\Local\Python\pythoncore-3.14-64\Lib\asyncio\base_events.py:827: in call_soon
    self._check_closed()
..\..\..\..\..\AppData\Local\Python\pythoncore-3.14-64\Lib\asyncio\base_events.py:550: in _check_closed
    raise RuntimeError('Event loop is closed')
E   RuntimeError: Event loop is closed

During handling of the above exception, another exception occurred:
tests\test_operacion.py:105: in test_batch_update_slots
    await setup_test_config_trimestral(db_session, TEST_TRIMESTRE)
tests\conftest.py:170: in setup_test_config_trimestral
    result = await db.execute(
.venv\Lib\site-packages\sqlalchemy\ext\asyncio\session.py:449: in execute
    result = await greenlet_spawn(
.venv\Lib\site-packages\sqlalchemy\util\_concurrency_py3k.py:201: in greenlet_spawn
    result = context.throw(*sys.exc_info())
             ^^^^^^^^^^^^^^^^^^^^^^^^^^^^^^
.venv\Lib\site-packages\sqlalchemy\orm\session.py:2351: in execute
    return self._execute_internal(
.venv\Lib\site-packages\sqlalchemy\orm\session.py:2239: in _execute_internal
    conn = self._connection_for_bind(bind)
           ^^^^^^^^^^^^^^^^^^^^^^^^^^^^^^^
.venv\Lib\site-packages\sqlalchemy\orm\session.py:2108: in _connection_for_bind
    return trans._connection_for_bind(engine, execution_options)
           ^^^^^^^^^^^^^^^^^^^^^^^^^^^^^^^^^^^^^^^^^^^^^^^^^^^^^
<string>:2: in _connection_for_bind
    ???
.venv\Lib\site-packages\sqlalchemy\orm\state_changes.py:137: in _go
    ret_value = fn(self, *arg, **kw)
                ^^^^^^^^^^^^^^^^^^^^
.venv\Lib\site-packages\sqlalchemy\orm\session.py:1187: in _connection_for_bind
    conn = bind.connect()
           ^^^^^^^^^^^^^^
.venv\Lib\site-packages\sqlalchemy\engine\base.py:3293: in connect
    return self._connection_cls(self)
           ^^^^^^^^^^^^^^^^^^^^^^^^^^
.venv\Lib\site-packages\sqlalchemy\engine\base.py:143: in __init__
    self._dbapi_connection = engine.raw_connection()
                             ^^^^^^^^^^^^^^^^^^^^^^^
.venv\Lib\site-packages\sqlalchemy\engine\base.py:3317: in raw_connection
    return self.pool.connect()
           ^^^^^^^^^^^^^^^^^^^
.venv\Lib\site-packages\sqlalchemy\pool\base.py:448: in connect
    return _ConnectionFairy._checkout(self)
           ^^^^^^^^^^^^^^^^^^^^^^^^^^^^^^^^
.venv\Lib\site-packages\sqlalchemy\pool\base.py:1371: in _checkout
    with util.safe_reraise():
         ^^^^^^^^^^^^^^^^^^^
.venv\Lib\site-packages\sqlalchemy\util\langhelpers.py:121: in __exit__
    raise exc_value.with_traceback(exc_tb)
.venv\Lib\site-packages\sqlalchemy\pool\base.py:1309: in _checkout
    result = pool._dialect._do_ping_w_event(
.venv\Lib\site-packages\sqlalchemy\engine\default.py:729: in _do_ping_w_event
    return self.do_ping(dbapi_connection)
           ^^^^^^^^^^^^^^^^^^^^^^^^^^^^^^
.venv\Lib\site-packages\sqlalchemy\dialects\postgresql\asyncpg.py:1160: in do_ping
    dbapi_connection.ping()
.venv\Lib\site-packages\sqlalchemy\dialects\postgresql\asyncpg.py:818: in ping
    self._handle_exception(error)
.venv\Lib\site-packages\sqlalchemy\dialects\postgresql\asyncpg.py:799: in _handle_exception
    raise error
.venv\Lib\site-packages\sqlalchemy\dialects\postgresql\asyncpg.py:816: in ping
    _ = self.await_(self._async_ping())
        ^^^^^^^^^^^^^^^^^^^^^^^^^^^^^^^
.venv\Lib\site-packages\sqlalchemy\util\_concurrency_py3k.py:132: in await_only
    return current.parent.switch(awaitable)  # type: ignore[no-any-return,attr-defined] # noqa: E501
           ^^^^^^^^^^^^^^^^^^^^^^^^^^^^^^^^
.venv\Lib\site-packages\sqlalchemy\util\_concurrency_py3k.py:196: in greenlet_spawn
    value = await result
            ^^^^^^^^^^^^
.venv\Lib\site-packages\sqlalchemy\dialects\postgresql\asyncpg.py:825: in _async_ping
    await tr.start()
.venv\Lib\site-packages\asyncpg\transaction.py:146: in start
    await self._connection.execute(query)
.venv\Lib\site-packages\asyncpg\connection.py:354: in execute
    result = await self._protocol.query(query, timeout)
             ^^^^^^^^^^^^^^^^^^^^^^^^^^^^^^^^^^^^^^^^^^
asyncpg/protocol/protocol.pyx:369: in query
    ???
asyncpg/protocol/protocol.pyx:362: in asyncpg.protocol.protocol.BaseProtocol.query
    ???
asyncpg/protocol/coreproto.pyx:1174: in asyncpg.protocol.protocol.CoreProtocol._simple_query
    ???
asyncpg/protocol/protocol.pyx:956: in asyncpg.protocol.protocol.BaseProtocol._write
    ???
..\..\..\..\..\AppData\Local\Python\pythoncore-3.14-64\Lib\asyncio\sslproto.py:222: in write
    self._ssl_protocol._write_appdata((data,))
..\..\..\..\..\AppData\Local\Python\pythoncore-3.14-64\Lib\asyncio\sslproto.py:700: in _write_appdata
    self._fatal_error(ex, 'Fatal error on SSL protocol')
..\..\..\..\..\AppData\Local\Python\pythoncore-3.14-64\Lib\asyncio\sslproto.py:918: in _fatal_error
    self._transport._force_close(exc)
..\..\..\..\..\AppData\Local\Python\pythoncore-3.14-64\Lib\asyncio\proactor_events.py:152: in _force_close
    self._loop.call_soon(self._call_connection_lost, exc)
..\..\..\..\..\AppData\Local\Python\pythoncore-3.14-64\Lib\asyncio\base_events.py:827: in call_soon
    self._check_closed()
..\..\..\..\..\AppData\Local\Python\pythoncore-3.14-64\Lib\asyncio\base_events.py:550: in _check_closed
    raise RuntimeError('Event loop is closed')
E   RuntimeError: Event loop is closed
------------------------------ Captured log call ------------------------------
ERROR    sqlalchemy.pool.impl.AsyncAdaptedQueuePool:base.py:377 Exception terminating connection <AdaptedConnection <asyncpg.connection.Connection object at 0x0000020EE1204D70>>
Traceback (most recent call last):
  File "C:\Users\nmendoza\Documents\Visual_Works\Planificacion-Voluntarios\plani-app-back\plani-app-back\.venv\Lib\site-packages\sqlalchemy\pool\base.py", line 373, in _close_connection
    self._dialect.do_terminate(connection)
    ~~~~~~~~~~~~~~~~~~~~~~~~~~^^^^^^^^^^^^
  File "C:\Users\nmendoza\Documents\Visual_Works\Planificacion-Voluntarios\plani-app-back\plani-app-back\.venv\Lib\site-packages\sqlalchemy\dialects\postgresql\asyncpg.py", line 1127, in do_terminate
    dbapi_connection.terminate()
    ~~~~~~~~~~~~~~~~~~~~~~~~~~^^
  File "C:\Users\nmendoza\Documents\Visual_Works\Planificacion-Voluntarios\plani-app-back\plani-app-back\.venv\Lib\site-packages\sqlalchemy\connectors\asyncio.py", line 402, in terminate
    self.await_(asyncio.shield(self._terminate_graceful_close()))  # type: ignore[attr-defined] # noqa: E501
    ~~~~~~~~~~~^^^^^^^^^^^^^^^^^^^^^^^^^^^^^^^^^^^^^^^^^^^^^^^^^^
  File "C:\Users\nmendoza\Documents\Visual_Works\Planificacion-Voluntarios\plani-app-back\plani-app-back\.venv\Lib\site-packages\sqlalchemy\util\_concurrency_py3k.py", line 132, in await_only
    return current.parent.switch(awaitable)  # type: ignore[no-any-return,attr-defined] # noqa: E501
           ~~~~~~~~~~~~~~~~~~~~~^^^^^^^^^^^
  File "C:\Users\nmendoza\Documents\Visual_Works\Planificacion-Voluntarios\plani-app-back\plani-app-back\.venv\Lib\site-packages\sqlalchemy\util\_concurrency_py3k.py", line 196, in greenlet_spawn
    value = await result
            ^^^^^^^^^^^^
  File "C:\Users\nmendoza\Documents\Visual_Works\Planificacion-Voluntarios\plani-app-back\plani-app-back\.venv\Lib\site-packages\sqlalchemy\dialects\postgresql\asyncpg.py", line 912, in _terminate_graceful_close
    await self._connection.close(timeout=2)
  File "C:\Users\nmendoza\Documents\Visual_Works\Planificacion-Voluntarios\plani-app-back\plani-app-back\.venv\Lib\site-packages\asyncpg\connection.py", line 1513, in close
    await self._protocol.close(timeout)
  File "asyncpg/protocol/protocol.pyx", line 617, in close
  File "asyncpg/protocol/protocol.pyx", line 650, in asyncpg.protocol.protocol.BaseProtocol._request_cancel
  File "C:\Users\nmendoza\Documents\Visual_Works\Planificacion-Voluntarios\plani-app-back\plani-app-back\.venv\Lib\site-packages\asyncpg\connection.py", line 1682, in _cancel_current_command
    self._cancellations.add(self._loop.create_task(self._cancel(waiter)))
                            ~~~~~~~~~~~~~~~~~~~~~~^^^^^^^^^^^^^^^^^^^^^^
  File "C:\Users\nmendoza\AppData\Local\Python\pythoncore-3.14-64\Lib\asyncio\base_events.py", line 466, in create_task
    self._check_closed()
    ~~~~~~~~~~~~~~~~~~^^
  File "C:\Users\nmendoza\AppData\Local\Python\pythoncore-3.14-64\Lib\asyncio\base_events.py", line 550, in _check_closed
    raise RuntimeError('Event loop is closed')
RuntimeError: Event loop is closed
____________________________ test_obtener_resumen _____________________________
..\..\..\..\..\AppData\Local\Python\pythoncore-3.14-64\Lib\asyncio\base_events.py:827: in call_soon
    self._check_closed()
..\..\..\..\..\AppData\Local\Python\pythoncore-3.14-64\Lib\asyncio\base_events.py:550: in _check_closed
    raise RuntimeError('Event loop is closed')
E   RuntimeError: Event loop is closed

During handling of the above exception, another exception occurred:
tests\test_operacion.py:134: in test_obtener_resumen
    await setup_test_config_trimestral(db_session, TEST_TRIMESTRE)
tests\conftest.py:170: in setup_test_config_trimestral
    result = await db.execute(
.venv\Lib\site-packages\sqlalchemy\ext\asyncio\session.py:449: in execute
    result = await greenlet_spawn(
.venv\Lib\site-packages\sqlalchemy\util\_concurrency_py3k.py:201: in greenlet_spawn
    result = context.throw(*sys.exc_info())
             ^^^^^^^^^^^^^^^^^^^^^^^^^^^^^^
.venv\Lib\site-packages\sqlalchemy\orm\session.py:2351: in execute
    return self._execute_internal(
.venv\Lib\site-packages\sqlalchemy\orm\session.py:2239: in _execute_internal
    conn = self._connection_for_bind(bind)
           ^^^^^^^^^^^^^^^^^^^^^^^^^^^^^^^
.venv\Lib\site-packages\sqlalchemy\orm\session.py:2108: in _connection_for_bind
    return trans._connection_for_bind(engine, execution_options)
           ^^^^^^^^^^^^^^^^^^^^^^^^^^^^^^^^^^^^^^^^^^^^^^^^^^^^^
<string>:2: in _connection_for_bind
    ???
.venv\Lib\site-packages\sqlalchemy\orm\state_changes.py:137: in _go
    ret_value = fn(self, *arg, **kw)
                ^^^^^^^^^^^^^^^^^^^^
.venv\Lib\site-packages\sqlalchemy\orm\session.py:1187: in _connection_for_bind
    conn = bind.connect()
           ^^^^^^^^^^^^^^
.venv\Lib\site-packages\sqlalchemy\engine\base.py:3293: in connect
    return self._connection_cls(self)
           ^^^^^^^^^^^^^^^^^^^^^^^^^^
.venv\Lib\site-packages\sqlalchemy\engine\base.py:143: in __init__
    self._dbapi_connection = engine.raw_connection()
                             ^^^^^^^^^^^^^^^^^^^^^^^
.venv\Lib\site-packages\sqlalchemy\engine\base.py:3317: in raw_connection
    return self.pool.connect()
           ^^^^^^^^^^^^^^^^^^^
.venv\Lib\site-packages\sqlalchemy\pool\base.py:448: in connect
    return _ConnectionFairy._checkout(self)
           ^^^^^^^^^^^^^^^^^^^^^^^^^^^^^^^^
.venv\Lib\site-packages\sqlalchemy\pool\base.py:1371: in _checkout
    with util.safe_reraise():
         ^^^^^^^^^^^^^^^^^^^
.venv\Lib\site-packages\sqlalchemy\util\langhelpers.py:121: in __exit__
    raise exc_value.with_traceback(exc_tb)
.venv\Lib\site-packages\sqlalchemy\pool\base.py:1309: in _checkout
    result = pool._dialect._do_ping_w_event(
.venv\Lib\site-packages\sqlalchemy\engine\default.py:729: in _do_ping_w_event
    return self.do_ping(dbapi_connection)
           ^^^^^^^^^^^^^^^^^^^^^^^^^^^^^^
.venv\Lib\site-packages\sqlalchemy\dialects\postgresql\asyncpg.py:1160: in do_ping
    dbapi_connection.ping()
.venv\Lib\site-packages\sqlalchemy\dialects\postgresql\asyncpg.py:818: in ping
    self._handle_exception(error)
.venv\Lib\site-packages\sqlalchemy\dialects\postgresql\asyncpg.py:799: in _handle_exception
    raise error
.venv\Lib\site-packages\sqlalchemy\dialects\postgresql\asyncpg.py:816: in ping
    _ = self.await_(self._async_ping())
        ^^^^^^^^^^^^^^^^^^^^^^^^^^^^^^^
.venv\Lib\site-packages\sqlalchemy\util\_concurrency_py3k.py:132: in await_only
    return current.parent.switch(awaitable)  # type: ignore[no-any-return,attr-defined] # noqa: E501
           ^^^^^^^^^^^^^^^^^^^^^^^^^^^^^^^^
.venv\Lib\site-packages\sqlalchemy\util\_concurrency_py3k.py:196: in greenlet_spawn
    value = await result
            ^^^^^^^^^^^^
.venv\Lib\site-packages\sqlalchemy\dialects\postgresql\asyncpg.py:825: in _async_ping
    await tr.start()
.venv\Lib\site-packages\asyncpg\transaction.py:146: in start
    await self._connection.execute(query)
.venv\Lib\site-packages\asyncpg\connection.py:354: in execute
    result = await self._protocol.query(query, timeout)
             ^^^^^^^^^^^^^^^^^^^^^^^^^^^^^^^^^^^^^^^^^^
asyncpg/protocol/protocol.pyx:369: in query
    ???
asyncpg/protocol/protocol.pyx:362: in asyncpg.protocol.protocol.BaseProtocol.query
    ???
asyncpg/protocol/coreproto.pyx:1174: in asyncpg.protocol.protocol.CoreProtocol._simple_query
    ???
asyncpg/protocol/protocol.pyx:956: in asyncpg.protocol.protocol.BaseProtocol._write
    ???
..\..\..\..\..\AppData\Local\Python\pythoncore-3.14-64\Lib\asyncio\sslproto.py:222: in write
    self._ssl_protocol._write_appdata((data,))
..\..\..\..\..\AppData\Local\Python\pythoncore-3.14-64\Lib\asyncio\sslproto.py:700: in _write_appdata
    self._fatal_error(ex, 'Fatal error on SSL protocol')
..\..\..\..\..\AppData\Local\Python\pythoncore-3.14-64\Lib\asyncio\sslproto.py:918: in _fatal_error
    self._transport._force_close(exc)
..\..\..\..\..\AppData\Local\Python\pythoncore-3.14-64\Lib\asyncio\proactor_events.py:152: in _force_close
    self._loop.call_soon(self._call_connection_lost, exc)
..\..\..\..\..\AppData\Local\Python\pythoncore-3.14-64\Lib\asyncio\base_events.py:827: in call_soon
    self._check_closed()
..\..\..\..\..\AppData\Local\Python\pythoncore-3.14-64\Lib\asyncio\base_events.py:550: in _check_closed
    raise RuntimeError('Event loop is closed')
E   RuntimeError: Event loop is closed
------------------------------ Captured log call ------------------------------
ERROR    sqlalchemy.pool.impl.AsyncAdaptedQueuePool:base.py:377 Exception terminating connection <AdaptedConnection <asyncpg.connection.Connection object at 0x0000020EE156B6B0>>
Traceback (most recent call last):
  File "C:\Users\nmendoza\Documents\Visual_Works\Planificacion-Voluntarios\plani-app-back\plani-app-back\.venv\Lib\site-packages\sqlalchemy\pool\base.py", line 373, in _close_connection
    self._dialect.do_terminate(connection)
    ~~~~~~~~~~~~~~~~~~~~~~~~~~^^^^^^^^^^^^
  File "C:\Users\nmendoza\Documents\Visual_Works\Planificacion-Voluntarios\plani-app-back\plani-app-back\.venv\Lib\site-packages\sqlalchemy\dialects\postgresql\asyncpg.py", line 1127, in do_terminate
    dbapi_connection.terminate()
    ~~~~~~~~~~~~~~~~~~~~~~~~~~^^
  File "C:\Users\nmendoza\Documents\Visual_Works\Planificacion-Voluntarios\plani-app-back\plani-app-back\.venv\Lib\site-packages\sqlalchemy\connectors\asyncio.py", line 402, in terminate
    self.await_(asyncio.shield(self._terminate_graceful_close()))  # type: ignore[attr-defined] # noqa: E501
    ~~~~~~~~~~~^^^^^^^^^^^^^^^^^^^^^^^^^^^^^^^^^^^^^^^^^^^^^^^^^^
  File "C:\Users\nmendoza\Documents\Visual_Works\Planificacion-Voluntarios\plani-app-back\plani-app-back\.venv\Lib\site-packages\sqlalchemy\util\_concurrency_py3k.py", line 132, in await_only
    return current.parent.switch(awaitable)  # type: ignore[no-any-return,attr-defined] # noqa: E501
           ~~~~~~~~~~~~~~~~~~~~~^^^^^^^^^^^
  File "C:\Users\nmendoza\Documents\Visual_Works\Planificacion-Voluntarios\plani-app-back\plani-app-back\.venv\Lib\site-packages\sqlalchemy\util\_concurrency_py3k.py", line 196, in greenlet_spawn
    value = await result
            ^^^^^^^^^^^^
  File "C:\Users\nmendoza\Documents\Visual_Works\Planificacion-Voluntarios\plani-app-back\plani-app-back\.venv\Lib\site-packages\sqlalchemy\dialects\postgresql\asyncpg.py", line 912, in _terminate_graceful_close
    await self._connection.close(timeout=2)
  File "C:\Users\nmendoza\Documents\Visual_Works\Planificacion-Voluntarios\plani-app-back\plani-app-back\.venv\Lib\site-packages\asyncpg\connection.py", line 1513, in close
    await self._protocol.close(timeout)
  File "asyncpg/protocol/protocol.pyx", line 617, in close
  File "asyncpg/protocol/protocol.pyx", line 650, in asyncpg.protocol.protocol.BaseProtocol._request_cancel
  File "C:\Users\nmendoza\Documents\Visual_Works\Planificacion-Voluntarios\plani-app-back\plani-app-back\.venv\Lib\site-packages\asyncpg\connection.py", line 1682, in _cancel_current_command
    self._cancellations.add(self._loop.create_task(self._cancel(waiter)))
                            ~~~~~~~~~~~~~~~~~~~~~~^^^^^^^^^^^^^^^^^^^^^^
  File "C:\Users\nmendoza\AppData\Local\Python\pythoncore-3.14-64\Lib\asyncio\base_events.py", line 466, in create_task
    self._check_closed()
    ~~~~~~~~~~~~~~~~~~^^
  File "C:\Users\nmendoza\AppData\Local\Python\pythoncore-3.14-64\Lib\asyncio\base_events.py", line 550, in _check_closed
    raise RuntimeError('Event loop is closed')
RuntimeError: Event loop is closed
_________________________ test_importar_excel_dry_run _________________________
..\..\..\..\..\AppData\Local\Python\pythoncore-3.14-64\Lib\asyncio\base_events.py:827: in call_soon
    self._check_closed()
..\..\..\..\..\AppData\Local\Python\pythoncore-3.14-64\Lib\asyncio\base_events.py:550: in _check_closed
    raise RuntimeError('Event loop is closed')
E   RuntimeError: Event loop is closed

During handling of the above exception, another exception occurred:
tests\test_operacion.py:151: in test_importar_excel_dry_run
    await setup_test_config_trimestral(db_session, TEST_TRIMESTRE)
tests\conftest.py:170: in setup_test_config_trimestral
    result = await db.execute(
.venv\Lib\site-packages\sqlalchemy\ext\asyncio\session.py:449: in execute
    result = await greenlet_spawn(
.venv\Lib\site-packages\sqlalchemy\util\_concurrency_py3k.py:201: in greenlet_spawn
    result = context.throw(*sys.exc_info())
             ^^^^^^^^^^^^^^^^^^^^^^^^^^^^^^
.venv\Lib\site-packages\sqlalchemy\orm\session.py:2351: in execute
    return self._execute_internal(
.venv\Lib\site-packages\sqlalchemy\orm\session.py:2239: in _execute_internal
    conn = self._connection_for_bind(bind)
           ^^^^^^^^^^^^^^^^^^^^^^^^^^^^^^^
.venv\Lib\site-packages\sqlalchemy\orm\session.py:2108: in _connection_for_bind
    return trans._connection_for_bind(engine, execution_options)
           ^^^^^^^^^^^^^^^^^^^^^^^^^^^^^^^^^^^^^^^^^^^^^^^^^^^^^
<string>:2: in _connection_for_bind
    ???
.venv\Lib\site-packages\sqlalchemy\orm\state_changes.py:137: in _go
    ret_value = fn(self, *arg, **kw)
                ^^^^^^^^^^^^^^^^^^^^
.venv\Lib\site-packages\sqlalchemy\orm\session.py:1187: in _connection_for_bind
    conn = bind.connect()
           ^^^^^^^^^^^^^^
.venv\Lib\site-packages\sqlalchemy\engine\base.py:3293: in connect
    return self._connection_cls(self)
           ^^^^^^^^^^^^^^^^^^^^^^^^^^
.venv\Lib\site-packages\sqlalchemy\engine\base.py:143: in __init__
    self._dbapi_connection = engine.raw_connection()
                             ^^^^^^^^^^^^^^^^^^^^^^^
.venv\Lib\site-packages\sqlalchemy\engine\base.py:3317: in raw_connection
    return self.pool.connect()
           ^^^^^^^^^^^^^^^^^^^
.venv\Lib\site-packages\sqlalchemy\pool\base.py:448: in connect
    return _ConnectionFairy._checkout(self)
           ^^^^^^^^^^^^^^^^^^^^^^^^^^^^^^^^
.venv\Lib\site-packages\sqlalchemy\pool\base.py:1371: in _checkout
    with util.safe_reraise():
         ^^^^^^^^^^^^^^^^^^^
.venv\Lib\site-packages\sqlalchemy\util\langhelpers.py:121: in __exit__
    raise exc_value.with_traceback(exc_tb)
.venv\Lib\site-packages\sqlalchemy\pool\base.py:1309: in _checkout
    result = pool._dialect._do_ping_w_event(
.venv\Lib\site-packages\sqlalchemy\engine\default.py:729: in _do_ping_w_event
    return self.do_ping(dbapi_connection)
           ^^^^^^^^^^^^^^^^^^^^^^^^^^^^^^
.venv\Lib\site-packages\sqlalchemy\dialects\postgresql\asyncpg.py:1160: in do_ping
    dbapi_connection.ping()
.venv\Lib\site-packages\sqlalchemy\dialects\postgresql\asyncpg.py:818: in ping
    self._handle_exception(error)
.venv\Lib\site-packages\sqlalchemy\dialects\postgresql\asyncpg.py:799: in _handle_exception
    raise error
.venv\Lib\site-packages\sqlalchemy\dialects\postgresql\asyncpg.py:816: in ping
    _ = self.await_(self._async_ping())
        ^^^^^^^^^^^^^^^^^^^^^^^^^^^^^^^
.venv\Lib\site-packages\sqlalchemy\util\_concurrency_py3k.py:132: in await_only
    return current.parent.switch(awaitable)  # type: ignore[no-any-return,attr-defined] # noqa: E501
           ^^^^^^^^^^^^^^^^^^^^^^^^^^^^^^^^
.venv\Lib\site-packages\sqlalchemy\util\_concurrency_py3k.py:196: in greenlet_spawn
    value = await result
            ^^^^^^^^^^^^
.venv\Lib\site-packages\sqlalchemy\dialects\postgresql\asyncpg.py:825: in _async_ping
    await tr.start()
.venv\Lib\site-packages\asyncpg\transaction.py:146: in start
    await self._connection.execute(query)
.venv\Lib\site-packages\asyncpg\connection.py:354: in execute
    result = await self._protocol.query(query, timeout)
             ^^^^^^^^^^^^^^^^^^^^^^^^^^^^^^^^^^^^^^^^^^
asyncpg/protocol/protocol.pyx:369: in query
    ???
asyncpg/protocol/protocol.pyx:362: in asyncpg.protocol.protocol.BaseProtocol.query
    ???
asyncpg/protocol/coreproto.pyx:1174: in asyncpg.protocol.protocol.CoreProtocol._simple_query
    ???
asyncpg/protocol/protocol.pyx:956: in asyncpg.protocol.protocol.BaseProtocol._write
    ???
..\..\..\..\..\AppData\Local\Python\pythoncore-3.14-64\Lib\asyncio\sslproto.py:222: in write
    self._ssl_protocol._write_appdata((data,))
..\..\..\..\..\AppData\Local\Python\pythoncore-3.14-64\Lib\asyncio\sslproto.py:700: in _write_appdata
    self._fatal_error(ex, 'Fatal error on SSL protocol')
..\..\..\..\..\AppData\Local\Python\pythoncore-3.14-64\Lib\asyncio\sslproto.py:918: in _fatal_error
    self._transport._force_close(exc)
..\..\..\..\..\AppData\Local\Python\pythoncore-3.14-64\Lib\asyncio\proactor_events.py:152: in _force_close
    self._loop.call_soon(self._call_connection_lost, exc)
..\..\..\..\..\AppData\Local\Python\pythoncore-3.14-64\Lib\asyncio\base_events.py:827: in call_soon
    self._check_closed()
..\..\..\..\..\AppData\Local\Python\pythoncore-3.14-64\Lib\asyncio\base_events.py:550: in _check_closed
    raise RuntimeError('Event loop is closed')
E   RuntimeError: Event loop is closed
------------------------------ Captured log call ------------------------------
ERROR    sqlalchemy.pool.impl.AsyncAdaptedQueuePool:base.py:377 Exception terminating connection <AdaptedConnection <asyncpg.connection.Connection object at 0x0000020EE15696D0>>
Traceback (most recent call last):
  File "C:\Users\nmendoza\Documents\Visual_Works\Planificacion-Voluntarios\plani-app-back\plani-app-back\.venv\Lib\site-packages\sqlalchemy\pool\base.py", line 373, in _close_connection
    self._dialect.do_terminate(connection)
    ~~~~~~~~~~~~~~~~~~~~~~~~~~^^^^^^^^^^^^
  File "C:\Users\nmendoza\Documents\Visual_Works\Planificacion-Voluntarios\plani-app-back\plani-app-back\.venv\Lib\site-packages\sqlalchemy\dialects\postgresql\asyncpg.py", line 1127, in do_terminate
    dbapi_connection.terminate()
    ~~~~~~~~~~~~~~~~~~~~~~~~~~^^
  File "C:\Users\nmendoza\Documents\Visual_Works\Planificacion-Voluntarios\plani-app-back\plani-app-back\.venv\Lib\site-packages\sqlalchemy\connectors\asyncio.py", line 402, in terminate
    self.await_(asyncio.shield(self._terminate_graceful_close()))  # type: ignore[attr-defined] # noqa: E501
    ~~~~~~~~~~~^^^^^^^^^^^^^^^^^^^^^^^^^^^^^^^^^^^^^^^^^^^^^^^^^^
  File "C:\Users\nmendoza\Documents\Visual_Works\Planificacion-Voluntarios\plani-app-back\plani-app-back\.venv\Lib\site-packages\sqlalchemy\util\_concurrency_py3k.py", line 132, in await_only
    return current.parent.switch(awaitable)  # type: ignore[no-any-return,attr-defined] # noqa: E501
           ~~~~~~~~~~~~~~~~~~~~~^^^^^^^^^^^
  File "C:\Users\nmendoza\Documents\Visual_Works\Planificacion-Voluntarios\plani-app-back\plani-app-back\.venv\Lib\site-packages\sqlalchemy\util\_concurrency_py3k.py", line 196, in greenlet_spawn
    value = await result
            ^^^^^^^^^^^^
  File "C:\Users\nmendoza\Documents\Visual_Works\Planificacion-Voluntarios\plani-app-back\plani-app-back\.venv\Lib\site-packages\sqlalchemy\dialects\postgresql\asyncpg.py", line 912, in _terminate_graceful_close
    await self._connection.close(timeout=2)
  File "C:\Users\nmendoza\Documents\Visual_Works\Planificacion-Voluntarios\plani-app-back\plani-app-back\.venv\Lib\site-packages\asyncpg\connection.py", line 1513, in close
    await self._protocol.close(timeout)
  File "asyncpg/protocol/protocol.pyx", line 617, in close
  File "asyncpg/protocol/protocol.pyx", line 650, in asyncpg.protocol.protocol.BaseProtocol._request_cancel
  File "C:\Users\nmendoza\Documents\Visual_Works\Planificacion-Voluntarios\plani-app-back\plani-app-back\.venv\Lib\site-packages\asyncpg\connection.py", line 1682, in _cancel_current_command
    self._cancellations.add(self._loop.create_task(self._cancel(waiter)))
                            ~~~~~~~~~~~~~~~~~~~~~~^^^^^^^^^^^^^^^^^^^^^^
  File "C:\Users\nmendoza\AppData\Local\Python\pythoncore-3.14-64\Lib\asyncio\base_events.py", line 466, in create_task
    self._check_closed()
    ~~~~~~~~~~~~~~~~~~^^
  File "C:\Users\nmendoza\AppData\Local\Python\pythoncore-3.14-64\Lib\asyncio\base_events.py", line 550, in _check_closed
    raise RuntimeError('Event loop is closed')
RuntimeError: Event loop is closed
_____________________ test_importar_excel_cambios_detalle _____________________
..\..\..\..\..\AppData\Local\Python\pythoncore-3.14-64\Lib\asyncio\base_events.py:827: in call_soon
    self._check_closed()
..\..\..\..\..\AppData\Local\Python\pythoncore-3.14-64\Lib\asyncio\base_events.py:550: in _check_closed
    raise RuntimeError('Event loop is closed')
E   RuntimeError: Event loop is closed

During handling of the above exception, another exception occurred:
tests\test_operacion.py:193: in test_importar_excel_cambios_detalle
    await setup_test_config_trimestral(db_session, TEST_TRIMESTRE)
tests\conftest.py:170: in setup_test_config_trimestral
    result = await db.execute(
.venv\Lib\site-packages\sqlalchemy\ext\asyncio\session.py:449: in execute
    result = await greenlet_spawn(
.venv\Lib\site-packages\sqlalchemy\util\_concurrency_py3k.py:201: in greenlet_spawn
    result = context.throw(*sys.exc_info())
             ^^^^^^^^^^^^^^^^^^^^^^^^^^^^^^
.venv\Lib\site-packages\sqlalchemy\orm\session.py:2351: in execute
    return self._execute_internal(
.venv\Lib\site-packages\sqlalchemy\orm\session.py:2239: in _execute_internal
    conn = self._connection_for_bind(bind)
           ^^^^^^^^^^^^^^^^^^^^^^^^^^^^^^^
.venv\Lib\site-packages\sqlalchemy\orm\session.py:2108: in _connection_for_bind
    return trans._connection_for_bind(engine, execution_options)
           ^^^^^^^^^^^^^^^^^^^^^^^^^^^^^^^^^^^^^^^^^^^^^^^^^^^^^
<string>:2: in _connection_for_bind
    ???
.venv\Lib\site-packages\sqlalchemy\orm\state_changes.py:137: in _go
    ret_value = fn(self, *arg, **kw)
                ^^^^^^^^^^^^^^^^^^^^
.venv\Lib\site-packages\sqlalchemy\orm\session.py:1187: in _connection_for_bind
    conn = bind.connect()
           ^^^^^^^^^^^^^^
.venv\Lib\site-packages\sqlalchemy\engine\base.py:3293: in connect
    return self._connection_cls(self)
           ^^^^^^^^^^^^^^^^^^^^^^^^^^
.venv\Lib\site-packages\sqlalchemy\engine\base.py:143: in __init__
    self._dbapi_connection = engine.raw_connection()
                             ^^^^^^^^^^^^^^^^^^^^^^^
.venv\Lib\site-packages\sqlalchemy\engine\base.py:3317: in raw_connection
    return self.pool.connect()
           ^^^^^^^^^^^^^^^^^^^
.venv\Lib\site-packages\sqlalchemy\pool\base.py:448: in connect
    return _ConnectionFairy._checkout(self)
           ^^^^^^^^^^^^^^^^^^^^^^^^^^^^^^^^
.venv\Lib\site-packages\sqlalchemy\pool\base.py:1371: in _checkout
    with util.safe_reraise():
         ^^^^^^^^^^^^^^^^^^^
.venv\Lib\site-packages\sqlalchemy\util\langhelpers.py:121: in __exit__
    raise exc_value.with_traceback(exc_tb)
.venv\Lib\site-packages\sqlalchemy\pool\base.py:1309: in _checkout
    result = pool._dialect._do_ping_w_event(
.venv\Lib\site-packages\sqlalchemy\engine\default.py:729: in _do_ping_w_event
    return self.do_ping(dbapi_connection)
           ^^^^^^^^^^^^^^^^^^^^^^^^^^^^^^
.venv\Lib\site-packages\sqlalchemy\dialects\postgresql\asyncpg.py:1160: in do_ping
    dbapi_connection.ping()
.venv\Lib\site-packages\sqlalchemy\dialects\postgresql\asyncpg.py:818: in ping
    self._handle_exception(error)
.venv\Lib\site-packages\sqlalchemy\dialects\postgresql\asyncpg.py:799: in _handle_exception
    raise error
.venv\Lib\site-packages\sqlalchemy\dialects\postgresql\asyncpg.py:816: in ping
    _ = self.await_(self._async_ping())
        ^^^^^^^^^^^^^^^^^^^^^^^^^^^^^^^
.venv\Lib\site-packages\sqlalchemy\util\_concurrency_py3k.py:132: in await_only
    return current.parent.switch(awaitable)  # type: ignore[no-any-return,attr-defined] # noqa: E501
           ^^^^^^^^^^^^^^^^^^^^^^^^^^^^^^^^
.venv\Lib\site-packages\sqlalchemy\util\_concurrency_py3k.py:196: in greenlet_spawn
    value = await result
            ^^^^^^^^^^^^
.venv\Lib\site-packages\sqlalchemy\dialects\postgresql\asyncpg.py:825: in _async_ping
    await tr.start()
.venv\Lib\site-packages\asyncpg\transaction.py:146: in start
    await self._connection.execute(query)
.venv\Lib\site-packages\asyncpg\connection.py:354: in execute
    result = await self._protocol.query(query, timeout)
             ^^^^^^^^^^^^^^^^^^^^^^^^^^^^^^^^^^^^^^^^^^
asyncpg/protocol/protocol.pyx:369: in query
    ???
asyncpg/protocol/protocol.pyx:362: in asyncpg.protocol.protocol.BaseProtocol.query
    ???
asyncpg/protocol/coreproto.pyx:1174: in asyncpg.protocol.protocol.CoreProtocol._simple_query
    ???
asyncpg/protocol/protocol.pyx:956: in asyncpg.protocol.protocol.BaseProtocol._write
    ???
..\..\..\..\..\AppData\Local\Python\pythoncore-3.14-64\Lib\asyncio\sslproto.py:222: in write
    self._ssl_protocol._write_appdata((data,))
..\..\..\..\..\AppData\Local\Python\pythoncore-3.14-64\Lib\asyncio\sslproto.py:700: in _write_appdata
    self._fatal_error(ex, 'Fatal error on SSL protocol')
..\..\..\..\..\AppData\Local\Python\pythoncore-3.14-64\Lib\asyncio\sslproto.py:918: in _fatal_error
    self._transport._force_close(exc)
..\..\..\..\..\AppData\Local\Python\pythoncore-3.14-64\Lib\asyncio\proactor_events.py:152: in _force_close
    self._loop.call_soon(self._call_connection_lost, exc)
..\..\..\..\..\AppData\Local\Python\pythoncore-3.14-64\Lib\asyncio\base_events.py:827: in call_soon
    self._check_closed()
..\..\..\..\..\AppData\Local\Python\pythoncore-3.14-64\Lib\asyncio\base_events.py:550: in _check_closed
    raise RuntimeError('Event loop is closed')
E   RuntimeError: Event loop is closed
------------------------------ Captured log call ------------------------------
ERROR    sqlalchemy.pool.impl.AsyncAdaptedQueuePool:base.py:377 Exception terminating connection <AdaptedConnection <asyncpg.connection.Connection object at 0x0000020EE15306E0>>
Traceback (most recent call last):
  File "C:\Users\nmendoza\Documents\Visual_Works\Planificacion-Voluntarios\plani-app-back\plani-app-back\.venv\Lib\site-packages\sqlalchemy\pool\base.py", line 373, in _close_connection
    self._dialect.do_terminate(connection)
    ~~~~~~~~~~~~~~~~~~~~~~~~~~^^^^^^^^^^^^
  File "C:\Users\nmendoza\Documents\Visual_Works\Planificacion-Voluntarios\plani-app-back\plani-app-back\.venv\Lib\site-packages\sqlalchemy\dialects\postgresql\asyncpg.py", line 1127, in do_terminate
    dbapi_connection.terminate()
    ~~~~~~~~~~~~~~~~~~~~~~~~~~^^
  File "C:\Users\nmendoza\Documents\Visual_Works\Planificacion-Voluntarios\plani-app-back\plani-app-back\.venv\Lib\site-packages\sqlalchemy\connectors\asyncio.py", line 402, in terminate
    self.await_(asyncio.shield(self._terminate_graceful_close()))  # type: ignore[attr-defined] # noqa: E501
    ~~~~~~~~~~~^^^^^^^^^^^^^^^^^^^^^^^^^^^^^^^^^^^^^^^^^^^^^^^^^^
  File "C:\Users\nmendoza\Documents\Visual_Works\Planificacion-Voluntarios\plani-app-back\plani-app-back\.venv\Lib\site-packages\sqlalchemy\util\_concurrency_py3k.py", line 132, in await_only
    return current.parent.switch(awaitable)  # type: ignore[no-any-return,attr-defined] # noqa: E501
           ~~~~~~~~~~~~~~~~~~~~~^^^^^^^^^^^
  File "C:\Users\nmendoza\Documents\Visual_Works\Planificacion-Voluntarios\plani-app-back\plani-app-back\.venv\Lib\site-packages\sqlalchemy\util\_concurrency_py3k.py", line 196, in greenlet_spawn
    value = await result
            ^^^^^^^^^^^^
  File "C:\Users\nmendoza\Documents\Visual_Works\Planificacion-Voluntarios\plani-app-back\plani-app-back\.venv\Lib\site-packages\sqlalchemy\dialects\postgresql\asyncpg.py", line 912, in _terminate_graceful_close
    await self._connection.close(timeout=2)
  File "C:\Users\nmendoza\Documents\Visual_Works\Planificacion-Voluntarios\plani-app-back\plani-app-back\.venv\Lib\site-packages\asyncpg\connection.py", line 1513, in close
    await self._protocol.close(timeout)
  File "asyncpg/protocol/protocol.pyx", line 617, in close
  File "asyncpg/protocol/protocol.pyx", line 650, in asyncpg.protocol.protocol.BaseProtocol._request_cancel
  File "C:\Users\nmendoza\Documents\Visual_Works\Planificacion-Voluntarios\plani-app-back\plani-app-back\.venv\Lib\site-packages\asyncpg\connection.py", line 1682, in _cancel_current_command
    self._cancellations.add(self._loop.create_task(self._cancel(waiter)))
                            ~~~~~~~~~~~~~~~~~~~~~~^^^^^^^^^^^^^^^^^^^^^^
  File "C:\Users\nmendoza\AppData\Local\Python\pythoncore-3.14-64\Lib\asyncio\base_events.py", line 466, in create_task
    self._check_closed()
    ~~~~~~~~~~~~~~~~~~^^
  File "C:\Users\nmendoza\AppData\Local\Python\pythoncore-3.14-64\Lib\asyncio\base_events.py", line 550, in _check_closed
    raise RuntimeError('Event loop is closed')
RuntimeError: Event loop is closed
_____________________ test_importar_excel_applies_changes _____________________
..\..\..\..\..\AppData\Local\Python\pythoncore-3.14-64\Lib\asyncio\base_events.py:827: in call_soon
    self._check_closed()
..\..\..\..\..\AppData\Local\Python\pythoncore-3.14-64\Lib\asyncio\base_events.py:550: in _check_closed
    raise RuntimeError('Event loop is closed')
E   RuntimeError: Event loop is closed

During handling of the above exception, another exception occurred:
tests\test_operacion.py:243: in test_importar_excel_applies_changes
    await setup_test_config_trimestral(db_session, TEST_TRIMESTRE)
tests\conftest.py:170: in setup_test_config_trimestral
    result = await db.execute(
.venv\Lib\site-packages\sqlalchemy\ext\asyncio\session.py:449: in execute
    result = await greenlet_spawn(
.venv\Lib\site-packages\sqlalchemy\util\_concurrency_py3k.py:201: in greenlet_spawn
    result = context.throw(*sys.exc_info())
             ^^^^^^^^^^^^^^^^^^^^^^^^^^^^^^
.venv\Lib\site-packages\sqlalchemy\orm\session.py:2351: in execute
    return self._execute_internal(
.venv\Lib\site-packages\sqlalchemy\orm\session.py:2239: in _execute_internal
    conn = self._connection_for_bind(bind)
           ^^^^^^^^^^^^^^^^^^^^^^^^^^^^^^^
.venv\Lib\site-packages\sqlalchemy\orm\session.py:2108: in _connection_for_bind
    return trans._connection_for_bind(engine, execution_options)
           ^^^^^^^^^^^^^^^^^^^^^^^^^^^^^^^^^^^^^^^^^^^^^^^^^^^^^
<string>:2: in _connection_for_bind
    ???
.venv\Lib\site-packages\sqlalchemy\orm\state_changes.py:137: in _go
    ret_value = fn(self, *arg, **kw)
                ^^^^^^^^^^^^^^^^^^^^
.venv\Lib\site-packages\sqlalchemy\orm\session.py:1187: in _connection_for_bind
    conn = bind.connect()
           ^^^^^^^^^^^^^^
.venv\Lib\site-packages\sqlalchemy\engine\base.py:3293: in connect
    return self._connection_cls(self)
           ^^^^^^^^^^^^^^^^^^^^^^^^^^
.venv\Lib\site-packages\sqlalchemy\engine\base.py:143: in __init__
    self._dbapi_connection = engine.raw_connection()
                             ^^^^^^^^^^^^^^^^^^^^^^^
.venv\Lib\site-packages\sqlalchemy\engine\base.py:3317: in raw_connection
    return self.pool.connect()
           ^^^^^^^^^^^^^^^^^^^
.venv\Lib\site-packages\sqlalchemy\pool\base.py:448: in connect
    return _ConnectionFairy._checkout(self)
           ^^^^^^^^^^^^^^^^^^^^^^^^^^^^^^^^
.venv\Lib\site-packages\sqlalchemy\pool\base.py:1371: in _checkout
    with util.safe_reraise():
         ^^^^^^^^^^^^^^^^^^^
.venv\Lib\site-packages\sqlalchemy\util\langhelpers.py:121: in __exit__
    raise exc_value.with_traceback(exc_tb)
.venv\Lib\site-packages\sqlalchemy\pool\base.py:1309: in _checkout
    result = pool._dialect._do_ping_w_event(
.venv\Lib\site-packages\sqlalchemy\engine\default.py:729: in _do_ping_w_event
    return self.do_ping(dbapi_connection)
           ^^^^^^^^^^^^^^^^^^^^^^^^^^^^^^
.venv\Lib\site-packages\sqlalchemy\dialects\postgresql\asyncpg.py:1160: in do_ping
    dbapi_connection.ping()
.venv\Lib\site-packages\sqlalchemy\dialects\postgresql\asyncpg.py:818: in ping
    self._handle_exception(error)
.venv\Lib\site-packages\sqlalchemy\dialects\postgresql\asyncpg.py:799: in _handle_exception
    raise error
.venv\Lib\site-packages\sqlalchemy\dialects\postgresql\asyncpg.py:816: in ping
    _ = self.await_(self._async_ping())
        ^^^^^^^^^^^^^^^^^^^^^^^^^^^^^^^
.venv\Lib\site-packages\sqlalchemy\util\_concurrency_py3k.py:132: in await_only
    return current.parent.switch(awaitable)  # type: ignore[no-any-return,attr-defined] # noqa: E501
           ^^^^^^^^^^^^^^^^^^^^^^^^^^^^^^^^
.venv\Lib\site-packages\sqlalchemy\util\_concurrency_py3k.py:196: in greenlet_spawn
    value = await result
            ^^^^^^^^^^^^
.venv\Lib\site-packages\sqlalchemy\dialects\postgresql\asyncpg.py:825: in _async_ping
    await tr.start()
.venv\Lib\site-packages\asyncpg\transaction.py:146: in start
    await self._connection.execute(query)
.venv\Lib\site-packages\asyncpg\connection.py:354: in execute
    result = await self._protocol.query(query, timeout)
             ^^^^^^^^^^^^^^^^^^^^^^^^^^^^^^^^^^^^^^^^^^
asyncpg/protocol/protocol.pyx:369: in query
    ???
asyncpg/protocol/protocol.pyx:362: in asyncpg.protocol.protocol.BaseProtocol.query
    ???
asyncpg/protocol/coreproto.pyx:1174: in asyncpg.protocol.protocol.CoreProtocol._simple_query
    ???
asyncpg/protocol/protocol.pyx:956: in asyncpg.protocol.protocol.BaseProtocol._write
    ???
..\..\..\..\..\AppData\Local\Python\pythoncore-3.14-64\Lib\asyncio\sslproto.py:222: in write
    self._ssl_protocol._write_appdata((data,))
..\..\..\..\..\AppData\Local\Python\pythoncore-3.14-64\Lib\asyncio\sslproto.py:700: in _write_appdata
    self._fatal_error(ex, 'Fatal error on SSL protocol')
..\..\..\..\..\AppData\Local\Python\pythoncore-3.14-64\Lib\asyncio\sslproto.py:918: in _fatal_error
    self._transport._force_close(exc)
..\..\..\..\..\AppData\Local\Python\pythoncore-3.14-64\Lib\asyncio\proactor_events.py:152: in _force_close
    self._loop.call_soon(self._call_connection_lost, exc)
..\..\..\..\..\AppData\Local\Python\pythoncore-3.14-64\Lib\asyncio\base_events.py:827: in call_soon
    self._check_closed()
..\..\..\..\..\AppData\Local\Python\pythoncore-3.14-64\Lib\asyncio\base_events.py:550: in _check_closed
    raise RuntimeError('Event loop is closed')
E   RuntimeError: Event loop is closed
------------------------------ Captured log call ------------------------------
ERROR    sqlalchemy.pool.impl.AsyncAdaptedQueuePool:base.py:377 Exception terminating connection <AdaptedConnection <asyncpg.connection.Connection object at 0x0000020EE1532120>>
Traceback (most recent call last):
  File "C:\Users\nmendoza\Documents\Visual_Works\Planificacion-Voluntarios\plani-app-back\plani-app-back\.venv\Lib\site-packages\sqlalchemy\pool\base.py", line 373, in _close_connection
    self._dialect.do_terminate(connection)
    ~~~~~~~~~~~~~~~~~~~~~~~~~~^^^^^^^^^^^^
  File "C:\Users\nmendoza\Documents\Visual_Works\Planificacion-Voluntarios\plani-app-back\plani-app-back\.venv\Lib\site-packages\sqlalchemy\dialects\postgresql\asyncpg.py", line 1127, in do_terminate
    dbapi_connection.terminate()
    ~~~~~~~~~~~~~~~~~~~~~~~~~~^^
  File "C:\Users\nmendoza\Documents\Visual_Works\Planificacion-Voluntarios\plani-app-back\plani-app-back\.venv\Lib\site-packages\sqlalchemy\connectors\asyncio.py", line 402, in terminate
    self.await_(asyncio.shield(self._terminate_graceful_close()))  # type: ignore[attr-defined] # noqa: E501
    ~~~~~~~~~~~^^^^^^^^^^^^^^^^^^^^^^^^^^^^^^^^^^^^^^^^^^^^^^^^^^
  File "C:\Users\nmendoza\Documents\Visual_Works\Planificacion-Voluntarios\plani-app-back\plani-app-back\.venv\Lib\site-packages\sqlalchemy\util\_concurrency_py3k.py", line 132, in await_only
    return current.parent.switch(awaitable)  # type: ignore[no-any-return,attr-defined] # noqa: E501
           ~~~~~~~~~~~~~~~~~~~~~^^^^^^^^^^^
  File "C:\Users\nmendoza\Documents\Visual_Works\Planificacion-Voluntarios\plani-app-back\plani-app-back\.venv\Lib\site-packages\sqlalchemy\util\_concurrency_py3k.py", line 196, in greenlet_spawn
    value = await result
            ^^^^^^^^^^^^
  File "C:\Users\nmendoza\Documents\Visual_Works\Planificacion-Voluntarios\plani-app-back\plani-app-back\.venv\Lib\site-packages\sqlalchemy\dialects\postgresql\asyncpg.py", line 912, in _terminate_graceful_close
    await self._connection.close(timeout=2)
  File "C:\Users\nmendoza\Documents\Visual_Works\Planificacion-Voluntarios\plani-app-back\plani-app-back\.venv\Lib\site-packages\asyncpg\connection.py", line 1513, in close
    await self._protocol.close(timeout)
  File "asyncpg/protocol/protocol.pyx", line 617, in close
  File "asyncpg/protocol/protocol.pyx", line 650, in asyncpg.protocol.protocol.BaseProtocol._request_cancel
  File "C:\Users\nmendoza\Documents\Visual_Works\Planificacion-Voluntarios\plani-app-back\plani-app-back\.venv\Lib\site-packages\asyncpg\connection.py", line 1682, in _cancel_current_command
    self._cancellations.add(self._loop.create_task(self._cancel(waiter)))
                            ~~~~~~~~~~~~~~~~~~~~~~^^^^^^^^^^^^^^^^^^^^^^
  File "C:\Users\nmendoza\AppData\Local\Python\pythoncore-3.14-64\Lib\asyncio\base_events.py", line 466, in create_task
    self._check_closed()
    ~~~~~~~~~~~~~~~~~~^^
  File "C:\Users\nmendoza\AppData\Local\Python\pythoncore-3.14-64\Lib\asyncio\base_events.py", line 550, in _check_closed
    raise RuntimeError('Event loop is closed')
RuntimeError: Event loop is closed
__________________ test_extra_inserted_when_ep_and_collision __________________
..\..\..\..\..\AppData\Local\Python\pythoncore-3.14-64\Lib\asyncio\base_events.py:827: in call_soon
    self._check_closed()
..\..\..\..\..\AppData\Local\Python\pythoncore-3.14-64\Lib\asyncio\base_events.py:550: in _check_closed
    raise RuntimeError('Event loop is closed')
E   RuntimeError: Event loop is closed

During handling of the above exception, another exception occurred:
tests\test_planificacion_extras.py:193: in test_extra_inserted_when_ep_and_collision
    catalog_anchor, base_anchor = await _pick_two_talleres(db_session)
                                  ^^^^^^^^^^^^^^^^^^^^^^^^^^^^^^^^^^^^
tests\test_planificacion_extras.py:167: in _pick_two_talleres
    res = await db.execute(
.venv\Lib\site-packages\sqlalchemy\ext\asyncio\session.py:449: in execute
    result = await greenlet_spawn(
.venv\Lib\site-packages\sqlalchemy\util\_concurrency_py3k.py:201: in greenlet_spawn
    result = context.throw(*sys.exc_info())
             ^^^^^^^^^^^^^^^^^^^^^^^^^^^^^^
.venv\Lib\site-packages\sqlalchemy\orm\session.py:2351: in execute
    return self._execute_internal(
.venv\Lib\site-packages\sqlalchemy\orm\session.py:2239: in _execute_internal
    conn = self._connection_for_bind(bind)
           ^^^^^^^^^^^^^^^^^^^^^^^^^^^^^^^
.venv\Lib\site-packages\sqlalchemy\orm\session.py:2108: in _connection_for_bind
    return trans._connection_for_bind(engine, execution_options)
           ^^^^^^^^^^^^^^^^^^^^^^^^^^^^^^^^^^^^^^^^^^^^^^^^^^^^^
<string>:2: in _connection_for_bind
    ???
.venv\Lib\site-packages\sqlalchemy\orm\state_changes.py:137: in _go
    ret_value = fn(self, *arg, **kw)
                ^^^^^^^^^^^^^^^^^^^^
.venv\Lib\site-packages\sqlalchemy\orm\session.py:1187: in _connection_for_bind
    conn = bind.connect()
           ^^^^^^^^^^^^^^
.venv\Lib\site-packages\sqlalchemy\engine\base.py:3293: in connect
    return self._connection_cls(self)
           ^^^^^^^^^^^^^^^^^^^^^^^^^^
.venv\Lib\site-packages\sqlalchemy\engine\base.py:143: in __init__
    self._dbapi_connection = engine.raw_connection()
                             ^^^^^^^^^^^^^^^^^^^^^^^
.venv\Lib\site-packages\sqlalchemy\engine\base.py:3317: in raw_connection
    return self.pool.connect()
           ^^^^^^^^^^^^^^^^^^^
.venv\Lib\site-packages\sqlalchemy\pool\base.py:448: in connect
    return _ConnectionFairy._checkout(self)
           ^^^^^^^^^^^^^^^^^^^^^^^^^^^^^^^^
.venv\Lib\site-packages\sqlalchemy\pool\base.py:1371: in _checkout
    with util.safe_reraise():
         ^^^^^^^^^^^^^^^^^^^
.venv\Lib\site-packages\sqlalchemy\util\langhelpers.py:121: in __exit__
    raise exc_value.with_traceback(exc_tb)
.venv\Lib\site-packages\sqlalchemy\pool\base.py:1309: in _checkout
    result = pool._dialect._do_ping_w_event(
.venv\Lib\site-packages\sqlalchemy\engine\default.py:729: in _do_ping_w_event
    return self.do_ping(dbapi_connection)
           ^^^^^^^^^^^^^^^^^^^^^^^^^^^^^^
.venv\Lib\site-packages\sqlalchemy\dialects\postgresql\asyncpg.py:1160: in do_ping
    dbapi_connection.ping()
.venv\Lib\site-packages\sqlalchemy\dialects\postgresql\asyncpg.py:818: in ping
    self._handle_exception(error)
.venv\Lib\site-packages\sqlalchemy\dialects\postgresql\asyncpg.py:799: in _handle_exception
    raise error
.venv\Lib\site-packages\sqlalchemy\dialects\postgresql\asyncpg.py:816: in ping
    _ = self.await_(self._async_ping())
        ^^^^^^^^^^^^^^^^^^^^^^^^^^^^^^^
.venv\Lib\site-packages\sqlalchemy\util\_concurrency_py3k.py:132: in await_only
    return current.parent.switch(awaitable)  # type: ignore[no-any-return,attr-defined] # noqa: E501
           ^^^^^^^^^^^^^^^^^^^^^^^^^^^^^^^^
.venv\Lib\site-packages\sqlalchemy\util\_concurrency_py3k.py:196: in greenlet_spawn
    value = await result
            ^^^^^^^^^^^^
.venv\Lib\site-packages\sqlalchemy\dialects\postgresql\asyncpg.py:825: in _async_ping
    await tr.start()
.venv\Lib\site-packages\asyncpg\transaction.py:146: in start
    await self._connection.execute(query)
.venv\Lib\site-packages\asyncpg\connection.py:354: in execute
    result = await self._protocol.query(query, timeout)
             ^^^^^^^^^^^^^^^^^^^^^^^^^^^^^^^^^^^^^^^^^^
asyncpg/protocol/protocol.pyx:369: in query
    ???
asyncpg/protocol/protocol.pyx:362: in asyncpg.protocol.protocol.BaseProtocol.query
    ???
asyncpg/protocol/coreproto.pyx:1174: in asyncpg.protocol.protocol.CoreProtocol._simple_query
    ???
asyncpg/protocol/protocol.pyx:956: in asyncpg.protocol.protocol.BaseProtocol._write
    ???
..\..\..\..\..\AppData\Local\Python\pythoncore-3.14-64\Lib\asyncio\sslproto.py:222: in write
    self._ssl_protocol._write_appdata((data,))
..\..\..\..\..\AppData\Local\Python\pythoncore-3.14-64\Lib\asyncio\sslproto.py:700: in _write_appdata
    self._fatal_error(ex, 'Fatal error on SSL protocol')
..\..\..\..\..\AppData\Local\Python\pythoncore-3.14-64\Lib\asyncio\sslproto.py:918: in _fatal_error
    self._transport._force_close(exc)
..\..\..\..\..\AppData\Local\Python\pythoncore-3.14-64\Lib\asyncio\proactor_events.py:152: in _force_close
    self._loop.call_soon(self._call_connection_lost, exc)
..\..\..\..\..\AppData\Local\Python\pythoncore-3.14-64\Lib\asyncio\base_events.py:827: in call_soon
    self._check_closed()
..\..\..\..\..\AppData\Local\Python\pythoncore-3.14-64\Lib\asyncio\base_events.py:550: in _check_closed
    raise RuntimeError('Event loop is closed')
E   RuntimeError: Event loop is closed
------------------------------ Captured log call ------------------------------
ERROR    sqlalchemy.pool.impl.AsyncAdaptedQueuePool:base.py:377 Exception terminating connection <AdaptedConnection <asyncpg.connection.Connection object at 0x0000020EE1590E60>>
Traceback (most recent call last):
  File "C:\Users\nmendoza\Documents\Visual_Works\Planificacion-Voluntarios\plani-app-back\plani-app-back\.venv\Lib\site-packages\sqlalchemy\pool\base.py", line 373, in _close_connection
    self._dialect.do_terminate(connection)
    ~~~~~~~~~~~~~~~~~~~~~~~~~~^^^^^^^^^^^^
  File "C:\Users\nmendoza\Documents\Visual_Works\Planificacion-Voluntarios\plani-app-back\plani-app-back\.venv\Lib\site-packages\sqlalchemy\dialects\postgresql\asyncpg.py", line 1127, in do_terminate
    dbapi_connection.terminate()
    ~~~~~~~~~~~~~~~~~~~~~~~~~~^^
  File "C:\Users\nmendoza\Documents\Visual_Works\Planificacion-Voluntarios\plani-app-back\plani-app-back\.venv\Lib\site-packages\sqlalchemy\connectors\asyncio.py", line 402, in terminate
    self.await_(asyncio.shield(self._terminate_graceful_close()))  # type: ignore[attr-defined] # noqa: E501
    ~~~~~~~~~~~^^^^^^^^^^^^^^^^^^^^^^^^^^^^^^^^^^^^^^^^^^^^^^^^^^
  File "C:\Users\nmendoza\Documents\Visual_Works\Planificacion-Voluntarios\plani-app-back\plani-app-back\.venv\Lib\site-packages\sqlalchemy\util\_concurrency_py3k.py", line 132, in await_only
    return current.parent.switch(awaitable)  # type: ignore[no-any-return,attr-defined] # noqa: E501
           ~~~~~~~~~~~~~~~~~~~~~^^^^^^^^^^^
  File "C:\Users\nmendoza\Documents\Visual_Works\Planificacion-Voluntarios\plani-app-back\plani-app-back\.venv\Lib\site-packages\sqlalchemy\util\_concurrency_py3k.py", line 196, in greenlet_spawn
    value = await result
            ^^^^^^^^^^^^
  File "C:\Users\nmendoza\Documents\Visual_Works\Planificacion-Voluntarios\plani-app-back\plani-app-back\.venv\Lib\site-packages\sqlalchemy\dialects\postgresql\asyncpg.py", line 912, in _terminate_graceful_close
    await self._connection.close(timeout=2)
  File "C:\Users\nmendoza\Documents\Visual_Works\Planificacion-Voluntarios\plani-app-back\plani-app-back\.venv\Lib\site-packages\asyncpg\connection.py", line 1513, in close
    await self._protocol.close(timeout)
  File "asyncpg/protocol/protocol.pyx", line 617, in close
  File "asyncpg/protocol/protocol.pyx", line 650, in asyncpg.protocol.protocol.BaseProtocol._request_cancel
  File "C:\Users\nmendoza\Documents\Visual_Works\Planificacion-Voluntarios\plani-app-back\plani-app-back\.venv\Lib\site-packages\asyncpg\connection.py", line 1682, in _cancel_current_command
    self._cancellations.add(self._loop.create_task(self._cancel(waiter)))
                            ~~~~~~~~~~~~~~~~~~~~~~^^^^^^^^^^^^^^^^^^^^^^
  File "C:\Users\nmendoza\AppData\Local\Python\pythoncore-3.14-64\Lib\asyncio\base_events.py", line 466, in create_task
    self._check_closed()
    ~~~~~~~~~~~~~~~~~~^^
  File "C:\Users\nmendoza\AppData\Local\Python\pythoncore-3.14-64\Lib\asyncio\base_events.py", line 550, in _check_closed
    raise RuntimeError('Event loop is closed')
RuntimeError: Event loop is closed
_____________________________ test_no_ep_no_extra _____________________________
..\..\..\..\..\AppData\Local\Python\pythoncore-3.14-64\Lib\asyncio\base_events.py:827: in call_soon
    self._check_closed()
..\..\..\..\..\AppData\Local\Python\pythoncore-3.14-64\Lib\asyncio\base_events.py:550: in _check_closed
    raise RuntimeError('Event loop is closed')
E   RuntimeError: Event loop is closed

During handling of the above exception, another exception occurred:
tests\test_planificacion_extras.py:280: in test_no_ep_no_extra
    catalog_anchor, base_anchor = await _pick_two_talleres(db_session)
                                  ^^^^^^^^^^^^^^^^^^^^^^^^^^^^^^^^^^^^
tests\test_planificacion_extras.py:167: in _pick_two_talleres
    res = await db.execute(
.venv\Lib\site-packages\sqlalchemy\ext\asyncio\session.py:449: in execute
    result = await greenlet_spawn(
.venv\Lib\site-packages\sqlalchemy\util\_concurrency_py3k.py:201: in greenlet_spawn
    result = context.throw(*sys.exc_info())
             ^^^^^^^^^^^^^^^^^^^^^^^^^^^^^^
.venv\Lib\site-packages\sqlalchemy\orm\session.py:2351: in execute
    return self._execute_internal(
.venv\Lib\site-packages\sqlalchemy\orm\session.py:2239: in _execute_internal
    conn = self._connection_for_bind(bind)
           ^^^^^^^^^^^^^^^^^^^^^^^^^^^^^^^
.venv\Lib\site-packages\sqlalchemy\orm\session.py:2108: in _connection_for_bind
    return trans._connection_for_bind(engine, execution_options)
           ^^^^^^^^^^^^^^^^^^^^^^^^^^^^^^^^^^^^^^^^^^^^^^^^^^^^^
<string>:2: in _connection_for_bind
    ???
.venv\Lib\site-packages\sqlalchemy\orm\state_changes.py:137: in _go
    ret_value = fn(self, *arg, **kw)
                ^^^^^^^^^^^^^^^^^^^^
.venv\Lib\site-packages\sqlalchemy\orm\session.py:1187: in _connection_for_bind
    conn = bind.connect()
           ^^^^^^^^^^^^^^
.venv\Lib\site-packages\sqlalchemy\engine\base.py:3293: in connect
    return self._connection_cls(self)
           ^^^^^^^^^^^^^^^^^^^^^^^^^^
.venv\Lib\site-packages\sqlalchemy\engine\base.py:143: in __init__
    self._dbapi_connection = engine.raw_connection()
                             ^^^^^^^^^^^^^^^^^^^^^^^
.venv\Lib\site-packages\sqlalchemy\engine\base.py:3317: in raw_connection
    return self.pool.connect()
           ^^^^^^^^^^^^^^^^^^^
.venv\Lib\site-packages\sqlalchemy\pool\base.py:448: in connect
    return _ConnectionFairy._checkout(self)
           ^^^^^^^^^^^^^^^^^^^^^^^^^^^^^^^^
.venv\Lib\site-packages\sqlalchemy\pool\base.py:1371: in _checkout
    with util.safe_reraise():
         ^^^^^^^^^^^^^^^^^^^
.venv\Lib\site-packages\sqlalchemy\util\langhelpers.py:121: in __exit__
    raise exc_value.with_traceback(exc_tb)
.venv\Lib\site-packages\sqlalchemy\pool\base.py:1309: in _checkout
    result = pool._dialect._do_ping_w_event(
.venv\Lib\site-packages\sqlalchemy\engine\default.py:729: in _do_ping_w_event
    return self.do_ping(dbapi_connection)
           ^^^^^^^^^^^^^^^^^^^^^^^^^^^^^^
.venv\Lib\site-packages\sqlalchemy\dialects\postgresql\asyncpg.py:1160: in do_ping
    dbapi_connection.ping()
.venv\Lib\site-packages\sqlalchemy\dialects\postgresql\asyncpg.py:818: in ping
    self._handle_exception(error)
.venv\Lib\site-packages\sqlalchemy\dialects\postgresql\asyncpg.py:799: in _handle_exception
    raise error
.venv\Lib\site-packages\sqlalchemy\dialects\postgresql\asyncpg.py:816: in ping
    _ = self.await_(self._async_ping())
        ^^^^^^^^^^^^^^^^^^^^^^^^^^^^^^^
.venv\Lib\site-packages\sqlalchemy\util\_concurrency_py3k.py:132: in await_only
    return current.parent.switch(awaitable)  # type: ignore[no-any-return,attr-defined] # noqa: E501
           ^^^^^^^^^^^^^^^^^^^^^^^^^^^^^^^^
.venv\Lib\site-packages\sqlalchemy\util\_concurrency_py3k.py:196: in greenlet_spawn
    value = await result
            ^^^^^^^^^^^^
.venv\Lib\site-packages\sqlalchemy\dialects\postgresql\asyncpg.py:825: in _async_ping
    await tr.start()
.venv\Lib\site-packages\asyncpg\transaction.py:146: in start
    await self._connection.execute(query)
.venv\Lib\site-packages\asyncpg\connection.py:354: in execute
    result = await self._protocol.query(query, timeout)
             ^^^^^^^^^^^^^^^^^^^^^^^^^^^^^^^^^^^^^^^^^^
asyncpg/protocol/protocol.pyx:369: in query
    ???
asyncpg/protocol/protocol.pyx:362: in asyncpg.protocol.protocol.BaseProtocol.query
    ???
asyncpg/protocol/coreproto.pyx:1174: in asyncpg.protocol.protocol.CoreProtocol._simple_query
    ???
asyncpg/protocol/protocol.pyx:956: in asyncpg.protocol.protocol.BaseProtocol._write
    ???
..\..\..\..\..\AppData\Local\Python\pythoncore-3.14-64\Lib\asyncio\sslproto.py:222: in write
    self._ssl_protocol._write_appdata((data,))
..\..\..\..\..\AppData\Local\Python\pythoncore-3.14-64\Lib\asyncio\sslproto.py:700: in _write_appdata
    self._fatal_error(ex, 'Fatal error on SSL protocol')
..\..\..\..\..\AppData\Local\Python\pythoncore-3.14-64\Lib\asyncio\sslproto.py:918: in _fatal_error
    self._transport._force_close(exc)
..\..\..\..\..\AppData\Local\Python\pythoncore-3.14-64\Lib\asyncio\proactor_events.py:152: in _force_close
    self._loop.call_soon(self._call_connection_lost, exc)
..\..\..\..\..\AppData\Local\Python\pythoncore-3.14-64\Lib\asyncio\base_events.py:827: in call_soon
    self._check_closed()
..\..\..\..\..\AppData\Local\Python\pythoncore-3.14-64\Lib\asyncio\base_events.py:550: in _check_closed
    raise RuntimeError('Event loop is closed')
E   RuntimeError: Event loop is closed
------------------------------ Captured log call ------------------------------
ERROR    sqlalchemy.pool.impl.AsyncAdaptedQueuePool:base.py:377 Exception terminating connection <AdaptedConnection <asyncpg.connection.Connection object at 0x0000020EE15923F0>>
Traceback (most recent call last):
  File "C:\Users\nmendoza\Documents\Visual_Works\Planificacion-Voluntarios\plani-app-back\plani-app-back\.venv\Lib\site-packages\sqlalchemy\pool\base.py", line 373, in _close_connection
    self._dialect.do_terminate(connection)
    ~~~~~~~~~~~~~~~~~~~~~~~~~~^^^^^^^^^^^^
  File "C:\Users\nmendoza\Documents\Visual_Works\Planificacion-Voluntarios\plani-app-back\plani-app-back\.venv\Lib\site-packages\sqlalchemy\dialects\postgresql\asyncpg.py", line 1127, in do_terminate
    dbapi_connection.terminate()
    ~~~~~~~~~~~~~~~~~~~~~~~~~~^^
  File "C:\Users\nmendoza\Documents\Visual_Works\Planificacion-Voluntarios\plani-app-back\plani-app-back\.venv\Lib\site-packages\sqlalchemy\connectors\asyncio.py", line 402, in terminate
    self.await_(asyncio.shield(self._terminate_graceful_close()))  # type: ignore[attr-defined] # noqa: E501
    ~~~~~~~~~~~^^^^^^^^^^^^^^^^^^^^^^^^^^^^^^^^^^^^^^^^^^^^^^^^^^
  File "C:\Users\nmendoza\Documents\Visual_Works\Planificacion-Voluntarios\plani-app-back\plani-app-back\.venv\Lib\site-packages\sqlalchemy\util\_concurrency_py3k.py", line 132, in await_only
    return current.parent.switch(awaitable)  # type: ignore[no-any-return,attr-defined] # noqa: E501
           ~~~~~~~~~~~~~~~~~~~~~^^^^^^^^^^^
  File "C:\Users\nmendoza\Documents\Visual_Works\Planificacion-Voluntarios\plani-app-back\plani-app-back\.venv\Lib\site-packages\sqlalchemy\util\_concurrency_py3k.py", line 196, in greenlet_spawn
    value = await result
            ^^^^^^^^^^^^
  File "C:\Users\nmendoza\Documents\Visual_Works\Planificacion-Voluntarios\plani-app-back\plani-app-back\.venv\Lib\site-packages\sqlalchemy\dialects\postgresql\asyncpg.py", line 912, in _terminate_graceful_close
    await self._connection.close(timeout=2)
  File "C:\Users\nmendoza\Documents\Visual_Works\Planificacion-Voluntarios\plani-app-back\plani-app-back\.venv\Lib\site-packages\asyncpg\connection.py", line 1513, in close
    await self._protocol.close(timeout)
  File "asyncpg/protocol/protocol.pyx", line 617, in close
  File "asyncpg/protocol/protocol.pyx", line 650, in asyncpg.protocol.protocol.BaseProtocol._request_cancel
  File "C:\Users\nmendoza\Documents\Visual_Works\Planificacion-Voluntarios\plani-app-back\plani-app-back\.venv\Lib\site-packages\asyncpg\connection.py", line 1682, in _cancel_current_command
    self._cancellations.add(self._loop.create_task(self._cancel(waiter)))
                            ~~~~~~~~~~~~~~~~~~~~~~^^^^^^^^^^^^^^^^^^^^^^
  File "C:\Users\nmendoza\AppData\Local\Python\pythoncore-3.14-64\Lib\asyncio\base_events.py", line 466, in create_task
    self._check_closed()
    ~~~~~~~~~~~~~~~~~~^^
  File "C:\Users\nmendoza\AppData\Local\Python\pythoncore-3.14-64\Lib\asyncio\base_events.py", line 550, in _check_closed
    raise RuntimeError('Event loop is closed')
RuntimeError: Event loop is closed
________________________ test_ep_no_collision_no_extra ________________________
..\..\..\..\..\AppData\Local\Python\pythoncore-3.14-64\Lib\asyncio\base_events.py:827: in call_soon
    self._check_closed()
..\..\..\..\..\AppData\Local\Python\pythoncore-3.14-64\Lib\asyncio\base_events.py:550: in _check_closed
    raise RuntimeError('Event loop is closed')
E   RuntimeError: Event loop is closed

During handling of the above exception, another exception occurred:
tests\test_planificacion_extras.py:335: in test_ep_no_collision_no_extra
    catalog_anchor, base_anchor = await _pick_two_talleres(db_session)
                                  ^^^^^^^^^^^^^^^^^^^^^^^^^^^^^^^^^^^^
tests\test_planificacion_extras.py:167: in _pick_two_talleres
    res = await db.execute(
.venv\Lib\site-packages\sqlalchemy\ext\asyncio\session.py:449: in execute
    result = await greenlet_spawn(
.venv\Lib\site-packages\sqlalchemy\util\_concurrency_py3k.py:201: in greenlet_spawn
    result = context.throw(*sys.exc_info())
             ^^^^^^^^^^^^^^^^^^^^^^^^^^^^^^
.venv\Lib\site-packages\sqlalchemy\orm\session.py:2351: in execute
    return self._execute_internal(
.venv\Lib\site-packages\sqlalchemy\orm\session.py:2239: in _execute_internal
    conn = self._connection_for_bind(bind)
           ^^^^^^^^^^^^^^^^^^^^^^^^^^^^^^^
.venv\Lib\site-packages\sqlalchemy\orm\session.py:2108: in _connection_for_bind
    return trans._connection_for_bind(engine, execution_options)
           ^^^^^^^^^^^^^^^^^^^^^^^^^^^^^^^^^^^^^^^^^^^^^^^^^^^^^
<string>:2: in _connection_for_bind
    ???
.venv\Lib\site-packages\sqlalchemy\orm\state_changes.py:137: in _go
    ret_value = fn(self, *arg, **kw)
                ^^^^^^^^^^^^^^^^^^^^
.venv\Lib\site-packages\sqlalchemy\orm\session.py:1187: in _connection_for_bind
    conn = bind.connect()
           ^^^^^^^^^^^^^^
.venv\Lib\site-packages\sqlalchemy\engine\base.py:3293: in connect
    return self._connection_cls(self)
           ^^^^^^^^^^^^^^^^^^^^^^^^^^
.venv\Lib\site-packages\sqlalchemy\engine\base.py:143: in __init__
    self._dbapi_connection = engine.raw_connection()
                             ^^^^^^^^^^^^^^^^^^^^^^^
.venv\Lib\site-packages\sqlalchemy\engine\base.py:3317: in raw_connection
    return self.pool.connect()
           ^^^^^^^^^^^^^^^^^^^
.venv\Lib\site-packages\sqlalchemy\pool\base.py:448: in connect
    return _ConnectionFairy._checkout(self)
           ^^^^^^^^^^^^^^^^^^^^^^^^^^^^^^^^
.venv\Lib\site-packages\sqlalchemy\pool\base.py:1371: in _checkout
    with util.safe_reraise():
         ^^^^^^^^^^^^^^^^^^^
.venv\Lib\site-packages\sqlalchemy\util\langhelpers.py:121: in __exit__
    raise exc_value.with_traceback(exc_tb)
.venv\Lib\site-packages\sqlalchemy\pool\base.py:1309: in _checkout
    result = pool._dialect._do_ping_w_event(
.venv\Lib\site-packages\sqlalchemy\engine\default.py:729: in _do_ping_w_event
    return self.do_ping(dbapi_connection)
           ^^^^^^^^^^^^^^^^^^^^^^^^^^^^^^
.venv\Lib\site-packages\sqlalchemy\dialects\postgresql\asyncpg.py:1160: in do_ping
    dbapi_connection.ping()
.venv\Lib\site-packages\sqlalchemy\dialects\postgresql\asyncpg.py:818: in ping
    self._handle_exception(error)
.venv\Lib\site-packages\sqlalchemy\dialects\postgresql\asyncpg.py:799: in _handle_exception
    raise error
.venv\Lib\site-packages\sqlalchemy\dialects\postgresql\asyncpg.py:816: in ping
    _ = self.await_(self._async_ping())
        ^^^^^^^^^^^^^^^^^^^^^^^^^^^^^^^
.venv\Lib\site-packages\sqlalchemy\util\_concurrency_py3k.py:132: in await_only
    return current.parent.switch(awaitable)  # type: ignore[no-any-return,attr-defined] # noqa: E501
           ^^^^^^^^^^^^^^^^^^^^^^^^^^^^^^^^
.venv\Lib\site-packages\sqlalchemy\util\_concurrency_py3k.py:196: in greenlet_spawn
    value = await result
            ^^^^^^^^^^^^
.venv\Lib\site-packages\sqlalchemy\dialects\postgresql\asyncpg.py:825: in _async_ping
    await tr.start()
.venv\Lib\site-packages\asyncpg\transaction.py:146: in start
    await self._connection.execute(query)
.venv\Lib\site-packages\asyncpg\connection.py:354: in execute
    result = await self._protocol.query(query, timeout)
             ^^^^^^^^^^^^^^^^^^^^^^^^^^^^^^^^^^^^^^^^^^
asyncpg/protocol/protocol.pyx:369: in query
    ???
asyncpg/protocol/protocol.pyx:362: in asyncpg.protocol.protocol.BaseProtocol.query
    ???
asyncpg/protocol/coreproto.pyx:1174: in asyncpg.protocol.protocol.CoreProtocol._simple_query
    ???
asyncpg/protocol/protocol.pyx:956: in asyncpg.protocol.protocol.BaseProtocol._write
    ???
..\..\..\..\..\AppData\Local\Python\pythoncore-3.14-64\Lib\asyncio\sslproto.py:222: in write
    self._ssl_protocol._write_appdata((data,))
..\..\..\..\..\AppData\Local\Python\pythoncore-3.14-64\Lib\asyncio\sslproto.py:700: in _write_appdata
    self._fatal_error(ex, 'Fatal error on SSL protocol')
..\..\..\..\..\AppData\Local\Python\pythoncore-3.14-64\Lib\asyncio\sslproto.py:918: in _fatal_error
    self._transport._force_close(exc)
..\..\..\..\..\AppData\Local\Python\pythoncore-3.14-64\Lib\asyncio\proactor_events.py:152: in _force_close
    self._loop.call_soon(self._call_connection_lost, exc)
..\..\..\..\..\AppData\Local\Python\pythoncore-3.14-64\Lib\asyncio\base_events.py:827: in call_soon
    self._check_closed()
..\..\..\..\..\AppData\Local\Python\pythoncore-3.14-64\Lib\asyncio\base_events.py:550: in _check_closed
    raise RuntimeError('Event loop is closed')
E   RuntimeError: Event loop is closed
------------------------------ Captured log call ------------------------------
ERROR    sqlalchemy.pool.impl.AsyncAdaptedQueuePool:base.py:377 Exception terminating connection <AdaptedConnection <asyncpg.connection.Connection object at 0x0000020EE1532D50>>
Traceback (most recent call last):
  File "C:\Users\nmendoza\Documents\Visual_Works\Planificacion-Voluntarios\plani-app-back\plani-app-back\.venv\Lib\site-packages\sqlalchemy\pool\base.py", line 373, in _close_connection
    self._dialect.do_terminate(connection)
    ~~~~~~~~~~~~~~~~~~~~~~~~~~^^^^^^^^^^^^
  File "C:\Users\nmendoza\Documents\Visual_Works\Planificacion-Voluntarios\plani-app-back\plani-app-back\.venv\Lib\site-packages\sqlalchemy\dialects\postgresql\asyncpg.py", line 1127, in do_terminate
    dbapi_connection.terminate()
    ~~~~~~~~~~~~~~~~~~~~~~~~~~^^
  File "C:\Users\nmendoza\Documents\Visual_Works\Planificacion-Voluntarios\plani-app-back\plani-app-back\.venv\Lib\site-packages\sqlalchemy\connectors\asyncio.py", line 402, in terminate
    self.await_(asyncio.shield(self._terminate_graceful_close()))  # type: ignore[attr-defined] # noqa: E501
    ~~~~~~~~~~~^^^^^^^^^^^^^^^^^^^^^^^^^^^^^^^^^^^^^^^^^^^^^^^^^^
  File "C:\Users\nmendoza\Documents\Visual_Works\Planificacion-Voluntarios\plani-app-back\plani-app-back\.venv\Lib\site-packages\sqlalchemy\util\_concurrency_py3k.py", line 132, in await_only
    return current.parent.switch(awaitable)  # type: ignore[no-any-return,attr-defined] # noqa: E501
           ~~~~~~~~~~~~~~~~~~~~~^^^^^^^^^^^
  File "C:\Users\nmendoza\Documents\Visual_Works\Planificacion-Voluntarios\plani-app-back\plani-app-back\.venv\Lib\site-packages\sqlalchemy\util\_concurrency_py3k.py", line 196, in greenlet_spawn
    value = await result
            ^^^^^^^^^^^^
  File "C:\Users\nmendoza\Documents\Visual_Works\Planificacion-Voluntarios\plani-app-back\plani-app-back\.venv\Lib\site-packages\sqlalchemy\dialects\postgresql\asyncpg.py", line 912, in _terminate_graceful_close
    await self._connection.close(timeout=2)
  File "C:\Users\nmendoza\Documents\Visual_Works\Planificacion-Voluntarios\plani-app-back\plani-app-back\.venv\Lib\site-packages\asyncpg\connection.py", line 1513, in close
    await self._protocol.close(timeout)
  File "asyncpg/protocol/protocol.pyx", line 617, in close
  File "asyncpg/protocol/protocol.pyx", line 650, in asyncpg.protocol.protocol.BaseProtocol._request_cancel
  File "C:\Users\nmendoza\Documents\Visual_Works\Planificacion-Voluntarios\plani-app-back\plani-app-back\.venv\Lib\site-packages\asyncpg\connection.py", line 1682, in _cancel_current_command
    self._cancellations.add(self._loop.create_task(self._cancel(waiter)))
                            ~~~~~~~~~~~~~~~~~~~~~~^^^^^^^^^^^^^^^^^^^^^^
  File "C:\Users\nmendoza\AppData\Local\Python\pythoncore-3.14-64\Lib\asyncio\base_events.py", line 466, in create_task
    self._check_closed()
    ~~~~~~~~~~~~~~~~~~^^
  File "C:\Users\nmendoza\AppData\Local\Python\pythoncore-3.14-64\Lib\asyncio\base_events.py", line 550, in _check_closed
    raise RuntimeError('Event loop is closed')
RuntimeError: Event loop is closed
_________________________ test_delete_extra_endpoint __________________________
..\..\..\..\..\AppData\Local\Python\pythoncore-3.14-64\Lib\asyncio\base_events.py:827: in call_soon
    self._check_closed()
..\..\..\..\..\AppData\Local\Python\pythoncore-3.14-64\Lib\asyncio\base_events.py:550: in _check_closed
    raise RuntimeError('Event loop is closed')
E   RuntimeError: Event loop is closed

During handling of the above exception, another exception occurred:
tests\test_planificacion_extras.py:371: in test_delete_extra_endpoint
    catalog_anchor, base_anchor = await _pick_two_talleres(db_session)
                                  ^^^^^^^^^^^^^^^^^^^^^^^^^^^^^^^^^^^^
tests\test_planificacion_extras.py:167: in _pick_two_talleres
    res = await db.execute(
.venv\Lib\site-packages\sqlalchemy\ext\asyncio\session.py:449: in execute
    result = await greenlet_spawn(
.venv\Lib\site-packages\sqlalchemy\util\_concurrency_py3k.py:201: in greenlet_spawn
    result = context.throw(*sys.exc_info())
             ^^^^^^^^^^^^^^^^^^^^^^^^^^^^^^
.venv\Lib\site-packages\sqlalchemy\orm\session.py:2351: in execute
    return self._execute_internal(
.venv\Lib\site-packages\sqlalchemy\orm\session.py:2239: in _execute_internal
    conn = self._connection_for_bind(bind)
           ^^^^^^^^^^^^^^^^^^^^^^^^^^^^^^^
.venv\Lib\site-packages\sqlalchemy\orm\session.py:2108: in _connection_for_bind
    return trans._connection_for_bind(engine, execution_options)
           ^^^^^^^^^^^^^^^^^^^^^^^^^^^^^^^^^^^^^^^^^^^^^^^^^^^^^
<string>:2: in _connection_for_bind
    ???
.venv\Lib\site-packages\sqlalchemy\orm\state_changes.py:137: in _go
    ret_value = fn(self, *arg, **kw)
                ^^^^^^^^^^^^^^^^^^^^
.venv\Lib\site-packages\sqlalchemy\orm\session.py:1187: in _connection_for_bind
    conn = bind.connect()
           ^^^^^^^^^^^^^^
.venv\Lib\site-packages\sqlalchemy\engine\base.py:3293: in connect
    return self._connection_cls(self)
           ^^^^^^^^^^^^^^^^^^^^^^^^^^
.venv\Lib\site-packages\sqlalchemy\engine\base.py:143: in __init__
    self._dbapi_connection = engine.raw_connection()
                             ^^^^^^^^^^^^^^^^^^^^^^^
.venv\Lib\site-packages\sqlalchemy\engine\base.py:3317: in raw_connection
    return self.pool.connect()
           ^^^^^^^^^^^^^^^^^^^
.venv\Lib\site-packages\sqlalchemy\pool\base.py:448: in connect
    return _ConnectionFairy._checkout(self)
           ^^^^^^^^^^^^^^^^^^^^^^^^^^^^^^^^
.venv\Lib\site-packages\sqlalchemy\pool\base.py:1371: in _checkout
    with util.safe_reraise():
         ^^^^^^^^^^^^^^^^^^^
.venv\Lib\site-packages\sqlalchemy\util\langhelpers.py:121: in __exit__
    raise exc_value.with_traceback(exc_tb)
.venv\Lib\site-packages\sqlalchemy\pool\base.py:1309: in _checkout
    result = pool._dialect._do_ping_w_event(
.venv\Lib\site-packages\sqlalchemy\engine\default.py:729: in _do_ping_w_event
    return self.do_ping(dbapi_connection)
           ^^^^^^^^^^^^^^^^^^^^^^^^^^^^^^
.venv\Lib\site-packages\sqlalchemy\dialects\postgresql\asyncpg.py:1160: in do_ping
    dbapi_connection.ping()
.venv\Lib\site-packages\sqlalchemy\dialects\postgresql\asyncpg.py:818: in ping
    self._handle_exception(error)
.venv\Lib\site-packages\sqlalchemy\dialects\postgresql\asyncpg.py:799: in _handle_exception
    raise error
.venv\Lib\site-packages\sqlalchemy\dialects\postgresql\asyncpg.py:816: in ping
    _ = self.await_(self._async_ping())
        ^^^^^^^^^^^^^^^^^^^^^^^^^^^^^^^
.venv\Lib\site-packages\sqlalchemy\util\_concurrency_py3k.py:132: in await_only
    return current.parent.switch(awaitable)  # type: ignore[no-any-return,attr-defined] # noqa: E501
           ^^^^^^^^^^^^^^^^^^^^^^^^^^^^^^^^
.venv\Lib\site-packages\sqlalchemy\util\_concurrency_py3k.py:196: in greenlet_spawn
    value = await result
            ^^^^^^^^^^^^
.venv\Lib\site-packages\sqlalchemy\dialects\postgresql\asyncpg.py:825: in _async_ping
    await tr.start()
.venv\Lib\site-packages\asyncpg\transaction.py:146: in start
    await self._connection.execute(query)
.venv\Lib\site-packages\asyncpg\connection.py:354: in execute
    result = await self._protocol.query(query, timeout)
             ^^^^^^^^^^^^^^^^^^^^^^^^^^^^^^^^^^^^^^^^^^
asyncpg/protocol/protocol.pyx:369: in query
    ???
asyncpg/protocol/protocol.pyx:362: in asyncpg.protocol.protocol.BaseProtocol.query
    ???
asyncpg/protocol/coreproto.pyx:1174: in asyncpg.protocol.protocol.CoreProtocol._simple_query
    ???
asyncpg/protocol/protocol.pyx:956: in asyncpg.protocol.protocol.BaseProtocol._write
    ???
..\..\..\..\..\AppData\Local\Python\pythoncore-3.14-64\Lib\asyncio\sslproto.py:222: in write
    self._ssl_protocol._write_appdata((data,))
..\..\..\..\..\AppData\Local\Python\pythoncore-3.14-64\Lib\asyncio\sslproto.py:700: in _write_appdata
    self._fatal_error(ex, 'Fatal error on SSL protocol')
..\..\..\..\..\AppData\Local\Python\pythoncore-3.14-64\Lib\asyncio\sslproto.py:918: in _fatal_error
    self._transport._force_close(exc)
..\..\..\..\..\AppData\Local\Python\pythoncore-3.14-64\Lib\asyncio\proactor_events.py:152: in _force_close
    self._loop.call_soon(self._call_connection_lost, exc)
..\..\..\..\..\AppData\Local\Python\pythoncore-3.14-64\Lib\asyncio\base_events.py:827: in call_soon
    self._check_closed()
..\..\..\..\..\AppData\Local\Python\pythoncore-3.14-64\Lib\asyncio\base_events.py:550: in _check_closed
    raise RuntimeError('Event loop is closed')
E   RuntimeError: Event loop is closed
------------------------------ Captured log call ------------------------------
ERROR    sqlalchemy.pool.impl.AsyncAdaptedQueuePool:base.py:377 Exception terminating connection <AdaptedConnection <asyncpg.connection.Connection object at 0x0000020EE15A6030>>
Traceback (most recent call last):
  File "C:\Users\nmendoza\Documents\Visual_Works\Planificacion-Voluntarios\plani-app-back\plani-app-back\.venv\Lib\site-packages\sqlalchemy\pool\base.py", line 373, in _close_connection
    self._dialect.do_terminate(connection)
    ~~~~~~~~~~~~~~~~~~~~~~~~~~^^^^^^^^^^^^
  File "C:\Users\nmendoza\Documents\Visual_Works\Planificacion-Voluntarios\plani-app-back\plani-app-back\.venv\Lib\site-packages\sqlalchemy\dialects\postgresql\asyncpg.py", line 1127, in do_terminate
    dbapi_connection.terminate()
    ~~~~~~~~~~~~~~~~~~~~~~~~~~^^
  File "C:\Users\nmendoza\Documents\Visual_Works\Planificacion-Voluntarios\plani-app-back\plani-app-back\.venv\Lib\site-packages\sqlalchemy\connectors\asyncio.py", line 402, in terminate
    self.await_(asyncio.shield(self._terminate_graceful_close()))  # type: ignore[attr-defined] # noqa: E501
    ~~~~~~~~~~~^^^^^^^^^^^^^^^^^^^^^^^^^^^^^^^^^^^^^^^^^^^^^^^^^^
  File "C:\Users\nmendoza\Documents\Visual_Works\Planificacion-Voluntarios\plani-app-back\plani-app-back\.venv\Lib\site-packages\sqlalchemy\util\_concurrency_py3k.py", line 132, in await_only
    return current.parent.switch(awaitable)  # type: ignore[no-any-return,attr-defined] # noqa: E501
           ~~~~~~~~~~~~~~~~~~~~~^^^^^^^^^^^
  File "C:\Users\nmendoza\Documents\Visual_Works\Planificacion-Voluntarios\plani-app-back\plani-app-back\.venv\Lib\site-packages\sqlalchemy\util\_concurrency_py3k.py", line 196, in greenlet_spawn
    value = await result
            ^^^^^^^^^^^^
  File "C:\Users\nmendoza\Documents\Visual_Works\Planificacion-Voluntarios\plani-app-back\plani-app-back\.venv\Lib\site-packages\sqlalchemy\dialects\postgresql\asyncpg.py", line 912, in _terminate_graceful_close
    await self._connection.close(timeout=2)
  File "C:\Users\nmendoza\Documents\Visual_Works\Planificacion-Voluntarios\plani-app-back\plani-app-back\.venv\Lib\site-packages\asyncpg\connection.py", line 1513, in close
    await self._protocol.close(timeout)
  File "asyncpg/protocol/protocol.pyx", line 617, in close
  File "asyncpg/protocol/protocol.pyx", line 650, in asyncpg.protocol.protocol.BaseProtocol._request_cancel
  File "C:\Users\nmendoza\Documents\Visual_Works\Planificacion-Voluntarios\plani-app-back\plani-app-back\.venv\Lib\site-packages\asyncpg\connection.py", line 1682, in _cancel_current_command
    self._cancellations.add(self._loop.create_task(self._cancel(waiter)))
                            ~~~~~~~~~~~~~~~~~~~~~~^^^^^^^^^^^^^^^^^^^^^^
  File "C:\Users\nmendoza\AppData\Local\Python\pythoncore-3.14-64\Lib\asyncio\base_events.py", line 466, in create_task
    self._check_closed()
    ~~~~~~~~~~~~~~~~~~^^
  File "C:\Users\nmendoza\AppData\Local\Python\pythoncore-3.14-64\Lib\asyncio\base_events.py", line 550, in _check_closed
    raise RuntimeError('Event loop is closed')
RuntimeError: Event loop is closed
__________________ test_empresa_no_encontrada_is_hard_reject __________________
..\..\..\..\..\AppData\Local\Python\pythoncore-3.14-64\Lib\asyncio\base_events.py:827: in call_soon
    self._check_closed()
..\..\..\..\..\AppData\Local\Python\pythoncore-3.14-64\Lib\asyncio\base_events.py:550: in _check_closed
    raise RuntimeError('Event loop is closed')
E   RuntimeError: Event loop is closed

During handling of the above exception, another exception occurred:
tests\test_planificacion_extras.py:443: in test_empresa_no_encontrada_is_hard_reject
    catalog_anchor, base_anchor = await _pick_two_talleres(db_session)
                                  ^^^^^^^^^^^^^^^^^^^^^^^^^^^^^^^^^^^^
tests\test_planificacion_extras.py:167: in _pick_two_talleres
    res = await db.execute(
.venv\Lib\site-packages\sqlalchemy\ext\asyncio\session.py:449: in execute
    result = await greenlet_spawn(
.venv\Lib\site-packages\sqlalchemy\util\_concurrency_py3k.py:201: in greenlet_spawn
    result = context.throw(*sys.exc_info())
             ^^^^^^^^^^^^^^^^^^^^^^^^^^^^^^
.venv\Lib\site-packages\sqlalchemy\orm\session.py:2351: in execute
    return self._execute_internal(
.venv\Lib\site-packages\sqlalchemy\orm\session.py:2239: in _execute_internal
    conn = self._connection_for_bind(bind)
           ^^^^^^^^^^^^^^^^^^^^^^^^^^^^^^^
.venv\Lib\site-packages\sqlalchemy\orm\session.py:2108: in _connection_for_bind
    return trans._connection_for_bind(engine, execution_options)
           ^^^^^^^^^^^^^^^^^^^^^^^^^^^^^^^^^^^^^^^^^^^^^^^^^^^^^
<string>:2: in _connection_for_bind
    ???
.venv\Lib\site-packages\sqlalchemy\orm\state_changes.py:137: in _go
    ret_value = fn(self, *arg, **kw)
                ^^^^^^^^^^^^^^^^^^^^
.venv\Lib\site-packages\sqlalchemy\orm\session.py:1187: in _connection_for_bind
    conn = bind.connect()
           ^^^^^^^^^^^^^^
.venv\Lib\site-packages\sqlalchemy\engine\base.py:3293: in connect
    return self._connection_cls(self)
           ^^^^^^^^^^^^^^^^^^^^^^^^^^
.venv\Lib\site-packages\sqlalchemy\engine\base.py:143: in __init__
    self._dbapi_connection = engine.raw_connection()
                             ^^^^^^^^^^^^^^^^^^^^^^^
.venv\Lib\site-packages\sqlalchemy\engine\base.py:3317: in raw_connection
    return self.pool.connect()
           ^^^^^^^^^^^^^^^^^^^
.venv\Lib\site-packages\sqlalchemy\pool\base.py:448: in connect
    return _ConnectionFairy._checkout(self)
           ^^^^^^^^^^^^^^^^^^^^^^^^^^^^^^^^
.venv\Lib\site-packages\sqlalchemy\pool\base.py:1371: in _checkout
    with util.safe_reraise():
         ^^^^^^^^^^^^^^^^^^^
.venv\Lib\site-packages\sqlalchemy\util\langhelpers.py:121: in __exit__
    raise exc_value.with_traceback(exc_tb)
.venv\Lib\site-packages\sqlalchemy\pool\base.py:1309: in _checkout
    result = pool._dialect._do_ping_w_event(
.venv\Lib\site-packages\sqlalchemy\engine\default.py:729: in _do_ping_w_event
    return self.do_ping(dbapi_connection)
           ^^^^^^^^^^^^^^^^^^^^^^^^^^^^^^
.venv\Lib\site-packages\sqlalchemy\dialects\postgresql\asyncpg.py:1160: in do_ping
    dbapi_connection.ping()
.venv\Lib\site-packages\sqlalchemy\dialects\postgresql\asyncpg.py:818: in ping
    self._handle_exception(error)
.venv\Lib\site-packages\sqlalchemy\dialects\postgresql\asyncpg.py:799: in _handle_exception
    raise error
.venv\Lib\site-packages\sqlalchemy\dialects\postgresql\asyncpg.py:816: in ping
    _ = self.await_(self._async_ping())
        ^^^^^^^^^^^^^^^^^^^^^^^^^^^^^^^
.venv\Lib\site-packages\sqlalchemy\util\_concurrency_py3k.py:132: in await_only
    return current.parent.switch(awaitable)  # type: ignore[no-any-return,attr-defined] # noqa: E501
           ^^^^^^^^^^^^^^^^^^^^^^^^^^^^^^^^
.venv\Lib\site-packages\sqlalchemy\util\_concurrency_py3k.py:196: in greenlet_spawn
    value = await result
            ^^^^^^^^^^^^
.venv\Lib\site-packages\sqlalchemy\dialects\postgresql\asyncpg.py:825: in _async_ping
    await tr.start()
.venv\Lib\site-packages\asyncpg\transaction.py:146: in start
    await self._connection.execute(query)
.venv\Lib\site-packages\asyncpg\connection.py:354: in execute
    result = await self._protocol.query(query, timeout)
             ^^^^^^^^^^^^^^^^^^^^^^^^^^^^^^^^^^^^^^^^^^
asyncpg/protocol/protocol.pyx:369: in query
    ???
asyncpg/protocol/protocol.pyx:362: in asyncpg.protocol.protocol.BaseProtocol.query
    ???
asyncpg/protocol/coreproto.pyx:1174: in asyncpg.protocol.protocol.CoreProtocol._simple_query
    ???
asyncpg/protocol/protocol.pyx:956: in asyncpg.protocol.protocol.BaseProtocol._write
    ???
..\..\..\..\..\AppData\Local\Python\pythoncore-3.14-64\Lib\asyncio\sslproto.py:222: in write
    self._ssl_protocol._write_appdata((data,))
..\..\..\..\..\AppData\Local\Python\pythoncore-3.14-64\Lib\asyncio\sslproto.py:700: in _write_appdata
    self._fatal_error(ex, 'Fatal error on SSL protocol')
..\..\..\..\..\AppData\Local\Python\pythoncore-3.14-64\Lib\asyncio\sslproto.py:918: in _fatal_error
    self._transport._force_close(exc)
..\..\..\..\..\AppData\Local\Python\pythoncore-3.14-64\Lib\asyncio\proactor_events.py:152: in _force_close
    self._loop.call_soon(self._call_connection_lost, exc)
..\..\..\..\..\AppData\Local\Python\pythoncore-3.14-64\Lib\asyncio\base_events.py:827: in call_soon
    self._check_closed()
..\..\..\..\..\AppData\Local\Python\pythoncore-3.14-64\Lib\asyncio\base_events.py:550: in _check_closed
    raise RuntimeError('Event loop is closed')
E   RuntimeError: Event loop is closed
------------------------------ Captured log call ------------------------------
ERROR    sqlalchemy.pool.impl.AsyncAdaptedQueuePool:base.py:377 Exception terminating connection <AdaptedConnection <asyncpg.connection.Connection object at 0x0000020EE15A54F0>>
Traceback (most recent call last):
  File "C:\Users\nmendoza\Documents\Visual_Works\Planificacion-Voluntarios\plani-app-back\plani-app-back\.venv\Lib\site-packages\sqlalchemy\pool\base.py", line 373, in _close_connection
    self._dialect.do_terminate(connection)
    ~~~~~~~~~~~~~~~~~~~~~~~~~~^^^^^^^^^^^^
  File "C:\Users\nmendoza\Documents\Visual_Works\Planificacion-Voluntarios\plani-app-back\plani-app-back\.venv\Lib\site-packages\sqlalchemy\dialects\postgresql\asyncpg.py", line 1127, in do_terminate
    dbapi_connection.terminate()
    ~~~~~~~~~~~~~~~~~~~~~~~~~~^^
  File "C:\Users\nmendoza\Documents\Visual_Works\Planificacion-Voluntarios\plani-app-back\plani-app-back\.venv\Lib\site-packages\sqlalchemy\connectors\asyncio.py", line 402, in terminate
    self.await_(asyncio.shield(self._terminate_graceful_close()))  # type: ignore[attr-defined] # noqa: E501
    ~~~~~~~~~~~^^^^^^^^^^^^^^^^^^^^^^^^^^^^^^^^^^^^^^^^^^^^^^^^^^
  File "C:\Users\nmendoza\Documents\Visual_Works\Planificacion-Voluntarios\plani-app-back\plani-app-back\.venv\Lib\site-packages\sqlalchemy\util\_concurrency_py3k.py", line 132, in await_only
    return current.parent.switch(awaitable)  # type: ignore[no-any-return,attr-defined] # noqa: E501
           ~~~~~~~~~~~~~~~~~~~~~^^^^^^^^^^^
  File "C:\Users\nmendoza\Documents\Visual_Works\Planificacion-Voluntarios\plani-app-back\plani-app-back\.venv\Lib\site-packages\sqlalchemy\util\_concurrency_py3k.py", line 196, in greenlet_spawn
    value = await result
            ^^^^^^^^^^^^
  File "C:\Users\nmendoza\Documents\Visual_Works\Planificacion-Voluntarios\plani-app-back\plani-app-back\.venv\Lib\site-packages\sqlalchemy\dialects\postgresql\asyncpg.py", line 912, in _terminate_graceful_close
    await self._connection.close(timeout=2)
  File "C:\Users\nmendoza\Documents\Visual_Works\Planificacion-Voluntarios\plani-app-back\plani-app-back\.venv\Lib\site-packages\asyncpg\connection.py", line 1513, in close
    await self._protocol.close(timeout)
  File "asyncpg/protocol/protocol.pyx", line 617, in close
  File "asyncpg/protocol/protocol.pyx", line 650, in asyncpg.protocol.protocol.BaseProtocol._request_cancel
  File "C:\Users\nmendoza\Documents\Visual_Works\Planificacion-Voluntarios\plani-app-back\plani-app-back\.venv\Lib\site-packages\asyncpg\connection.py", line 1682, in _cancel_current_command
    self._cancellations.add(self._loop.create_task(self._cancel(waiter)))
                            ~~~~~~~~~~~~~~~~~~~~~~^^^^^^^^^^^^^^^^^^^^^^
  File "C:\Users\nmendoza\AppData\Local\Python\pythoncore-3.14-64\Lib\asyncio\base_events.py", line 466, in create_task
    self._check_closed()
    ~~~~~~~~~~~~~~~~~~^^
  File "C:\Users\nmendoza\AppData\Local\Python\pythoncore-3.14-64\Lib\asyncio\base_events.py", line 550, in _check_closed
    raise RuntimeError('Event loop is closed')
RuntimeError: Event loop is closed
_____________________ test_get_extras_with_estado_filter ______________________
..\..\..\..\..\AppData\Local\Python\pythoncore-3.14-64\Lib\asyncio\base_events.py:827: in call_soon
    self._check_closed()
..\..\..\..\..\AppData\Local\Python\pythoncore-3.14-64\Lib\asyncio\base_events.py:550: in _check_closed
    raise RuntimeError('Event loop is closed')
E   RuntimeError: Event loop is closed

During handling of the above exception, another exception occurred:
tests\test_planificacion_extras.py:520: in test_get_extras_with_estado_filter
    catalog_anchor, base_anchor = await _pick_two_talleres(db_session)
                                  ^^^^^^^^^^^^^^^^^^^^^^^^^^^^^^^^^^^^
tests\test_planificacion_extras.py:167: in _pick_two_talleres
    res = await db.execute(
.venv\Lib\site-packages\sqlalchemy\ext\asyncio\session.py:449: in execute
    result = await greenlet_spawn(
.venv\Lib\site-packages\sqlalchemy\util\_concurrency_py3k.py:201: in greenlet_spawn
    result = context.throw(*sys.exc_info())
             ^^^^^^^^^^^^^^^^^^^^^^^^^^^^^^
.venv\Lib\site-packages\sqlalchemy\orm\session.py:2351: in execute
    return self._execute_internal(
.venv\Lib\site-packages\sqlalchemy\orm\session.py:2239: in _execute_internal
    conn = self._connection_for_bind(bind)
           ^^^^^^^^^^^^^^^^^^^^^^^^^^^^^^^
.venv\Lib\site-packages\sqlalchemy\orm\session.py:2108: in _connection_for_bind
    return trans._connection_for_bind(engine, execution_options)
           ^^^^^^^^^^^^^^^^^^^^^^^^^^^^^^^^^^^^^^^^^^^^^^^^^^^^^
<string>:2: in _connection_for_bind
    ???
.venv\Lib\site-packages\sqlalchemy\orm\state_changes.py:137: in _go
    ret_value = fn(self, *arg, **kw)
                ^^^^^^^^^^^^^^^^^^^^
.venv\Lib\site-packages\sqlalchemy\orm\session.py:1187: in _connection_for_bind
    conn = bind.connect()
           ^^^^^^^^^^^^^^
.venv\Lib\site-packages\sqlalchemy\engine\base.py:3293: in connect
    return self._connection_cls(self)
           ^^^^^^^^^^^^^^^^^^^^^^^^^^
.venv\Lib\site-packages\sqlalchemy\engine\base.py:143: in __init__
    self._dbapi_connection = engine.raw_connection()
                             ^^^^^^^^^^^^^^^^^^^^^^^
.venv\Lib\site-packages\sqlalchemy\engine\base.py:3317: in raw_connection
    return self.pool.connect()
           ^^^^^^^^^^^^^^^^^^^
.venv\Lib\site-packages\sqlalchemy\pool\base.py:448: in connect
    return _ConnectionFairy._checkout(self)
           ^^^^^^^^^^^^^^^^^^^^^^^^^^^^^^^^
.venv\Lib\site-packages\sqlalchemy\pool\base.py:1371: in _checkout
    with util.safe_reraise():
         ^^^^^^^^^^^^^^^^^^^
.venv\Lib\site-packages\sqlalchemy\util\langhelpers.py:121: in __exit__
    raise exc_value.with_traceback(exc_tb)
.venv\Lib\site-packages\sqlalchemy\pool\base.py:1309: in _checkout
    result = pool._dialect._do_ping_w_event(
.venv\Lib\site-packages\sqlalchemy\engine\default.py:729: in _do_ping_w_event
    return self.do_ping(dbapi_connection)
           ^^^^^^^^^^^^^^^^^^^^^^^^^^^^^^
.venv\Lib\site-packages\sqlalchemy\dialects\postgresql\asyncpg.py:1160: in do_ping
    dbapi_connection.ping()
.venv\Lib\site-packages\sqlalchemy\dialects\postgresql\asyncpg.py:818: in ping
    self._handle_exception(error)
.venv\Lib\site-packages\sqlalchemy\dialects\postgresql\asyncpg.py:799: in _handle_exception
    raise error
.venv\Lib\site-packages\sqlalchemy\dialects\postgresql\asyncpg.py:816: in ping
    _ = self.await_(self._async_ping())
        ^^^^^^^^^^^^^^^^^^^^^^^^^^^^^^^
.venv\Lib\site-packages\sqlalchemy\util\_concurrency_py3k.py:132: in await_only
    return current.parent.switch(awaitable)  # type: ignore[no-any-return,attr-defined] # noqa: E501
           ^^^^^^^^^^^^^^^^^^^^^^^^^^^^^^^^
.venv\Lib\site-packages\sqlalchemy\util\_concurrency_py3k.py:196: in greenlet_spawn
    value = await result
            ^^^^^^^^^^^^
.venv\Lib\site-packages\sqlalchemy\dialects\postgresql\asyncpg.py:825: in _async_ping
    await tr.start()
.venv\Lib\site-packages\asyncpg\transaction.py:146: in start
    await self._connection.execute(query)
.venv\Lib\site-packages\asyncpg\connection.py:354: in execute
    result = await self._protocol.query(query, timeout)
             ^^^^^^^^^^^^^^^^^^^^^^^^^^^^^^^^^^^^^^^^^^
asyncpg/protocol/protocol.pyx:369: in query
    ???
asyncpg/protocol/protocol.pyx:362: in asyncpg.protocol.protocol.BaseProtocol.query
    ???
asyncpg/protocol/coreproto.pyx:1174: in asyncpg.protocol.protocol.CoreProtocol._simple_query
    ???
asyncpg/protocol/protocol.pyx:956: in asyncpg.protocol.protocol.BaseProtocol._write
    ???
..\..\..\..\..\AppData\Local\Python\pythoncore-3.14-64\Lib\asyncio\sslproto.py:222: in write
    self._ssl_protocol._write_appdata((data,))
..\..\..\..\..\AppData\Local\Python\pythoncore-3.14-64\Lib\asyncio\sslproto.py:700: in _write_appdata
    self._fatal_error(ex, 'Fatal error on SSL protocol')
..\..\..\..\..\AppData\Local\Python\pythoncore-3.14-64\Lib\asyncio\sslproto.py:918: in _fatal_error
    self._transport._force_close(exc)
..\..\..\..\..\AppData\Local\Python\pythoncore-3.14-64\Lib\asyncio\proactor_events.py:152: in _force_close
    self._loop.call_soon(self._call_connection_lost, exc)
..\..\..\..\..\AppData\Local\Python\pythoncore-3.14-64\Lib\asyncio\base_events.py:827: in call_soon
    self._check_closed()
..\..\..\..\..\AppData\Local\Python\pythoncore-3.14-64\Lib\asyncio\base_events.py:550: in _check_closed
    raise RuntimeError('Event loop is closed')
E   RuntimeError: Event loop is closed
------------------------------ Captured log call ------------------------------
ERROR    sqlalchemy.pool.impl.AsyncAdaptedQueuePool:base.py:377 Exception terminating connection <AdaptedConnection <asyncpg.connection.Connection object at 0x0000020EE0CF2990>>
Traceback (most recent call last):
  File "C:\Users\nmendoza\Documents\Visual_Works\Planificacion-Voluntarios\plani-app-back\plani-app-back\.venv\Lib\site-packages\sqlalchemy\pool\base.py", line 373, in _close_connection
    self._dialect.do_terminate(connection)
    ~~~~~~~~~~~~~~~~~~~~~~~~~~^^^^^^^^^^^^
  File "C:\Users\nmendoza\Documents\Visual_Works\Planificacion-Voluntarios\plani-app-back\plani-app-back\.venv\Lib\site-packages\sqlalchemy\dialects\postgresql\asyncpg.py", line 1127, in do_terminate
    dbapi_connection.terminate()
    ~~~~~~~~~~~~~~~~~~~~~~~~~~^^
  File "C:\Users\nmendoza\Documents\Visual_Works\Planificacion-Voluntarios\plani-app-back\plani-app-back\.venv\Lib\site-packages\sqlalchemy\connectors\asyncio.py", line 402, in terminate
    self.await_(asyncio.shield(self._terminate_graceful_close()))  # type: ignore[attr-defined] # noqa: E501
    ~~~~~~~~~~~^^^^^^^^^^^^^^^^^^^^^^^^^^^^^^^^^^^^^^^^^^^^^^^^^^
  File "C:\Users\nmendoza\Documents\Visual_Works\Planificacion-Voluntarios\plani-app-back\plani-app-back\.venv\Lib\site-packages\sqlalchemy\util\_concurrency_py3k.py", line 132, in await_only
    return current.parent.switch(awaitable)  # type: ignore[no-any-return,attr-defined] # noqa: E501
           ~~~~~~~~~~~~~~~~~~~~~^^^^^^^^^^^
  File "C:\Users\nmendoza\Documents\Visual_Works\Planificacion-Voluntarios\plani-app-back\plani-app-back\.venv\Lib\site-packages\sqlalchemy\util\_concurrency_py3k.py", line 196, in greenlet_spawn
    value = await result
            ^^^^^^^^^^^^
  File "C:\Users\nmendoza\Documents\Visual_Works\Planificacion-Voluntarios\plani-app-back\plani-app-back\.venv\Lib\site-packages\sqlalchemy\dialects\postgresql\asyncpg.py", line 912, in _terminate_graceful_close
    await self._connection.close(timeout=2)
  File "C:\Users\nmendoza\Documents\Visual_Works\Planificacion-Voluntarios\plani-app-back\plani-app-back\.venv\Lib\site-packages\asyncpg\connection.py", line 1513, in close
    await self._protocol.close(timeout)
  File "asyncpg/protocol/protocol.pyx", line 617, in close
  File "asyncpg/protocol/protocol.pyx", line 650, in asyncpg.protocol.protocol.BaseProtocol._request_cancel
  File "C:\Users\nmendoza\Documents\Visual_Works\Planificacion-Voluntarios\plani-app-back\plani-app-back\.venv\Lib\site-packages\asyncpg\connection.py", line 1682, in _cancel_current_command
    self._cancellations.add(self._loop.create_task(self._cancel(waiter)))
                            ~~~~~~~~~~~~~~~~~~~~~~^^^^^^^^^^^^^^^^^^^^^^
  File "C:\Users\nmendoza\AppData\Local\Python\pythoncore-3.14-64\Lib\asyncio\base_events.py", line 466, in create_task
    self._check_closed()
    ~~~~~~~~~~~~~~~~~~^^
  File "C:\Users\nmendoza\AppData\Local\Python\pythoncore-3.14-64\Lib\asyncio\base_events.py", line 550, in _check_closed
    raise RuntimeError('Event loop is closed')
RuntimeError: Event loop is closed
________ test_extra_classified_when_strict_match_and_ep_and_collision _________
..\..\..\..\..\AppData\Local\Python\pythoncore-3.14-64\Lib\asyncio\base_events.py:827: in call_soon
    self._check_closed()
..\..\..\..\..\AppData\Local\Python\pythoncore-3.14-64\Lib\asyncio\base_events.py:550: in _check_closed
    raise RuntimeError('Event loop is closed')
E   RuntimeError: Event loop is closed

During handling of the above exception, another exception occurred:
tests\test_planificacion_extras.py:622: in test_extra_classified_when_strict_match_and_ep_and_collision
    taller = await _pick_one_taller(db_session)
             ^^^^^^^^^^^^^^^^^^^^^^^^^^^^^^^^^^
tests\test_planificacion_extras.py:97: in _pick_one_taller
    res = await db.execute(
.venv\Lib\site-packages\sqlalchemy\ext\asyncio\session.py:449: in execute
    result = await greenlet_spawn(
.venv\Lib\site-packages\sqlalchemy\util\_concurrency_py3k.py:201: in greenlet_spawn
    result = context.throw(*sys.exc_info())
             ^^^^^^^^^^^^^^^^^^^^^^^^^^^^^^
.venv\Lib\site-packages\sqlalchemy\orm\session.py:2351: in execute
    return self._execute_internal(
.venv\Lib\site-packages\sqlalchemy\orm\session.py:2239: in _execute_internal
    conn = self._connection_for_bind(bind)
           ^^^^^^^^^^^^^^^^^^^^^^^^^^^^^^^
.venv\Lib\site-packages\sqlalchemy\orm\session.py:2108: in _connection_for_bind
    return trans._connection_for_bind(engine, execution_options)
           ^^^^^^^^^^^^^^^^^^^^^^^^^^^^^^^^^^^^^^^^^^^^^^^^^^^^^
<string>:2: in _connection_for_bind
    ???
.venv\Lib\site-packages\sqlalchemy\orm\state_changes.py:137: in _go
    ret_value = fn(self, *arg, **kw)
                ^^^^^^^^^^^^^^^^^^^^
.venv\Lib\site-packages\sqlalchemy\orm\session.py:1187: in _connection_for_bind
    conn = bind.connect()
           ^^^^^^^^^^^^^^
.venv\Lib\site-packages\sqlalchemy\engine\base.py:3293: in connect
    return self._connection_cls(self)
           ^^^^^^^^^^^^^^^^^^^^^^^^^^
.venv\Lib\site-packages\sqlalchemy\engine\base.py:143: in __init__
    self._dbapi_connection = engine.raw_connection()
                             ^^^^^^^^^^^^^^^^^^^^^^^
.venv\Lib\site-packages\sqlalchemy\engine\base.py:3317: in raw_connection
    return self.pool.connect()
           ^^^^^^^^^^^^^^^^^^^
.venv\Lib\site-packages\sqlalchemy\pool\base.py:448: in connect
    return _ConnectionFairy._checkout(self)
           ^^^^^^^^^^^^^^^^^^^^^^^^^^^^^^^^
.venv\Lib\site-packages\sqlalchemy\pool\base.py:1371: in _checkout
    with util.safe_reraise():
         ^^^^^^^^^^^^^^^^^^^
.venv\Lib\site-packages\sqlalchemy\util\langhelpers.py:121: in __exit__
    raise exc_value.with_traceback(exc_tb)
.venv\Lib\site-packages\sqlalchemy\pool\base.py:1309: in _checkout
    result = pool._dialect._do_ping_w_event(
.venv\Lib\site-packages\sqlalchemy\engine\default.py:729: in _do_ping_w_event
    return self.do_ping(dbapi_connection)
           ^^^^^^^^^^^^^^^^^^^^^^^^^^^^^^
.venv\Lib\site-packages\sqlalchemy\dialects\postgresql\asyncpg.py:1160: in do_ping
    dbapi_connection.ping()
.venv\Lib\site-packages\sqlalchemy\dialects\postgresql\asyncpg.py:818: in ping
    self._handle_exception(error)
.venv\Lib\site-packages\sqlalchemy\dialects\postgresql\asyncpg.py:799: in _handle_exception
    raise error
.venv\Lib\site-packages\sqlalchemy\dialects\postgresql\asyncpg.py:816: in ping
    _ = self.await_(self._async_ping())
        ^^^^^^^^^^^^^^^^^^^^^^^^^^^^^^^
.venv\Lib\site-packages\sqlalchemy\util\_concurrency_py3k.py:132: in await_only
    return current.parent.switch(awaitable)  # type: ignore[no-any-return,attr-defined] # noqa: E501
           ^^^^^^^^^^^^^^^^^^^^^^^^^^^^^^^^
.venv\Lib\site-packages\sqlalchemy\util\_concurrency_py3k.py:196: in greenlet_spawn
    value = await result
            ^^^^^^^^^^^^
.venv\Lib\site-packages\sqlalchemy\dialects\postgresql\asyncpg.py:825: in _async_ping
    await tr.start()
.venv\Lib\site-packages\asyncpg\transaction.py:146: in start
    await self._connection.execute(query)
.venv\Lib\site-packages\asyncpg\connection.py:354: in execute
    result = await self._protocol.query(query, timeout)
             ^^^^^^^^^^^^^^^^^^^^^^^^^^^^^^^^^^^^^^^^^^
asyncpg/protocol/protocol.pyx:369: in query
    ???
asyncpg/protocol/protocol.pyx:362: in asyncpg.protocol.protocol.BaseProtocol.query
    ???
asyncpg/protocol/coreproto.pyx:1174: in asyncpg.protocol.protocol.CoreProtocol._simple_query
    ???
asyncpg/protocol/protocol.pyx:956: in asyncpg.protocol.protocol.BaseProtocol._write
    ???
..\..\..\..\..\AppData\Local\Python\pythoncore-3.14-64\Lib\asyncio\sslproto.py:222: in write
    self._ssl_protocol._write_appdata((data,))
..\..\..\..\..\AppData\Local\Python\pythoncore-3.14-64\Lib\asyncio\sslproto.py:700: in _write_appdata
    self._fatal_error(ex, 'Fatal error on SSL protocol')
..\..\..\..\..\AppData\Local\Python\pythoncore-3.14-64\Lib\asyncio\sslproto.py:918: in _fatal_error
    self._transport._force_close(exc)
..\..\..\..\..\AppData\Local\Python\pythoncore-3.14-64\Lib\asyncio\proactor_events.py:152: in _force_close
    self._loop.call_soon(self._call_connection_lost, exc)
..\..\..\..\..\AppData\Local\Python\pythoncore-3.14-64\Lib\asyncio\base_events.py:827: in call_soon
    self._check_closed()
..\..\..\..\..\AppData\Local\Python\pythoncore-3.14-64\Lib\asyncio\base_events.py:550: in _check_closed
    raise RuntimeError('Event loop is closed')
E   RuntimeError: Event loop is closed
------------------------------ Captured log call ------------------------------
ERROR    sqlalchemy.pool.impl.AsyncAdaptedQueuePool:base.py:377 Exception terminating connection <AdaptedConnection <asyncpg.connection.Connection object at 0x0000020EE1206E40>>
Traceback (most recent call last):
  File "C:\Users\nmendoza\Documents\Visual_Works\Planificacion-Voluntarios\plani-app-back\plani-app-back\.venv\Lib\site-packages\sqlalchemy\pool\base.py", line 373, in _close_connection
    self._dialect.do_terminate(connection)
    ~~~~~~~~~~~~~~~~~~~~~~~~~~^^^^^^^^^^^^
  File "C:\Users\nmendoza\Documents\Visual_Works\Planificacion-Voluntarios\plani-app-back\plani-app-back\.venv\Lib\site-packages\sqlalchemy\dialects\postgresql\asyncpg.py", line 1127, in do_terminate
    dbapi_connection.terminate()
    ~~~~~~~~~~~~~~~~~~~~~~~~~~^^
  File "C:\Users\nmendoza\Documents\Visual_Works\Planificacion-Voluntarios\plani-app-back\plani-app-back\.venv\Lib\site-packages\sqlalchemy\connectors\asyncio.py", line 402, in terminate
    self.await_(asyncio.shield(self._terminate_graceful_close()))  # type: ignore[attr-defined] # noqa: E501
    ~~~~~~~~~~~^^^^^^^^^^^^^^^^^^^^^^^^^^^^^^^^^^^^^^^^^^^^^^^^^^
  File "C:\Users\nmendoza\Documents\Visual_Works\Planificacion-Voluntarios\plani-app-back\plani-app-back\.venv\Lib\site-packages\sqlalchemy\util\_concurrency_py3k.py", line 132, in await_only
    return current.parent.switch(awaitable)  # type: ignore[no-any-return,attr-defined] # noqa: E501
           ~~~~~~~~~~~~~~~~~~~~~^^^^^^^^^^^
  File "C:\Users\nmendoza\Documents\Visual_Works\Planificacion-Voluntarios\plani-app-back\plani-app-back\.venv\Lib\site-packages\sqlalchemy\util\_concurrency_py3k.py", line 196, in greenlet_spawn
    value = await result
            ^^^^^^^^^^^^
  File "C:\Users\nmendoza\Documents\Visual_Works\Planificacion-Voluntarios\plani-app-back\plani-app-back\.venv\Lib\site-packages\sqlalchemy\dialects\postgresql\asyncpg.py", line 912, in _terminate_graceful_close
    await self._connection.close(timeout=2)
  File "C:\Users\nmendoza\Documents\Visual_Works\Planificacion-Voluntarios\plani-app-back\plani-app-back\.venv\Lib\site-packages\asyncpg\connection.py", line 1513, in close
    await self._protocol.close(timeout)
  File "asyncpg/protocol/protocol.pyx", line 617, in close
  File "asyncpg/protocol/protocol.pyx", line 650, in asyncpg.protocol.protocol.BaseProtocol._request_cancel
  File "C:\Users\nmendoza\Documents\Visual_Works\Planificacion-Voluntarios\plani-app-back\plani-app-back\.venv\Lib\site-packages\asyncpg\connection.py", line 1682, in _cancel_current_command
    self._cancellations.add(self._loop.create_task(self._cancel(waiter)))
                            ~~~~~~~~~~~~~~~~~~~~~~^^^^^^^^^^^^^^^^^^^^^^
  File "C:\Users\nmendoza\AppData\Local\Python\pythoncore-3.14-64\Lib\asyncio\base_events.py", line 466, in create_task
    self._check_closed()
    ~~~~~~~~~~~~~~~~~~^^
  File "C:\Users\nmendoza\AppData\Local\Python\pythoncore-3.14-64\Lib\asyncio\base_events.py", line 550, in _check_closed
    raise RuntimeError('Event loop is closed')
RuntimeError: Event loop is closed
_______________________ test_two_ep_companies_collision _______________________
..\..\..\..\..\AppData\Local\Python\pythoncore-3.14-64\Lib\asyncio\base_events.py:827: in call_soon
    self._check_closed()
..\..\..\..\..\AppData\Local\Python\pythoncore-3.14-64\Lib\asyncio\base_events.py:550: in _check_closed
    raise RuntimeError('Event loop is closed')
E   RuntimeError: Event loop is closed

During handling of the above exception, another exception occurred:
tests\test_planificacion_extras.py:704: in test_two_ep_companies_collision
    taller = await _pick_one_taller(db_session)
             ^^^^^^^^^^^^^^^^^^^^^^^^^^^^^^^^^^
tests\test_planificacion_extras.py:97: in _pick_one_taller
    res = await db.execute(
.venv\Lib\site-packages\sqlalchemy\ext\asyncio\session.py:449: in execute
    result = await greenlet_spawn(
.venv\Lib\site-packages\sqlalchemy\util\_concurrency_py3k.py:201: in greenlet_spawn
    result = context.throw(*sys.exc_info())
             ^^^^^^^^^^^^^^^^^^^^^^^^^^^^^^
.venv\Lib\site-packages\sqlalchemy\orm\session.py:2351: in execute
    return self._execute_internal(
.venv\Lib\site-packages\sqlalchemy\orm\session.py:2239: in _execute_internal
    conn = self._connection_for_bind(bind)
           ^^^^^^^^^^^^^^^^^^^^^^^^^^^^^^^
.venv\Lib\site-packages\sqlalchemy\orm\session.py:2108: in _connection_for_bind
    return trans._connection_for_bind(engine, execution_options)
           ^^^^^^^^^^^^^^^^^^^^^^^^^^^^^^^^^^^^^^^^^^^^^^^^^^^^^
<string>:2: in _connection_for_bind
    ???
.venv\Lib\site-packages\sqlalchemy\orm\state_changes.py:137: in _go
    ret_value = fn(self, *arg, **kw)
                ^^^^^^^^^^^^^^^^^^^^
.venv\Lib\site-packages\sqlalchemy\orm\session.py:1187: in _connection_for_bind
    conn = bind.connect()
           ^^^^^^^^^^^^^^
.venv\Lib\site-packages\sqlalchemy\engine\base.py:3293: in connect
    return self._connection_cls(self)
           ^^^^^^^^^^^^^^^^^^^^^^^^^^
.venv\Lib\site-packages\sqlalchemy\engine\base.py:143: in __init__
    self._dbapi_connection = engine.raw_connection()
                             ^^^^^^^^^^^^^^^^^^^^^^^
.venv\Lib\site-packages\sqlalchemy\engine\base.py:3317: in raw_connection
    return self.pool.connect()
           ^^^^^^^^^^^^^^^^^^^
.venv\Lib\site-packages\sqlalchemy\pool\base.py:448: in connect
    return _ConnectionFairy._checkout(self)
           ^^^^^^^^^^^^^^^^^^^^^^^^^^^^^^^^
.venv\Lib\site-packages\sqlalchemy\pool\base.py:1371: in _checkout
    with util.safe_reraise():
         ^^^^^^^^^^^^^^^^^^^
.venv\Lib\site-packages\sqlalchemy\util\langhelpers.py:121: in __exit__
    raise exc_value.with_traceback(exc_tb)
.venv\Lib\site-packages\sqlalchemy\pool\base.py:1309: in _checkout
    result = pool._dialect._do_ping_w_event(
.venv\Lib\site-packages\sqlalchemy\engine\default.py:729: in _do_ping_w_event
    return self.do_ping(dbapi_connection)
           ^^^^^^^^^^^^^^^^^^^^^^^^^^^^^^
.venv\Lib\site-packages\sqlalchemy\dialects\postgresql\asyncpg.py:1160: in do_ping
    dbapi_connection.ping()
.venv\Lib\site-packages\sqlalchemy\dialects\postgresql\asyncpg.py:818: in ping
    self._handle_exception(error)
.venv\Lib\site-packages\sqlalchemy\dialects\postgresql\asyncpg.py:799: in _handle_exception
    raise error
.venv\Lib\site-packages\sqlalchemy\dialects\postgresql\asyncpg.py:816: in ping
    _ = self.await_(self._async_ping())
        ^^^^^^^^^^^^^^^^^^^^^^^^^^^^^^^
.venv\Lib\site-packages\sqlalchemy\util\_concurrency_py3k.py:132: in await_only
    return current.parent.switch(awaitable)  # type: ignore[no-any-return,attr-defined] # noqa: E501
           ^^^^^^^^^^^^^^^^^^^^^^^^^^^^^^^^
.venv\Lib\site-packages\sqlalchemy\util\_concurrency_py3k.py:196: in greenlet_spawn
    value = await result
            ^^^^^^^^^^^^
.venv\Lib\site-packages\sqlalchemy\dialects\postgresql\asyncpg.py:825: in _async_ping
    await tr.start()
.venv\Lib\site-packages\asyncpg\transaction.py:146: in start
    await self._connection.execute(query)
.venv\Lib\site-packages\asyncpg\connection.py:354: in execute
    result = await self._protocol.query(query, timeout)
             ^^^^^^^^^^^^^^^^^^^^^^^^^^^^^^^^^^^^^^^^^^
asyncpg/protocol/protocol.pyx:369: in query
    ???
asyncpg/protocol/protocol.pyx:362: in asyncpg.protocol.protocol.BaseProtocol.query
    ???
asyncpg/protocol/coreproto.pyx:1174: in asyncpg.protocol.protocol.CoreProtocol._simple_query
    ???
asyncpg/protocol/protocol.pyx:956: in asyncpg.protocol.protocol.BaseProtocol._write
    ???
..\..\..\..\..\AppData\Local\Python\pythoncore-3.14-64\Lib\asyncio\sslproto.py:222: in write
    self._ssl_protocol._write_appdata((data,))
..\..\..\..\..\AppData\Local\Python\pythoncore-3.14-64\Lib\asyncio\sslproto.py:700: in _write_appdata
    self._fatal_error(ex, 'Fatal error on SSL protocol')
..\..\..\..\..\AppData\Local\Python\pythoncore-3.14-64\Lib\asyncio\sslproto.py:918: in _fatal_error
    self._transport._force_close(exc)
..\..\..\..\..\AppData\Local\Python\pythoncore-3.14-64\Lib\asyncio\proactor_events.py:152: in _force_close
    self._loop.call_soon(self._call_connection_lost, exc)
..\..\..\..\..\AppData\Local\Python\pythoncore-3.14-64\Lib\asyncio\base_events.py:827: in call_soon
    self._check_closed()
..\..\..\..\..\AppData\Local\Python\pythoncore-3.14-64\Lib\asyncio\base_events.py:550: in _check_closed
    raise RuntimeError('Event loop is closed')
E   RuntimeError: Event loop is closed
------------------------------ Captured log call ------------------------------
ERROR    sqlalchemy.pool.impl.AsyncAdaptedQueuePool:base.py:377 Exception terminating connection <AdaptedConnection <asyncpg.connection.Connection object at 0x0000020EE25E89B0>>
Traceback (most recent call last):
  File "C:\Users\nmendoza\Documents\Visual_Works\Planificacion-Voluntarios\plani-app-back\plani-app-back\.venv\Lib\site-packages\sqlalchemy\pool\base.py", line 373, in _close_connection
    self._dialect.do_terminate(connection)
    ~~~~~~~~~~~~~~~~~~~~~~~~~~^^^^^^^^^^^^
  File "C:\Users\nmendoza\Documents\Visual_Works\Planificacion-Voluntarios\plani-app-back\plani-app-back\.venv\Lib\site-packages\sqlalchemy\dialects\postgresql\asyncpg.py", line 1127, in do_terminate
    dbapi_connection.terminate()
    ~~~~~~~~~~~~~~~~~~~~~~~~~~^^
  File "C:\Users\nmendoza\Documents\Visual_Works\Planificacion-Voluntarios\plani-app-back\plani-app-back\.venv\Lib\site-packages\sqlalchemy\connectors\asyncio.py", line 402, in terminate
    self.await_(asyncio.shield(self._terminate_graceful_close()))  # type: ignore[attr-defined] # noqa: E501
    ~~~~~~~~~~~^^^^^^^^^^^^^^^^^^^^^^^^^^^^^^^^^^^^^^^^^^^^^^^^^^
  File "C:\Users\nmendoza\Documents\Visual_Works\Planificacion-Voluntarios\plani-app-back\plani-app-back\.venv\Lib\site-packages\sqlalchemy\util\_concurrency_py3k.py", line 132, in await_only
    return current.parent.switch(awaitable)  # type: ignore[no-any-return,attr-defined] # noqa: E501
           ~~~~~~~~~~~~~~~~~~~~~^^^^^^^^^^^
  File "C:\Users\nmendoza\Documents\Visual_Works\Planificacion-Voluntarios\plani-app-back\plani-app-back\.venv\Lib\site-packages\sqlalchemy\util\_concurrency_py3k.py", line 196, in greenlet_spawn
    value = await result
            ^^^^^^^^^^^^
  File "C:\Users\nmendoza\Documents\Visual_Works\Planificacion-Voluntarios\plani-app-back\plani-app-back\.venv\Lib\site-packages\sqlalchemy\dialects\postgresql\asyncpg.py", line 912, in _terminate_graceful_close
    await self._connection.close(timeout=2)
  File "C:\Users\nmendoza\Documents\Visual_Works\Planificacion-Voluntarios\plani-app-back\plani-app-back\.venv\Lib\site-packages\asyncpg\connection.py", line 1513, in close
    await self._protocol.close(timeout)
  File "asyncpg/protocol/protocol.pyx", line 617, in close
  File "asyncpg/protocol/protocol.pyx", line 650, in asyncpg.protocol.protocol.BaseProtocol._request_cancel
  File "C:\Users\nmendoza\Documents\Visual_Works\Planificacion-Voluntarios\plani-app-back\plani-app-back\.venv\Lib\site-packages\asyncpg\connection.py", line 1682, in _cancel_current_command
    self._cancellations.add(self._loop.create_task(self._cancel(waiter)))
                            ~~~~~~~~~~~~~~~~~~~~~~^^^^^^^^^^^^^^^^^^^^^^
  File "C:\Users\nmendoza\AppData\Local\Python\pythoncore-3.14-64\Lib\asyncio\base_events.py", line 466, in create_task
    self._check_closed()
    ~~~~~~~~~~~~~~~~~~^^
  File "C:\Users\nmendoza\AppData\Local\Python\pythoncore-3.14-64\Lib\asyncio\base_events.py", line 550, in _check_closed
    raise RuntimeError('Event loop is closed')
RuntimeError: Event loop is closed
________________ test_crear_extra_ok_con_colision_y_empresa_ep ________________
..\..\..\..\..\AppData\Local\Python\pythoncore-3.14-64\Lib\asyncio\base_events.py:827: in call_soon
    self._check_closed()
..\..\..\..\..\AppData\Local\Python\pythoncore-3.14-64\Lib\asyncio\base_events.py:550: in _check_closed
    raise RuntimeError('Event loop is closed')
E   RuntimeError: Event loop is closed

During handling of the above exception, another exception occurred:
tests\test_planificacion_extras.py:772: in test_crear_extra_ok_con_colision_y_empresa_ep
    taller = await _pick_one_taller(db_session)
             ^^^^^^^^^^^^^^^^^^^^^^^^^^^^^^^^^^
tests\test_planificacion_extras.py:97: in _pick_one_taller
    res = await db.execute(
.venv\Lib\site-packages\sqlalchemy\ext\asyncio\session.py:449: in execute
    result = await greenlet_spawn(
.venv\Lib\site-packages\sqlalchemy\util\_concurrency_py3k.py:201: in greenlet_spawn
    result = context.throw(*sys.exc_info())
             ^^^^^^^^^^^^^^^^^^^^^^^^^^^^^^
.venv\Lib\site-packages\sqlalchemy\orm\session.py:2351: in execute
    return self._execute_internal(
.venv\Lib\site-packages\sqlalchemy\orm\session.py:2239: in _execute_internal
    conn = self._connection_for_bind(bind)
           ^^^^^^^^^^^^^^^^^^^^^^^^^^^^^^^
.venv\Lib\site-packages\sqlalchemy\orm\session.py:2108: in _connection_for_bind
    return trans._connection_for_bind(engine, execution_options)
           ^^^^^^^^^^^^^^^^^^^^^^^^^^^^^^^^^^^^^^^^^^^^^^^^^^^^^
<string>:2: in _connection_for_bind
    ???
.venv\Lib\site-packages\sqlalchemy\orm\state_changes.py:137: in _go
    ret_value = fn(self, *arg, **kw)
                ^^^^^^^^^^^^^^^^^^^^
.venv\Lib\site-packages\sqlalchemy\orm\session.py:1187: in _connection_for_bind
    conn = bind.connect()
           ^^^^^^^^^^^^^^
.venv\Lib\site-packages\sqlalchemy\engine\base.py:3293: in connect
    return self._connection_cls(self)
           ^^^^^^^^^^^^^^^^^^^^^^^^^^
.venv\Lib\site-packages\sqlalchemy\engine\base.py:143: in __init__
    self._dbapi_connection = engine.raw_connection()
                             ^^^^^^^^^^^^^^^^^^^^^^^
.venv\Lib\site-packages\sqlalchemy\engine\base.py:3317: in raw_connection
    return self.pool.connect()
           ^^^^^^^^^^^^^^^^^^^
.venv\Lib\site-packages\sqlalchemy\pool\base.py:448: in connect
    return _ConnectionFairy._checkout(self)
           ^^^^^^^^^^^^^^^^^^^^^^^^^^^^^^^^
.venv\Lib\site-packages\sqlalchemy\pool\base.py:1371: in _checkout
    with util.safe_reraise():
         ^^^^^^^^^^^^^^^^^^^
.venv\Lib\site-packages\sqlalchemy\util\langhelpers.py:121: in __exit__
    raise exc_value.with_traceback(exc_tb)
.venv\Lib\site-packages\sqlalchemy\pool\base.py:1309: in _checkout
    result = pool._dialect._do_ping_w_event(
.venv\Lib\site-packages\sqlalchemy\engine\default.py:729: in _do_ping_w_event
    return self.do_ping(dbapi_connection)
           ^^^^^^^^^^^^^^^^^^^^^^^^^^^^^^
.venv\Lib\site-packages\sqlalchemy\dialects\postgresql\asyncpg.py:1160: in do_ping
    dbapi_connection.ping()
.venv\Lib\site-packages\sqlalchemy\dialects\postgresql\asyncpg.py:818: in ping
    self._handle_exception(error)
.venv\Lib\site-packages\sqlalchemy\dialects\postgresql\asyncpg.py:799: in _handle_exception
    raise error
.venv\Lib\site-packages\sqlalchemy\dialects\postgresql\asyncpg.py:816: in ping
    _ = self.await_(self._async_ping())
        ^^^^^^^^^^^^^^^^^^^^^^^^^^^^^^^
.venv\Lib\site-packages\sqlalchemy\util\_concurrency_py3k.py:132: in await_only
    return current.parent.switch(awaitable)  # type: ignore[no-any-return,attr-defined] # noqa: E501
           ^^^^^^^^^^^^^^^^^^^^^^^^^^^^^^^^
.venv\Lib\site-packages\sqlalchemy\util\_concurrency_py3k.py:196: in greenlet_spawn
    value = await result
            ^^^^^^^^^^^^
.venv\Lib\site-packages\sqlalchemy\dialects\postgresql\asyncpg.py:825: in _async_ping
    await tr.start()
.venv\Lib\site-packages\asyncpg\transaction.py:146: in start
    await self._connection.execute(query)
.venv\Lib\site-packages\asyncpg\connection.py:354: in execute
    result = await self._protocol.query(query, timeout)
             ^^^^^^^^^^^^^^^^^^^^^^^^^^^^^^^^^^^^^^^^^^
asyncpg/protocol/protocol.pyx:369: in query
    ???
asyncpg/protocol/protocol.pyx:362: in asyncpg.protocol.protocol.BaseProtocol.query
    ???
asyncpg/protocol/coreproto.pyx:1174: in asyncpg.protocol.protocol.CoreProtocol._simple_query
    ???
asyncpg/protocol/protocol.pyx:956: in asyncpg.protocol.protocol.BaseProtocol._write
    ???
..\..\..\..\..\AppData\Local\Python\pythoncore-3.14-64\Lib\asyncio\sslproto.py:222: in write
    self._ssl_protocol._write_appdata((data,))
..\..\..\..\..\AppData\Local\Python\pythoncore-3.14-64\Lib\asyncio\sslproto.py:700: in _write_appdata
    self._fatal_error(ex, 'Fatal error on SSL protocol')
..\..\..\..\..\AppData\Local\Python\pythoncore-3.14-64\Lib\asyncio\sslproto.py:918: in _fatal_error
    self._transport._force_close(exc)
..\..\..\..\..\AppData\Local\Python\pythoncore-3.14-64\Lib\asyncio\proactor_events.py:152: in _force_close
    self._loop.call_soon(self._call_connection_lost, exc)
..\..\..\..\..\AppData\Local\Python\pythoncore-3.14-64\Lib\asyncio\base_events.py:827: in call_soon
    self._check_closed()
..\..\..\..\..\AppData\Local\Python\pythoncore-3.14-64\Lib\asyncio\base_events.py:550: in _check_closed
    raise RuntimeError('Event loop is closed')
E   RuntimeError: Event loop is closed
------------------------------ Captured log call ------------------------------
ERROR    sqlalchemy.pool.impl.AsyncAdaptedQueuePool:base.py:377 Exception terminating connection <AdaptedConnection <asyncpg.connection.Connection object at 0x0000020EE25E88C0>>
Traceback (most recent call last):
  File "C:\Users\nmendoza\Documents\Visual_Works\Planificacion-Voluntarios\plani-app-back\plani-app-back\.venv\Lib\site-packages\sqlalchemy\pool\base.py", line 373, in _close_connection
    self._dialect.do_terminate(connection)
    ~~~~~~~~~~~~~~~~~~~~~~~~~~^^^^^^^^^^^^
  File "C:\Users\nmendoza\Documents\Visual_Works\Planificacion-Voluntarios\plani-app-back\plani-app-back\.venv\Lib\site-packages\sqlalchemy\dialects\postgresql\asyncpg.py", line 1127, in do_terminate
    dbapi_connection.terminate()
    ~~~~~~~~~~~~~~~~~~~~~~~~~~^^
  File "C:\Users\nmendoza\Documents\Visual_Works\Planificacion-Voluntarios\plani-app-back\plani-app-back\.venv\Lib\site-packages\sqlalchemy\connectors\asyncio.py", line 402, in terminate
    self.await_(asyncio.shield(self._terminate_graceful_close()))  # type: ignore[attr-defined] # noqa: E501
    ~~~~~~~~~~~^^^^^^^^^^^^^^^^^^^^^^^^^^^^^^^^^^^^^^^^^^^^^^^^^^
  File "C:\Users\nmendoza\Documents\Visual_Works\Planificacion-Voluntarios\plani-app-back\plani-app-back\.venv\Lib\site-packages\sqlalchemy\util\_concurrency_py3k.py", line 132, in await_only
    return current.parent.switch(awaitable)  # type: ignore[no-any-return,attr-defined] # noqa: E501
           ~~~~~~~~~~~~~~~~~~~~~^^^^^^^^^^^
  File "C:\Users\nmendoza\Documents\Visual_Works\Planificacion-Voluntarios\plani-app-back\plani-app-back\.venv\Lib\site-packages\sqlalchemy\util\_concurrency_py3k.py", line 196, in greenlet_spawn
    value = await result
            ^^^^^^^^^^^^
  File "C:\Users\nmendoza\Documents\Visual_Works\Planificacion-Voluntarios\plani-app-back\plani-app-back\.venv\Lib\site-packages\sqlalchemy\dialects\postgresql\asyncpg.py", line 912, in _terminate_graceful_close
    await self._connection.close(timeout=2)
  File "C:\Users\nmendoza\Documents\Visual_Works\Planificacion-Voluntarios\plani-app-back\plani-app-back\.venv\Lib\site-packages\asyncpg\connection.py", line 1513, in close
    await self._protocol.close(timeout)
  File "asyncpg/protocol/protocol.pyx", line 617, in close
  File "asyncpg/protocol/protocol.pyx", line 650, in asyncpg.protocol.protocol.BaseProtocol._request_cancel
  File "C:\Users\nmendoza\Documents\Visual_Works\Planificacion-Voluntarios\plani-app-back\plani-app-back\.venv\Lib\site-packages\asyncpg\connection.py", line 1682, in _cancel_current_command
    self._cancellations.add(self._loop.create_task(self._cancel(waiter)))
                            ~~~~~~~~~~~~~~~~~~~~~~^^^^^^^^^^^^^^^^^^^^^^
  File "C:\Users\nmendoza\AppData\Local\Python\pythoncore-3.14-64\Lib\asyncio\base_events.py", line 466, in create_task
    self._check_closed()
    ~~~~~~~~~~~~~~~~~~^^
  File "C:\Users\nmendoza\AppData\Local\Python\pythoncore-3.14-64\Lib\asyncio\base_events.py", line 550, in _check_closed
    raise RuntimeError('Event loop is closed')
RuntimeError: Event loop is closed
________________ test_crear_extra_rechaza_empresa_inexistente _________________
..\..\..\..\..\AppData\Local\Python\pythoncore-3.14-64\Lib\asyncio\base_events.py:827: in call_soon
    self._check_closed()
..\..\..\..\..\AppData\Local\Python\pythoncore-3.14-64\Lib\asyncio\base_events.py:550: in _check_closed
    raise RuntimeError('Event loop is closed')
E   RuntimeError: Event loop is closed

During handling of the above exception, another exception occurred:
tests\test_planificacion_extras.py:836: in test_crear_extra_rechaza_empresa_inexistente
    taller = await _pick_one_taller(db_session)
             ^^^^^^^^^^^^^^^^^^^^^^^^^^^^^^^^^^
tests\test_planificacion_extras.py:97: in _pick_one_taller
    res = await db.execute(
.venv\Lib\site-packages\sqlalchemy\ext\asyncio\session.py:449: in execute
    result = await greenlet_spawn(
.venv\Lib\site-packages\sqlalchemy\util\_concurrency_py3k.py:201: in greenlet_spawn
    result = context.throw(*sys.exc_info())
             ^^^^^^^^^^^^^^^^^^^^^^^^^^^^^^
.venv\Lib\site-packages\sqlalchemy\orm\session.py:2351: in execute
    return self._execute_internal(
.venv\Lib\site-packages\sqlalchemy\orm\session.py:2239: in _execute_internal
    conn = self._connection_for_bind(bind)
           ^^^^^^^^^^^^^^^^^^^^^^^^^^^^^^^
.venv\Lib\site-packages\sqlalchemy\orm\session.py:2108: in _connection_for_bind
    return trans._connection_for_bind(engine, execution_options)
           ^^^^^^^^^^^^^^^^^^^^^^^^^^^^^^^^^^^^^^^^^^^^^^^^^^^^^
<string>:2: in _connection_for_bind
    ???
.venv\Lib\site-packages\sqlalchemy\orm\state_changes.py:137: in _go
    ret_value = fn(self, *arg, **kw)
                ^^^^^^^^^^^^^^^^^^^^
.venv\Lib\site-packages\sqlalchemy\orm\session.py:1187: in _connection_for_bind
    conn = bind.connect()
           ^^^^^^^^^^^^^^
.venv\Lib\site-packages\sqlalchemy\engine\base.py:3293: in connect
    return self._connection_cls(self)
           ^^^^^^^^^^^^^^^^^^^^^^^^^^
.venv\Lib\site-packages\sqlalchemy\engine\base.py:143: in __init__
    self._dbapi_connection = engine.raw_connection()
                             ^^^^^^^^^^^^^^^^^^^^^^^
.venv\Lib\site-packages\sqlalchemy\engine\base.py:3317: in raw_connection
    return self.pool.connect()
           ^^^^^^^^^^^^^^^^^^^
.venv\Lib\site-packages\sqlalchemy\pool\base.py:448: in connect
    return _ConnectionFairy._checkout(self)
           ^^^^^^^^^^^^^^^^^^^^^^^^^^^^^^^^
.venv\Lib\site-packages\sqlalchemy\pool\base.py:1371: in _checkout
    with util.safe_reraise():
         ^^^^^^^^^^^^^^^^^^^
.venv\Lib\site-packages\sqlalchemy\util\langhelpers.py:121: in __exit__
    raise exc_value.with_traceback(exc_tb)
.venv\Lib\site-packages\sqlalchemy\pool\base.py:1309: in _checkout
    result = pool._dialect._do_ping_w_event(
.venv\Lib\site-packages\sqlalchemy\engine\default.py:729: in _do_ping_w_event
    return self.do_ping(dbapi_connection)
           ^^^^^^^^^^^^^^^^^^^^^^^^^^^^^^
.venv\Lib\site-packages\sqlalchemy\dialects\postgresql\asyncpg.py:1160: in do_ping
    dbapi_connection.ping()
.venv\Lib\site-packages\sqlalchemy\dialects\postgresql\asyncpg.py:818: in ping
    self._handle_exception(error)
.venv\Lib\site-packages\sqlalchemy\dialects\postgresql\asyncpg.py:799: in _handle_exception
    raise error
.venv\Lib\site-packages\sqlalchemy\dialects\postgresql\asyncpg.py:816: in ping
    _ = self.await_(self._async_ping())
        ^^^^^^^^^^^^^^^^^^^^^^^^^^^^^^^
.venv\Lib\site-packages\sqlalchemy\util\_concurrency_py3k.py:132: in await_only
    return current.parent.switch(awaitable)  # type: ignore[no-any-return,attr-defined] # noqa: E501
           ^^^^^^^^^^^^^^^^^^^^^^^^^^^^^^^^
.venv\Lib\site-packages\sqlalchemy\util\_concurrency_py3k.py:196: in greenlet_spawn
    value = await result
            ^^^^^^^^^^^^
.venv\Lib\site-packages\sqlalchemy\dialects\postgresql\asyncpg.py:825: in _async_ping
    await tr.start()
.venv\Lib\site-packages\asyncpg\transaction.py:146: in start
    await self._connection.execute(query)
.venv\Lib\site-packages\asyncpg\connection.py:354: in execute
    result = await self._protocol.query(query, timeout)
             ^^^^^^^^^^^^^^^^^^^^^^^^^^^^^^^^^^^^^^^^^^
asyncpg/protocol/protocol.pyx:369: in query
    ???
asyncpg/protocol/protocol.pyx:362: in asyncpg.protocol.protocol.BaseProtocol.query
    ???
asyncpg/protocol/coreproto.pyx:1174: in asyncpg.protocol.protocol.CoreProtocol._simple_query
    ???
asyncpg/protocol/protocol.pyx:956: in asyncpg.protocol.protocol.BaseProtocol._write
    ???
..\..\..\..\..\AppData\Local\Python\pythoncore-3.14-64\Lib\asyncio\sslproto.py:222: in write
    self._ssl_protocol._write_appdata((data,))
..\..\..\..\..\AppData\Local\Python\pythoncore-3.14-64\Lib\asyncio\sslproto.py:700: in _write_appdata
    self._fatal_error(ex, 'Fatal error on SSL protocol')
..\..\..\..\..\AppData\Local\Python\pythoncore-3.14-64\Lib\asyncio\sslproto.py:918: in _fatal_error
    self._transport._force_close(exc)
..\..\..\..\..\AppData\Local\Python\pythoncore-3.14-64\Lib\asyncio\proactor_events.py:152: in _force_close
    self._loop.call_soon(self._call_connection_lost, exc)
..\..\..\..\..\AppData\Local\Python\pythoncore-3.14-64\Lib\asyncio\base_events.py:827: in call_soon
    self._check_closed()
..\..\..\..\..\AppData\Local\Python\pythoncore-3.14-64\Lib\asyncio\base_events.py:550: in _check_closed
    raise RuntimeError('Event loop is closed')
E   RuntimeError: Event loop is closed
------------------------------ Captured log call ------------------------------
ERROR    sqlalchemy.pool.impl.AsyncAdaptedQueuePool:base.py:377 Exception terminating connection <AdaptedConnection <asyncpg.connection.Connection object at 0x0000020EE15328A0>>
Traceback (most recent call last):
  File "C:\Users\nmendoza\Documents\Visual_Works\Planificacion-Voluntarios\plani-app-back\plani-app-back\.venv\Lib\site-packages\sqlalchemy\pool\base.py", line 373, in _close_connection
    self._dialect.do_terminate(connection)
    ~~~~~~~~~~~~~~~~~~~~~~~~~~^^^^^^^^^^^^
  File "C:\Users\nmendoza\Documents\Visual_Works\Planificacion-Voluntarios\plani-app-back\plani-app-back\.venv\Lib\site-packages\sqlalchemy\dialects\postgresql\asyncpg.py", line 1127, in do_terminate
    dbapi_connection.terminate()
    ~~~~~~~~~~~~~~~~~~~~~~~~~~^^
  File "C:\Users\nmendoza\Documents\Visual_Works\Planificacion-Voluntarios\plani-app-back\plani-app-back\.venv\Lib\site-packages\sqlalchemy\connectors\asyncio.py", line 402, in terminate
    self.await_(asyncio.shield(self._terminate_graceful_close()))  # type: ignore[attr-defined] # noqa: E501
    ~~~~~~~~~~~^^^^^^^^^^^^^^^^^^^^^^^^^^^^^^^^^^^^^^^^^^^^^^^^^^
  File "C:\Users\nmendoza\Documents\Visual_Works\Planificacion-Voluntarios\plani-app-back\plani-app-back\.venv\Lib\site-packages\sqlalchemy\util\_concurrency_py3k.py", line 132, in await_only
    return current.parent.switch(awaitable)  # type: ignore[no-any-return,attr-defined] # noqa: E501
           ~~~~~~~~~~~~~~~~~~~~~^^^^^^^^^^^
  File "C:\Users\nmendoza\Documents\Visual_Works\Planificacion-Voluntarios\plani-app-back\plani-app-back\.venv\Lib\site-packages\sqlalchemy\util\_concurrency_py3k.py", line 196, in greenlet_spawn
    value = await result
            ^^^^^^^^^^^^
  File "C:\Users\nmendoza\Documents\Visual_Works\Planificacion-Voluntarios\plani-app-back\plani-app-back\.venv\Lib\site-packages\sqlalchemy\dialects\postgresql\asyncpg.py", line 912, in _terminate_graceful_close
    await self._connection.close(timeout=2)
  File "C:\Users\nmendoza\Documents\Visual_Works\Planificacion-Voluntarios\plani-app-back\plani-app-back\.venv\Lib\site-packages\asyncpg\connection.py", line 1513, in close
    await self._protocol.close(timeout)
  File "asyncpg/protocol/protocol.pyx", line 617, in close
  File "asyncpg/protocol/protocol.pyx", line 650, in asyncpg.protocol.protocol.BaseProtocol._request_cancel
  File "C:\Users\nmendoza\Documents\Visual_Works\Planificacion-Voluntarios\plani-app-back\plani-app-back\.venv\Lib\site-packages\asyncpg\connection.py", line 1682, in _cancel_current_command
    self._cancellations.add(self._loop.create_task(self._cancel(waiter)))
                            ~~~~~~~~~~~~~~~~~~~~~~^^^^^^^^^^^^^^^^^^^^^^
  File "C:\Users\nmendoza\AppData\Local\Python\pythoncore-3.14-64\Lib\asyncio\base_events.py", line 466, in create_task
    self._check_closed()
    ~~~~~~~~~~~~~~~~~~^^
  File "C:\Users\nmendoza\AppData\Local\Python\pythoncore-3.14-64\Lib\asyncio\base_events.py", line 550, in _check_closed
    raise RuntimeError('Event loop is closed')
RuntimeError: Event loop is closed
__________________ test_crear_extra_rechaza_empresa_inactiva __________________
..\..\..\..\..\AppData\Local\Python\pythoncore-3.14-64\Lib\asyncio\base_events.py:827: in call_soon
    self._check_closed()
..\..\..\..\..\AppData\Local\Python\pythoncore-3.14-64\Lib\asyncio\base_events.py:550: in _check_closed
    raise RuntimeError('Event loop is closed')
E   RuntimeError: Event loop is closed

During handling of the above exception, another exception occurred:
tests\test_planificacion_extras.py:854: in test_crear_extra_rechaza_empresa_inactiva
    taller = await _pick_one_taller(db_session)
             ^^^^^^^^^^^^^^^^^^^^^^^^^^^^^^^^^^
tests\test_planificacion_extras.py:97: in _pick_one_taller
    res = await db.execute(
.venv\Lib\site-packages\sqlalchemy\ext\asyncio\session.py:449: in execute
    result = await greenlet_spawn(
.venv\Lib\site-packages\sqlalchemy\util\_concurrency_py3k.py:201: in greenlet_spawn
    result = context.throw(*sys.exc_info())
             ^^^^^^^^^^^^^^^^^^^^^^^^^^^^^^
.venv\Lib\site-packages\sqlalchemy\orm\session.py:2351: in execute
    return self._execute_internal(
.venv\Lib\site-packages\sqlalchemy\orm\session.py:2239: in _execute_internal
    conn = self._connection_for_bind(bind)
           ^^^^^^^^^^^^^^^^^^^^^^^^^^^^^^^
.venv\Lib\site-packages\sqlalchemy\orm\session.py:2108: in _connection_for_bind
    return trans._connection_for_bind(engine, execution_options)
           ^^^^^^^^^^^^^^^^^^^^^^^^^^^^^^^^^^^^^^^^^^^^^^^^^^^^^
<string>:2: in _connection_for_bind
    ???
.venv\Lib\site-packages\sqlalchemy\orm\state_changes.py:137: in _go
    ret_value = fn(self, *arg, **kw)
                ^^^^^^^^^^^^^^^^^^^^
.venv\Lib\site-packages\sqlalchemy\orm\session.py:1187: in _connection_for_bind
    conn = bind.connect()
           ^^^^^^^^^^^^^^
.venv\Lib\site-packages\sqlalchemy\engine\base.py:3293: in connect
    return self._connection_cls(self)
           ^^^^^^^^^^^^^^^^^^^^^^^^^^
.venv\Lib\site-packages\sqlalchemy\engine\base.py:143: in __init__
    self._dbapi_connection = engine.raw_connection()
                             ^^^^^^^^^^^^^^^^^^^^^^^
.venv\Lib\site-packages\sqlalchemy\engine\base.py:3317: in raw_connection
    return self.pool.connect()
           ^^^^^^^^^^^^^^^^^^^
.venv\Lib\site-packages\sqlalchemy\pool\base.py:448: in connect
    return _ConnectionFairy._checkout(self)
           ^^^^^^^^^^^^^^^^^^^^^^^^^^^^^^^^
.venv\Lib\site-packages\sqlalchemy\pool\base.py:1371: in _checkout
    with util.safe_reraise():
         ^^^^^^^^^^^^^^^^^^^
.venv\Lib\site-packages\sqlalchemy\util\langhelpers.py:121: in __exit__
    raise exc_value.with_traceback(exc_tb)
.venv\Lib\site-packages\sqlalchemy\pool\base.py:1309: in _checkout
    result = pool._dialect._do_ping_w_event(
.venv\Lib\site-packages\sqlalchemy\engine\default.py:729: in _do_ping_w_event
    return self.do_ping(dbapi_connection)
           ^^^^^^^^^^^^^^^^^^^^^^^^^^^^^^
.venv\Lib\site-packages\sqlalchemy\dialects\postgresql\asyncpg.py:1160: in do_ping
    dbapi_connection.ping()
.venv\Lib\site-packages\sqlalchemy\dialects\postgresql\asyncpg.py:818: in ping
    self._handle_exception(error)
.venv\Lib\site-packages\sqlalchemy\dialects\postgresql\asyncpg.py:799: in _handle_exception
    raise error
.venv\Lib\site-packages\sqlalchemy\dialects\postgresql\asyncpg.py:816: in ping
    _ = self.await_(self._async_ping())
        ^^^^^^^^^^^^^^^^^^^^^^^^^^^^^^^
.venv\Lib\site-packages\sqlalchemy\util\_concurrency_py3k.py:132: in await_only
    return current.parent.switch(awaitable)  # type: ignore[no-any-return,attr-defined] # noqa: E501
           ^^^^^^^^^^^^^^^^^^^^^^^^^^^^^^^^
.venv\Lib\site-packages\sqlalchemy\util\_concurrency_py3k.py:196: in greenlet_spawn
    value = await result
            ^^^^^^^^^^^^
.venv\Lib\site-packages\sqlalchemy\dialects\postgresql\asyncpg.py:825: in _async_ping
    await tr.start()
.venv\Lib\site-packages\asyncpg\transaction.py:146: in start
    await self._connection.execute(query)
.venv\Lib\site-packages\asyncpg\connection.py:354: in execute
    result = await self._protocol.query(query, timeout)
             ^^^^^^^^^^^^^^^^^^^^^^^^^^^^^^^^^^^^^^^^^^
asyncpg/protocol/protocol.pyx:369: in query
    ???
asyncpg/protocol/protocol.pyx:362: in asyncpg.protocol.protocol.BaseProtocol.query
    ???
asyncpg/protocol/coreproto.pyx:1174: in asyncpg.protocol.protocol.CoreProtocol._simple_query
    ???
asyncpg/protocol/protocol.pyx:956: in asyncpg.protocol.protocol.BaseProtocol._write
    ???
..\..\..\..\..\AppData\Local\Python\pythoncore-3.14-64\Lib\asyncio\sslproto.py:222: in write
    self._ssl_protocol._write_appdata((data,))
..\..\..\..\..\AppData\Local\Python\pythoncore-3.14-64\Lib\asyncio\sslproto.py:700: in _write_appdata
    self._fatal_error(ex, 'Fatal error on SSL protocol')
..\..\..\..\..\AppData\Local\Python\pythoncore-3.14-64\Lib\asyncio\sslproto.py:918: in _fatal_error
    self._transport._force_close(exc)
..\..\..\..\..\AppData\Local\Python\pythoncore-3.14-64\Lib\asyncio\proactor_events.py:152: in _force_close
    self._loop.call_soon(self._call_connection_lost, exc)
..\..\..\..\..\AppData\Local\Python\pythoncore-3.14-64\Lib\asyncio\base_events.py:827: in call_soon
    self._check_closed()
..\..\..\..\..\AppData\Local\Python\pythoncore-3.14-64\Lib\asyncio\base_events.py:550: in _check_closed
    raise RuntimeError('Event loop is closed')
E   RuntimeError: Event loop is closed
------------------------------ Captured log call ------------------------------
ERROR    sqlalchemy.pool.impl.AsyncAdaptedQueuePool:base.py:377 Exception terminating connection <AdaptedConnection <asyncpg.connection.Connection object at 0x0000020EE15336B0>>
Traceback (most recent call last):
  File "C:\Users\nmendoza\Documents\Visual_Works\Planificacion-Voluntarios\plani-app-back\plani-app-back\.venv\Lib\site-packages\sqlalchemy\pool\base.py", line 373, in _close_connection
    self._dialect.do_terminate(connection)
    ~~~~~~~~~~~~~~~~~~~~~~~~~~^^^^^^^^^^^^
  File "C:\Users\nmendoza\Documents\Visual_Works\Planificacion-Voluntarios\plani-app-back\plani-app-back\.venv\Lib\site-packages\sqlalchemy\dialects\postgresql\asyncpg.py", line 1127, in do_terminate
    dbapi_connection.terminate()
    ~~~~~~~~~~~~~~~~~~~~~~~~~~^^
  File "C:\Users\nmendoza\Documents\Visual_Works\Planificacion-Voluntarios\plani-app-back\plani-app-back\.venv\Lib\site-packages\sqlalchemy\connectors\asyncio.py", line 402, in terminate
    self.await_(asyncio.shield(self._terminate_graceful_close()))  # type: ignore[attr-defined] # noqa: E501
    ~~~~~~~~~~~^^^^^^^^^^^^^^^^^^^^^^^^^^^^^^^^^^^^^^^^^^^^^^^^^^
  File "C:\Users\nmendoza\Documents\Visual_Works\Planificacion-Voluntarios\plani-app-back\plani-app-back\.venv\Lib\site-packages\sqlalchemy\util\_concurrency_py3k.py", line 132, in await_only
    return current.parent.switch(awaitable)  # type: ignore[no-any-return,attr-defined] # noqa: E501
           ~~~~~~~~~~~~~~~~~~~~~^^^^^^^^^^^
  File "C:\Users\nmendoza\Documents\Visual_Works\Planificacion-Voluntarios\plani-app-back\plani-app-back\.venv\Lib\site-packages\sqlalchemy\util\_concurrency_py3k.py", line 196, in greenlet_spawn
    value = await result
            ^^^^^^^^^^^^
  File "C:\Users\nmendoza\Documents\Visual_Works\Planificacion-Voluntarios\plani-app-back\plani-app-back\.venv\Lib\site-packages\sqlalchemy\dialects\postgresql\asyncpg.py", line 912, in _terminate_graceful_close
    await self._connection.close(timeout=2)
  File "C:\Users\nmendoza\Documents\Visual_Works\Planificacion-Voluntarios\plani-app-back\plani-app-back\.venv\Lib\site-packages\asyncpg\connection.py", line 1513, in close
    await self._protocol.close(timeout)
  File "asyncpg/protocol/protocol.pyx", line 617, in close
  File "asyncpg/protocol/protocol.pyx", line 650, in asyncpg.protocol.protocol.BaseProtocol._request_cancel
  File "C:\Users\nmendoza\Documents\Visual_Works\Planificacion-Voluntarios\plani-app-back\plani-app-back\.venv\Lib\site-packages\asyncpg\connection.py", line 1682, in _cancel_current_command
    self._cancellations.add(self._loop.create_task(self._cancel(waiter)))
                            ~~~~~~~~~~~~~~~~~~~~~~^^^^^^^^^^^^^^^^^^^^^^
  File "C:\Users\nmendoza\AppData\Local\Python\pythoncore-3.14-64\Lib\asyncio\base_events.py", line 466, in create_task
    self._check_closed()
    ~~~~~~~~~~~~~~~~~~^^
  File "C:\Users\nmendoza\AppData\Local\Python\pythoncore-3.14-64\Lib\asyncio\base_events.py", line 550, in _check_closed
    raise RuntimeError('Event loop is closed')
RuntimeError: Event loop is closed
_________________ test_crear_extra_rechaza_taller_inexistente _________________
..\..\..\..\..\AppData\Local\Python\pythoncore-3.14-64\Lib\asyncio\base_events.py:827: in call_soon
    self._check_closed()
..\..\..\..\..\AppData\Local\Python\pythoncore-3.14-64\Lib\asyncio\base_events.py:550: in _check_closed
    raise RuntimeError('Event loop is closed')
E   RuntimeError: Event loop is closed

During handling of the above exception, another exception occurred:
tests\test_planificacion_extras.py:883: in test_crear_extra_rechaza_taller_inexistente
    ep_id = await _create_empresa(
tests\test_planificacion_extras.py:65: in _create_empresa
    res = await db.execute(
.venv\Lib\site-packages\sqlalchemy\ext\asyncio\session.py:449: in execute
    result = await greenlet_spawn(
.venv\Lib\site-packages\sqlalchemy\util\_concurrency_py3k.py:201: in greenlet_spawn
    result = context.throw(*sys.exc_info())
             ^^^^^^^^^^^^^^^^^^^^^^^^^^^^^^
.venv\Lib\site-packages\sqlalchemy\orm\session.py:2351: in execute
    return self._execute_internal(
.venv\Lib\site-packages\sqlalchemy\orm\session.py:2239: in _execute_internal
    conn = self._connection_for_bind(bind)
           ^^^^^^^^^^^^^^^^^^^^^^^^^^^^^^^
.venv\Lib\site-packages\sqlalchemy\orm\session.py:2108: in _connection_for_bind
    return trans._connection_for_bind(engine, execution_options)
           ^^^^^^^^^^^^^^^^^^^^^^^^^^^^^^^^^^^^^^^^^^^^^^^^^^^^^
<string>:2: in _connection_for_bind
    ???
.venv\Lib\site-packages\sqlalchemy\orm\state_changes.py:137: in _go
    ret_value = fn(self, *arg, **kw)
                ^^^^^^^^^^^^^^^^^^^^
.venv\Lib\site-packages\sqlalchemy\orm\session.py:1187: in _connection_for_bind
    conn = bind.connect()
           ^^^^^^^^^^^^^^
.venv\Lib\site-packages\sqlalchemy\engine\base.py:3293: in connect
    return self._connection_cls(self)
           ^^^^^^^^^^^^^^^^^^^^^^^^^^
.venv\Lib\site-packages\sqlalchemy\engine\base.py:143: in __init__
    self._dbapi_connection = engine.raw_connection()
                             ^^^^^^^^^^^^^^^^^^^^^^^
.venv\Lib\site-packages\sqlalchemy\engine\base.py:3317: in raw_connection
    return self.pool.connect()
           ^^^^^^^^^^^^^^^^^^^
.venv\Lib\site-packages\sqlalchemy\pool\base.py:448: in connect
    return _ConnectionFairy._checkout(self)
           ^^^^^^^^^^^^^^^^^^^^^^^^^^^^^^^^
.venv\Lib\site-packages\sqlalchemy\pool\base.py:1371: in _checkout
    with util.safe_reraise():
         ^^^^^^^^^^^^^^^^^^^
.venv\Lib\site-packages\sqlalchemy\util\langhelpers.py:121: in __exit__
    raise exc_value.with_traceback(exc_tb)
.venv\Lib\site-packages\sqlalchemy\pool\base.py:1309: in _checkout
    result = pool._dialect._do_ping_w_event(
.venv\Lib\site-packages\sqlalchemy\engine\default.py:729: in _do_ping_w_event
    return self.do_ping(dbapi_connection)
           ^^^^^^^^^^^^^^^^^^^^^^^^^^^^^^
.venv\Lib\site-packages\sqlalchemy\dialects\postgresql\asyncpg.py:1160: in do_ping
    dbapi_connection.ping()
.venv\Lib\site-packages\sqlalchemy\dialects\postgresql\asyncpg.py:818: in ping
    self._handle_exception(error)
.venv\Lib\site-packages\sqlalchemy\dialects\postgresql\asyncpg.py:799: in _handle_exception
    raise error
.venv\Lib\site-packages\sqlalchemy\dialects\postgresql\asyncpg.py:816: in ping
    _ = self.await_(self._async_ping())
        ^^^^^^^^^^^^^^^^^^^^^^^^^^^^^^^
.venv\Lib\site-packages\sqlalchemy\util\_concurrency_py3k.py:132: in await_only
    return current.parent.switch(awaitable)  # type: ignore[no-any-return,attr-defined] # noqa: E501
           ^^^^^^^^^^^^^^^^^^^^^^^^^^^^^^^^
.venv\Lib\site-packages\sqlalchemy\util\_concurrency_py3k.py:196: in greenlet_spawn
    value = await result
            ^^^^^^^^^^^^
.venv\Lib\site-packages\sqlalchemy\dialects\postgresql\asyncpg.py:825: in _async_ping
    await tr.start()
.venv\Lib\site-packages\asyncpg\transaction.py:146: in start
    await self._connection.execute(query)
.venv\Lib\site-packages\asyncpg\connection.py:354: in execute
    result = await self._protocol.query(query, timeout)
             ^^^^^^^^^^^^^^^^^^^^^^^^^^^^^^^^^^^^^^^^^^
asyncpg/protocol/protocol.pyx:369: in query
    ???
asyncpg/protocol/protocol.pyx:362: in asyncpg.protocol.protocol.BaseProtocol.query
    ???
asyncpg/protocol/coreproto.pyx:1174: in asyncpg.protocol.protocol.CoreProtocol._simple_query
    ???
asyncpg/protocol/protocol.pyx:956: in asyncpg.protocol.protocol.BaseProtocol._write
    ???
..\..\..\..\..\AppData\Local\Python\pythoncore-3.14-64\Lib\asyncio\sslproto.py:222: in write
    self._ssl_protocol._write_appdata((data,))
..\..\..\..\..\AppData\Local\Python\pythoncore-3.14-64\Lib\asyncio\sslproto.py:700: in _write_appdata
    self._fatal_error(ex, 'Fatal error on SSL protocol')
..\..\..\..\..\AppData\Local\Python\pythoncore-3.14-64\Lib\asyncio\sslproto.py:918: in _fatal_error
    self._transport._force_close(exc)
..\..\..\..\..\AppData\Local\Python\pythoncore-3.14-64\Lib\asyncio\proactor_events.py:152: in _force_close
    self._loop.call_soon(self._call_connection_lost, exc)
..\..\..\..\..\AppData\Local\Python\pythoncore-3.14-64\Lib\asyncio\base_events.py:827: in call_soon
    self._check_closed()
..\..\..\..\..\AppData\Local\Python\pythoncore-3.14-64\Lib\asyncio\base_events.py:550: in _check_closed
    raise RuntimeError('Event loop is closed')
E   RuntimeError: Event loop is closed
------------------------------ Captured log call ------------------------------
ERROR    sqlalchemy.pool.impl.AsyncAdaptedQueuePool:base.py:377 Exception terminating connection <AdaptedConnection <asyncpg.connection.Connection object at 0x0000020EE15696D0>>
Traceback (most recent call last):
  File "C:\Users\nmendoza\Documents\Visual_Works\Planificacion-Voluntarios\plani-app-back\plani-app-back\.venv\Lib\site-packages\sqlalchemy\pool\base.py", line 373, in _close_connection
    self._dialect.do_terminate(connection)
    ~~~~~~~~~~~~~~~~~~~~~~~~~~^^^^^^^^^^^^
  File "C:\Users\nmendoza\Documents\Visual_Works\Planificacion-Voluntarios\plani-app-back\plani-app-back\.venv\Lib\site-packages\sqlalchemy\dialects\postgresql\asyncpg.py", line 1127, in do_terminate
    dbapi_connection.terminate()
    ~~~~~~~~~~~~~~~~~~~~~~~~~~^^
  File "C:\Users\nmendoza\Documents\Visual_Works\Planificacion-Voluntarios\plani-app-back\plani-app-back\.venv\Lib\site-packages\sqlalchemy\connectors\asyncio.py", line 402, in terminate
    self.await_(asyncio.shield(self._terminate_graceful_close()))  # type: ignore[attr-defined] # noqa: E501
    ~~~~~~~~~~~^^^^^^^^^^^^^^^^^^^^^^^^^^^^^^^^^^^^^^^^^^^^^^^^^^
  File "C:\Users\nmendoza\Documents\Visual_Works\Planificacion-Voluntarios\plani-app-back\plani-app-back\.venv\Lib\site-packages\sqlalchemy\util\_concurrency_py3k.py", line 132, in await_only
    return current.parent.switch(awaitable)  # type: ignore[no-any-return,attr-defined] # noqa: E501
           ~~~~~~~~~~~~~~~~~~~~~^^^^^^^^^^^
  File "C:\Users\nmendoza\Documents\Visual_Works\Planificacion-Voluntarios\plani-app-back\plani-app-back\.venv\Lib\site-packages\sqlalchemy\util\_concurrency_py3k.py", line 196, in greenlet_spawn
    value = await result
            ^^^^^^^^^^^^
  File "C:\Users\nmendoza\Documents\Visual_Works\Planificacion-Voluntarios\plani-app-back\plani-app-back\.venv\Lib\site-packages\sqlalchemy\dialects\postgresql\asyncpg.py", line 912, in _terminate_graceful_close
    await self._connection.close(timeout=2)
  File "C:\Users\nmendoza\Documents\Visual_Works\Planificacion-Voluntarios\plani-app-back\plani-app-back\.venv\Lib\site-packages\asyncpg\connection.py", line 1513, in close
    await self._protocol.close(timeout)
  File "asyncpg/protocol/protocol.pyx", line 617, in close
  File "asyncpg/protocol/protocol.pyx", line 650, in asyncpg.protocol.protocol.BaseProtocol._request_cancel
  File "C:\Users\nmendoza\Documents\Visual_Works\Planificacion-Voluntarios\plani-app-back\plani-app-back\.venv\Lib\site-packages\asyncpg\connection.py", line 1682, in _cancel_current_command
    self._cancellations.add(self._loop.create_task(self._cancel(waiter)))
                            ~~~~~~~~~~~~~~~~~~~~~~^^^^^^^^^^^^^^^^^^^^^^
  File "C:\Users\nmendoza\AppData\Local\Python\pythoncore-3.14-64\Lib\asyncio\base_events.py", line 466, in create_task
    self._check_closed()
    ~~~~~~~~~~~~~~~~~~^^
  File "C:\Users\nmendoza\AppData\Local\Python\pythoncore-3.14-64\Lib\asyncio\base_events.py", line 550, in _check_closed
    raise RuntimeError('Event loop is closed')
RuntimeError: Event loop is closed
___________________ test_crear_extra_rechaza_empresa_no_ep ____________________
..\..\..\..\..\AppData\Local\Python\pythoncore-3.14-64\Lib\asyncio\base_events.py:827: in call_soon
    self._check_closed()
..\..\..\..\..\AppData\Local\Python\pythoncore-3.14-64\Lib\asyncio\base_events.py:550: in _check_closed
    raise RuntimeError('Event loop is closed')
E   RuntimeError: Event loop is closed

During handling of the above exception, another exception occurred:
tests\test_planificacion_extras.py:906: in test_crear_extra_rechaza_empresa_no_ep
    taller = await _pick_one_taller(db_session)
             ^^^^^^^^^^^^^^^^^^^^^^^^^^^^^^^^^^
tests\test_planificacion_extras.py:97: in _pick_one_taller
    res = await db.execute(
.venv\Lib\site-packages\sqlalchemy\ext\asyncio\session.py:449: in execute
    result = await greenlet_spawn(
.venv\Lib\site-packages\sqlalchemy\util\_concurrency_py3k.py:201: in greenlet_spawn
    result = context.throw(*sys.exc_info())
             ^^^^^^^^^^^^^^^^^^^^^^^^^^^^^^
.venv\Lib\site-packages\sqlalchemy\orm\session.py:2351: in execute
    return self._execute_internal(
.venv\Lib\site-packages\sqlalchemy\orm\session.py:2239: in _execute_internal
    conn = self._connection_for_bind(bind)
           ^^^^^^^^^^^^^^^^^^^^^^^^^^^^^^^
.venv\Lib\site-packages\sqlalchemy\orm\session.py:2108: in _connection_for_bind
    return trans._connection_for_bind(engine, execution_options)
           ^^^^^^^^^^^^^^^^^^^^^^^^^^^^^^^^^^^^^^^^^^^^^^^^^^^^^
<string>:2: in _connection_for_bind
    ???
.venv\Lib\site-packages\sqlalchemy\orm\state_changes.py:137: in _go
    ret_value = fn(self, *arg, **kw)
                ^^^^^^^^^^^^^^^^^^^^
.venv\Lib\site-packages\sqlalchemy\orm\session.py:1187: in _connection_for_bind
    conn = bind.connect()
           ^^^^^^^^^^^^^^
.venv\Lib\site-packages\sqlalchemy\engine\base.py:3293: in connect
    return self._connection_cls(self)
           ^^^^^^^^^^^^^^^^^^^^^^^^^^
.venv\Lib\site-packages\sqlalchemy\engine\base.py:143: in __init__
    self._dbapi_connection = engine.raw_connection()
                             ^^^^^^^^^^^^^^^^^^^^^^^
.venv\Lib\site-packages\sqlalchemy\engine\base.py:3317: in raw_connection
    return self.pool.connect()
           ^^^^^^^^^^^^^^^^^^^
.venv\Lib\site-packages\sqlalchemy\pool\base.py:448: in connect
    return _ConnectionFairy._checkout(self)
           ^^^^^^^^^^^^^^^^^^^^^^^^^^^^^^^^
.venv\Lib\site-packages\sqlalchemy\pool\base.py:1371: in _checkout
    with util.safe_reraise():
         ^^^^^^^^^^^^^^^^^^^
.venv\Lib\site-packages\sqlalchemy\util\langhelpers.py:121: in __exit__
    raise exc_value.with_traceback(exc_tb)
.venv\Lib\site-packages\sqlalchemy\pool\base.py:1309: in _checkout
    result = pool._dialect._do_ping_w_event(
.venv\Lib\site-packages\sqlalchemy\engine\default.py:729: in _do_ping_w_event
    return self.do_ping(dbapi_connection)
           ^^^^^^^^^^^^^^^^^^^^^^^^^^^^^^
.venv\Lib\site-packages\sqlalchemy\dialects\postgresql\asyncpg.py:1160: in do_ping
    dbapi_connection.ping()
.venv\Lib\site-packages\sqlalchemy\dialects\postgresql\asyncpg.py:818: in ping
    self._handle_exception(error)
.venv\Lib\site-packages\sqlalchemy\dialects\postgresql\asyncpg.py:799: in _handle_exception
    raise error
.venv\Lib\site-packages\sqlalchemy\dialects\postgresql\asyncpg.py:816: in ping
    _ = self.await_(self._async_ping())
        ^^^^^^^^^^^^^^^^^^^^^^^^^^^^^^^
.venv\Lib\site-packages\sqlalchemy\util\_concurrency_py3k.py:132: in await_only
    return current.parent.switch(awaitable)  # type: ignore[no-any-return,attr-defined] # noqa: E501
           ^^^^^^^^^^^^^^^^^^^^^^^^^^^^^^^^
.venv\Lib\site-packages\sqlalchemy\util\_concurrency_py3k.py:196: in greenlet_spawn
    value = await result
            ^^^^^^^^^^^^
.venv\Lib\site-packages\sqlalchemy\dialects\postgresql\asyncpg.py:825: in _async_ping
    await tr.start()
.venv\Lib\site-packages\asyncpg\transaction.py:146: in start
    await self._connection.execute(query)
.venv\Lib\site-packages\asyncpg\connection.py:354: in execute
    result = await self._protocol.query(query, timeout)
             ^^^^^^^^^^^^^^^^^^^^^^^^^^^^^^^^^^^^^^^^^^
asyncpg/protocol/protocol.pyx:369: in query
    ???
asyncpg/protocol/protocol.pyx:362: in asyncpg.protocol.protocol.BaseProtocol.query
    ???
asyncpg/protocol/coreproto.pyx:1174: in asyncpg.protocol.protocol.CoreProtocol._simple_query
    ???
asyncpg/protocol/protocol.pyx:956: in asyncpg.protocol.protocol.BaseProtocol._write
    ???
..\..\..\..\..\AppData\Local\Python\pythoncore-3.14-64\Lib\asyncio\sslproto.py:222: in write
    self._ssl_protocol._write_appdata((data,))
..\..\..\..\..\AppData\Local\Python\pythoncore-3.14-64\Lib\asyncio\sslproto.py:700: in _write_appdata
    self._fatal_error(ex, 'Fatal error on SSL protocol')
..\..\..\..\..\AppData\Local\Python\pythoncore-3.14-64\Lib\asyncio\sslproto.py:918: in _fatal_error
    self._transport._force_close(exc)
..\..\..\..\..\AppData\Local\Python\pythoncore-3.14-64\Lib\asyncio\proactor_events.py:152: in _force_close
    self._loop.call_soon(self._call_connection_lost, exc)
..\..\..\..\..\AppData\Local\Python\pythoncore-3.14-64\Lib\asyncio\base_events.py:827: in call_soon
    self._check_closed()
..\..\..\..\..\AppData\Local\Python\pythoncore-3.14-64\Lib\asyncio\base_events.py:550: in _check_closed
    raise RuntimeError('Event loop is closed')
E   RuntimeError: Event loop is closed
------------------------------ Captured log call ------------------------------
ERROR    sqlalchemy.pool.impl.AsyncAdaptedQueuePool:base.py:377 Exception terminating connection <AdaptedConnection <asyncpg.connection.Connection object at 0x0000020EE0D258B0>>
Traceback (most recent call last):
  File "C:\Users\nmendoza\Documents\Visual_Works\Planificacion-Voluntarios\plani-app-back\plani-app-back\.venv\Lib\site-packages\sqlalchemy\pool\base.py", line 373, in _close_connection
    self._dialect.do_terminate(connection)
    ~~~~~~~~~~~~~~~~~~~~~~~~~~^^^^^^^^^^^^
  File "C:\Users\nmendoza\Documents\Visual_Works\Planificacion-Voluntarios\plani-app-back\plani-app-back\.venv\Lib\site-packages\sqlalchemy\dialects\postgresql\asyncpg.py", line 1127, in do_terminate
    dbapi_connection.terminate()
    ~~~~~~~~~~~~~~~~~~~~~~~~~~^^
  File "C:\Users\nmendoza\Documents\Visual_Works\Planificacion-Voluntarios\plani-app-back\plani-app-back\.venv\Lib\site-packages\sqlalchemy\connectors\asyncio.py", line 402, in terminate
    self.await_(asyncio.shield(self._terminate_graceful_close()))  # type: ignore[attr-defined] # noqa: E501
    ~~~~~~~~~~~^^^^^^^^^^^^^^^^^^^^^^^^^^^^^^^^^^^^^^^^^^^^^^^^^^
  File "C:\Users\nmendoza\Documents\Visual_Works\Planificacion-Voluntarios\plani-app-back\plani-app-back\.venv\Lib\site-packages\sqlalchemy\util\_concurrency_py3k.py", line 132, in await_only
    return current.parent.switch(awaitable)  # type: ignore[no-any-return,attr-defined] # noqa: E501
           ~~~~~~~~~~~~~~~~~~~~~^^^^^^^^^^^
  File "C:\Users\nmendoza\Documents\Visual_Works\Planificacion-Voluntarios\plani-app-back\plani-app-back\.venv\Lib\site-packages\sqlalchemy\util\_concurrency_py3k.py", line 196, in greenlet_spawn
    value = await result
            ^^^^^^^^^^^^
  File "C:\Users\nmendoza\Documents\Visual_Works\Planificacion-Voluntarios\plani-app-back\plani-app-back\.venv\Lib\site-packages\sqlalchemy\dialects\postgresql\asyncpg.py", line 912, in _terminate_graceful_close
    await self._connection.close(timeout=2)
  File "C:\Users\nmendoza\Documents\Visual_Works\Planificacion-Voluntarios\plani-app-back\plani-app-back\.venv\Lib\site-packages\asyncpg\connection.py", line 1513, in close
    await self._protocol.close(timeout)
  File "asyncpg/protocol/protocol.pyx", line 617, in close
  File "asyncpg/protocol/protocol.pyx", line 650, in asyncpg.protocol.protocol.BaseProtocol._request_cancel
  File "C:\Users\nmendoza\Documents\Visual_Works\Planificacion-Voluntarios\plani-app-back\plani-app-back\.venv\Lib\site-packages\asyncpg\connection.py", line 1682, in _cancel_current_command
    self._cancellations.add(self._loop.create_task(self._cancel(waiter)))
                            ~~~~~~~~~~~~~~~~~~~~~~^^^^^^^^^^^^^^^^^^^^^^
  File "C:\Users\nmendoza\AppData\Local\Python\pythoncore-3.14-64\Lib\asyncio\base_events.py", line 466, in create_task
    self._check_closed()
    ~~~~~~~~~~~~~~~~~~^^
  File "C:\Users\nmendoza\AppData\Local\Python\pythoncore-3.14-64\Lib\asyncio\base_events.py", line 550, in _check_closed
    raise RuntimeError('Event loop is closed')
RuntimeError: Event loop is closed
____________________ test_crear_extra_rechaza_sin_colision ____________________
..\..\..\..\..\AppData\Local\Python\pythoncore-3.14-64\Lib\asyncio\base_events.py:827: in call_soon
    self._check_closed()
..\..\..\..\..\AppData\Local\Python\pythoncore-3.14-64\Lib\asyncio\base_events.py:550: in _check_closed
    raise RuntimeError('Event loop is closed')
E   RuntimeError: Event loop is closed

During handling of the above exception, another exception occurred:
tests\test_planificacion_extras.py:946: in test_crear_extra_rechaza_sin_colision
    taller = await _pick_one_taller(db_session)
             ^^^^^^^^^^^^^^^^^^^^^^^^^^^^^^^^^^
tests\test_planificacion_extras.py:97: in _pick_one_taller
    res = await db.execute(
.venv\Lib\site-packages\sqlalchemy\ext\asyncio\session.py:449: in execute
    result = await greenlet_spawn(
.venv\Lib\site-packages\sqlalchemy\util\_concurrency_py3k.py:201: in greenlet_spawn
    result = context.throw(*sys.exc_info())
             ^^^^^^^^^^^^^^^^^^^^^^^^^^^^^^
.venv\Lib\site-packages\sqlalchemy\orm\session.py:2351: in execute
    return self._execute_internal(
.venv\Lib\site-packages\sqlalchemy\orm\session.py:2239: in _execute_internal
    conn = self._connection_for_bind(bind)
           ^^^^^^^^^^^^^^^^^^^^^^^^^^^^^^^
.venv\Lib\site-packages\sqlalchemy\orm\session.py:2108: in _connection_for_bind
    return trans._connection_for_bind(engine, execution_options)
           ^^^^^^^^^^^^^^^^^^^^^^^^^^^^^^^^^^^^^^^^^^^^^^^^^^^^^
<string>:2: in _connection_for_bind
    ???
.venv\Lib\site-packages\sqlalchemy\orm\state_changes.py:137: in _go
    ret_value = fn(self, *arg, **kw)
                ^^^^^^^^^^^^^^^^^^^^
.venv\Lib\site-packages\sqlalchemy\orm\session.py:1187: in _connection_for_bind
    conn = bind.connect()
           ^^^^^^^^^^^^^^
.venv\Lib\site-packages\sqlalchemy\engine\base.py:3293: in connect
    return self._connection_cls(self)
           ^^^^^^^^^^^^^^^^^^^^^^^^^^
.venv\Lib\site-packages\sqlalchemy\engine\base.py:143: in __init__
    self._dbapi_connection = engine.raw_connection()
                             ^^^^^^^^^^^^^^^^^^^^^^^
.venv\Lib\site-packages\sqlalchemy\engine\base.py:3317: in raw_connection
    return self.pool.connect()
           ^^^^^^^^^^^^^^^^^^^
.venv\Lib\site-packages\sqlalchemy\pool\base.py:448: in connect
    return _ConnectionFairy._checkout(self)
           ^^^^^^^^^^^^^^^^^^^^^^^^^^^^^^^^
.venv\Lib\site-packages\sqlalchemy\pool\base.py:1371: in _checkout
    with util.safe_reraise():
         ^^^^^^^^^^^^^^^^^^^
.venv\Lib\site-packages\sqlalchemy\util\langhelpers.py:121: in __exit__
    raise exc_value.with_traceback(exc_tb)
.venv\Lib\site-packages\sqlalchemy\pool\base.py:1309: in _checkout
    result = pool._dialect._do_ping_w_event(
.venv\Lib\site-packages\sqlalchemy\engine\default.py:729: in _do_ping_w_event
    return self.do_ping(dbapi_connection)
           ^^^^^^^^^^^^^^^^^^^^^^^^^^^^^^
.venv\Lib\site-packages\sqlalchemy\dialects\postgresql\asyncpg.py:1160: in do_ping
    dbapi_connection.ping()
.venv\Lib\site-packages\sqlalchemy\dialects\postgresql\asyncpg.py:818: in ping
    self._handle_exception(error)
.venv\Lib\site-packages\sqlalchemy\dialects\postgresql\asyncpg.py:799: in _handle_exception
    raise error
.venv\Lib\site-packages\sqlalchemy\dialects\postgresql\asyncpg.py:816: in ping
    _ = self.await_(self._async_ping())
        ^^^^^^^^^^^^^^^^^^^^^^^^^^^^^^^
.venv\Lib\site-packages\sqlalchemy\util\_concurrency_py3k.py:132: in await_only
    return current.parent.switch(awaitable)  # type: ignore[no-any-return,attr-defined] # noqa: E501
           ^^^^^^^^^^^^^^^^^^^^^^^^^^^^^^^^
.venv\Lib\site-packages\sqlalchemy\util\_concurrency_py3k.py:196: in greenlet_spawn
    value = await result
            ^^^^^^^^^^^^
.venv\Lib\site-packages\sqlalchemy\dialects\postgresql\asyncpg.py:825: in _async_ping
    await tr.start()
.venv\Lib\site-packages\asyncpg\transaction.py:146: in start
    await self._connection.execute(query)
.venv\Lib\site-packages\asyncpg\connection.py:354: in execute
    result = await self._protocol.query(query, timeout)
             ^^^^^^^^^^^^^^^^^^^^^^^^^^^^^^^^^^^^^^^^^^
asyncpg/protocol/protocol.pyx:369: in query
    ???
asyncpg/protocol/protocol.pyx:362: in asyncpg.protocol.protocol.BaseProtocol.query
    ???
asyncpg/protocol/coreproto.pyx:1174: in asyncpg.protocol.protocol.CoreProtocol._simple_query
    ???
asyncpg/protocol/protocol.pyx:956: in asyncpg.protocol.protocol.BaseProtocol._write
    ???
..\..\..\..\..\AppData\Local\Python\pythoncore-3.14-64\Lib\asyncio\sslproto.py:222: in write
    self._ssl_protocol._write_appdata((data,))
..\..\..\..\..\AppData\Local\Python\pythoncore-3.14-64\Lib\asyncio\sslproto.py:700: in _write_appdata
    self._fatal_error(ex, 'Fatal error on SSL protocol')
..\..\..\..\..\AppData\Local\Python\pythoncore-3.14-64\Lib\asyncio\sslproto.py:918: in _fatal_error
    self._transport._force_close(exc)
..\..\..\..\..\AppData\Local\Python\pythoncore-3.14-64\Lib\asyncio\proactor_events.py:152: in _force_close
    self._loop.call_soon(self._call_connection_lost, exc)
..\..\..\..\..\AppData\Local\Python\pythoncore-3.14-64\Lib\asyncio\base_events.py:827: in call_soon
    self._check_closed()
..\..\..\..\..\AppData\Local\Python\pythoncore-3.14-64\Lib\asyncio\base_events.py:550: in _check_closed
    raise RuntimeError('Event loop is closed')
E   RuntimeError: Event loop is closed
------------------------------ Captured log call ------------------------------
ERROR    sqlalchemy.pool.impl.AsyncAdaptedQueuePool:base.py:377 Exception terminating connection <AdaptedConnection <asyncpg.connection.Connection object at 0x0000020EE1590C80>>
Traceback (most recent call last):
  File "C:\Users\nmendoza\Documents\Visual_Works\Planificacion-Voluntarios\plani-app-back\plani-app-back\.venv\Lib\site-packages\sqlalchemy\pool\base.py", line 373, in _close_connection
    self._dialect.do_terminate(connection)
    ~~~~~~~~~~~~~~~~~~~~~~~~~~^^^^^^^^^^^^
  File "C:\Users\nmendoza\Documents\Visual_Works\Planificacion-Voluntarios\plani-app-back\plani-app-back\.venv\Lib\site-packages\sqlalchemy\dialects\postgresql\asyncpg.py", line 1127, in do_terminate
    dbapi_connection.terminate()
    ~~~~~~~~~~~~~~~~~~~~~~~~~~^^
  File "C:\Users\nmendoza\Documents\Visual_Works\Planificacion-Voluntarios\plani-app-back\plani-app-back\.venv\Lib\site-packages\sqlalchemy\connectors\asyncio.py", line 402, in terminate
    self.await_(asyncio.shield(self._terminate_graceful_close()))  # type: ignore[attr-defined] # noqa: E501
    ~~~~~~~~~~~^^^^^^^^^^^^^^^^^^^^^^^^^^^^^^^^^^^^^^^^^^^^^^^^^^
  File "C:\Users\nmendoza\Documents\Visual_Works\Planificacion-Voluntarios\plani-app-back\plani-app-back\.venv\Lib\site-packages\sqlalchemy\util\_concurrency_py3k.py", line 132, in await_only
    return current.parent.switch(awaitable)  # type: ignore[no-any-return,attr-defined] # noqa: E501
           ~~~~~~~~~~~~~~~~~~~~~^^^^^^^^^^^
  File "C:\Users\nmendoza\Documents\Visual_Works\Planificacion-Voluntarios\plani-app-back\plani-app-back\.venv\Lib\site-packages\sqlalchemy\util\_concurrency_py3k.py", line 196, in greenlet_spawn
    value = await result
            ^^^^^^^^^^^^
  File "C:\Users\nmendoza\Documents\Visual_Works\Planificacion-Voluntarios\plani-app-back\plani-app-back\.venv\Lib\site-packages\sqlalchemy\dialects\postgresql\asyncpg.py", line 912, in _terminate_graceful_close
    await self._connection.close(timeout=2)
  File "C:\Users\nmendoza\Documents\Visual_Works\Planificacion-Voluntarios\plani-app-back\plani-app-back\.venv\Lib\site-packages\asyncpg\connection.py", line 1513, in close
    await self._protocol.close(timeout)
  File "asyncpg/protocol/protocol.pyx", line 617, in close
  File "asyncpg/protocol/protocol.pyx", line 650, in asyncpg.protocol.protocol.BaseProtocol._request_cancel
  File "C:\Users\nmendoza\Documents\Visual_Works\Planificacion-Voluntarios\plani-app-back\plani-app-back\.venv\Lib\site-packages\asyncpg\connection.py", line 1682, in _cancel_current_command
    self._cancellations.add(self._loop.create_task(self._cancel(waiter)))
                            ~~~~~~~~~~~~~~~~~~~~~~^^^^^^^^^^^^^^^^^^^^^^
  File "C:\Users\nmendoza\AppData\Local\Python\pythoncore-3.14-64\Lib\asyncio\base_events.py", line 466, in create_task
    self._check_closed()
    ~~~~~~~~~~~~~~~~~~^^
  File "C:\Users\nmendoza\AppData\Local\Python\pythoncore-3.14-64\Lib\asyncio\base_events.py", line 550, in _check_closed
    raise RuntimeError('Event loop is closed')
RuntimeError: Event loop is closed
__________________ test_crear_extra_rechaza_duplicado_exacto __________________
..\..\..\..\..\AppData\Local\Python\pythoncore-3.14-64\Lib\asyncio\base_events.py:827: in call_soon
    self._check_closed()
..\..\..\..\..\AppData\Local\Python\pythoncore-3.14-64\Lib\asyncio\base_events.py:550: in _check_closed
    raise RuntimeError('Event loop is closed')
E   RuntimeError: Event loop is closed

During handling of the above exception, another exception occurred:
tests\test_planificacion_extras.py:973: in test_crear_extra_rechaza_duplicado_exacto
    taller = await _pick_one_taller(db_session)
             ^^^^^^^^^^^^^^^^^^^^^^^^^^^^^^^^^^
tests\test_planificacion_extras.py:97: in _pick_one_taller
    res = await db.execute(
.venv\Lib\site-packages\sqlalchemy\ext\asyncio\session.py:449: in execute
    result = await greenlet_spawn(
.venv\Lib\site-packages\sqlalchemy\util\_concurrency_py3k.py:201: in greenlet_spawn
    result = context.throw(*sys.exc_info())
             ^^^^^^^^^^^^^^^^^^^^^^^^^^^^^^
.venv\Lib\site-packages\sqlalchemy\orm\session.py:2351: in execute
    return self._execute_internal(
.venv\Lib\site-packages\sqlalchemy\orm\session.py:2239: in _execute_internal
    conn = self._connection_for_bind(bind)
           ^^^^^^^^^^^^^^^^^^^^^^^^^^^^^^^
.venv\Lib\site-packages\sqlalchemy\orm\session.py:2108: in _connection_for_bind
    return trans._connection_for_bind(engine, execution_options)
           ^^^^^^^^^^^^^^^^^^^^^^^^^^^^^^^^^^^^^^^^^^^^^^^^^^^^^
<string>:2: in _connection_for_bind
    ???
.venv\Lib\site-packages\sqlalchemy\orm\state_changes.py:137: in _go
    ret_value = fn(self, *arg, **kw)
                ^^^^^^^^^^^^^^^^^^^^
.venv\Lib\site-packages\sqlalchemy\orm\session.py:1187: in _connection_for_bind
    conn = bind.connect()
           ^^^^^^^^^^^^^^
.venv\Lib\site-packages\sqlalchemy\engine\base.py:3293: in connect
    return self._connection_cls(self)
           ^^^^^^^^^^^^^^^^^^^^^^^^^^
.venv\Lib\site-packages\sqlalchemy\engine\base.py:143: in __init__
    self._dbapi_connection = engine.raw_connection()
                             ^^^^^^^^^^^^^^^^^^^^^^^
.venv\Lib\site-packages\sqlalchemy\engine\base.py:3317: in raw_connection
    return self.pool.connect()
           ^^^^^^^^^^^^^^^^^^^
.venv\Lib\site-packages\sqlalchemy\pool\base.py:448: in connect
    return _ConnectionFairy._checkout(self)
           ^^^^^^^^^^^^^^^^^^^^^^^^^^^^^^^^
.venv\Lib\site-packages\sqlalchemy\pool\base.py:1371: in _checkout
    with util.safe_reraise():
         ^^^^^^^^^^^^^^^^^^^
.venv\Lib\site-packages\sqlalchemy\util\langhelpers.py:121: in __exit__
    raise exc_value.with_traceback(exc_tb)
.venv\Lib\site-packages\sqlalchemy\pool\base.py:1309: in _checkout
    result = pool._dialect._do_ping_w_event(
.venv\Lib\site-packages\sqlalchemy\engine\default.py:729: in _do_ping_w_event
    return self.do_ping(dbapi_connection)
           ^^^^^^^^^^^^^^^^^^^^^^^^^^^^^^
.venv\Lib\site-packages\sqlalchemy\dialects\postgresql\asyncpg.py:1160: in do_ping
    dbapi_connection.ping()
.venv\Lib\site-packages\sqlalchemy\dialects\postgresql\asyncpg.py:818: in ping
    self._handle_exception(error)
.venv\Lib\site-packages\sqlalchemy\dialects\postgresql\asyncpg.py:799: in _handle_exception
    raise error
.venv\Lib\site-packages\sqlalchemy\dialects\postgresql\asyncpg.py:816: in ping
    _ = self.await_(self._async_ping())
        ^^^^^^^^^^^^^^^^^^^^^^^^^^^^^^^
.venv\Lib\site-packages\sqlalchemy\util\_concurrency_py3k.py:132: in await_only
    return current.parent.switch(awaitable)  # type: ignore[no-any-return,attr-defined] # noqa: E501
           ^^^^^^^^^^^^^^^^^^^^^^^^^^^^^^^^
.venv\Lib\site-packages\sqlalchemy\util\_concurrency_py3k.py:196: in greenlet_spawn
    value = await result
            ^^^^^^^^^^^^
.venv\Lib\site-packages\sqlalchemy\dialects\postgresql\asyncpg.py:825: in _async_ping
    await tr.start()
.venv\Lib\site-packages\asyncpg\transaction.py:146: in start
    await self._connection.execute(query)
.venv\Lib\site-packages\asyncpg\connection.py:354: in execute
    result = await self._protocol.query(query, timeout)
             ^^^^^^^^^^^^^^^^^^^^^^^^^^^^^^^^^^^^^^^^^^
asyncpg/protocol/protocol.pyx:369: in query
    ???
asyncpg/protocol/protocol.pyx:362: in asyncpg.protocol.protocol.BaseProtocol.query
    ???
asyncpg/protocol/coreproto.pyx:1174: in asyncpg.protocol.protocol.CoreProtocol._simple_query
    ???
asyncpg/protocol/protocol.pyx:956: in asyncpg.protocol.protocol.BaseProtocol._write
    ???
..\..\..\..\..\AppData\Local\Python\pythoncore-3.14-64\Lib\asyncio\sslproto.py:222: in write
    self._ssl_protocol._write_appdata((data,))
..\..\..\..\..\AppData\Local\Python\pythoncore-3.14-64\Lib\asyncio\sslproto.py:700: in _write_appdata
    self._fatal_error(ex, 'Fatal error on SSL protocol')
..\..\..\..\..\AppData\Local\Python\pythoncore-3.14-64\Lib\asyncio\sslproto.py:918: in _fatal_error
    self._transport._force_close(exc)
..\..\..\..\..\AppData\Local\Python\pythoncore-3.14-64\Lib\asyncio\proactor_events.py:152: in _force_close
    self._loop.call_soon(self._call_connection_lost, exc)
..\..\..\..\..\AppData\Local\Python\pythoncore-3.14-64\Lib\asyncio\base_events.py:827: in call_soon
    self._check_closed()
..\..\..\..\..\AppData\Local\Python\pythoncore-3.14-64\Lib\asyncio\base_events.py:550: in _check_closed
    raise RuntimeError('Event loop is closed')
E   RuntimeError: Event loop is closed
------------------------------ Captured log call ------------------------------
ERROR    sqlalchemy.pool.impl.AsyncAdaptedQueuePool:base.py:377 Exception terminating connection <AdaptedConnection <asyncpg.connection.Connection object at 0x0000020EE25E98B0>>
Traceback (most recent call last):
  File "C:\Users\nmendoza\Documents\Visual_Works\Planificacion-Voluntarios\plani-app-back\plani-app-back\.venv\Lib\site-packages\sqlalchemy\pool\base.py", line 373, in _close_connection
    self._dialect.do_terminate(connection)
    ~~~~~~~~~~~~~~~~~~~~~~~~~~^^^^^^^^^^^^
  File "C:\Users\nmendoza\Documents\Visual_Works\Planificacion-Voluntarios\plani-app-back\plani-app-back\.venv\Lib\site-packages\sqlalchemy\dialects\postgresql\asyncpg.py", line 1127, in do_terminate
    dbapi_connection.terminate()
    ~~~~~~~~~~~~~~~~~~~~~~~~~~^^
  File "C:\Users\nmendoza\Documents\Visual_Works\Planificacion-Voluntarios\plani-app-back\plani-app-back\.venv\Lib\site-packages\sqlalchemy\connectors\asyncio.py", line 402, in terminate
    self.await_(asyncio.shield(self._terminate_graceful_close()))  # type: ignore[attr-defined] # noqa: E501
    ~~~~~~~~~~~^^^^^^^^^^^^^^^^^^^^^^^^^^^^^^^^^^^^^^^^^^^^^^^^^^
  File "C:\Users\nmendoza\Documents\Visual_Works\Planificacion-Voluntarios\plani-app-back\plani-app-back\.venv\Lib\site-packages\sqlalchemy\util\_concurrency_py3k.py", line 132, in await_only
    return current.parent.switch(awaitable)  # type: ignore[no-any-return,attr-defined] # noqa: E501
           ~~~~~~~~~~~~~~~~~~~~~^^^^^^^^^^^
  File "C:\Users\nmendoza\Documents\Visual_Works\Planificacion-Voluntarios\plani-app-back\plani-app-back\.venv\Lib\site-packages\sqlalchemy\util\_concurrency_py3k.py", line 196, in greenlet_spawn
    value = await result
            ^^^^^^^^^^^^
  File "C:\Users\nmendoza\Documents\Visual_Works\Planificacion-Voluntarios\plani-app-back\plani-app-back\.venv\Lib\site-packages\sqlalchemy\dialects\postgresql\asyncpg.py", line 912, in _terminate_graceful_close
    await self._connection.close(timeout=2)
  File "C:\Users\nmendoza\Documents\Visual_Works\Planificacion-Voluntarios\plani-app-back\plani-app-back\.venv\Lib\site-packages\asyncpg\connection.py", line 1513, in close
    await self._protocol.close(timeout)
  File "asyncpg/protocol/protocol.pyx", line 617, in close
  File "asyncpg/protocol/protocol.pyx", line 650, in asyncpg.protocol.protocol.BaseProtocol._request_cancel
  File "C:\Users\nmendoza\Documents\Visual_Works\Planificacion-Voluntarios\plani-app-back\plani-app-back\.venv\Lib\site-packages\asyncpg\connection.py", line 1682, in _cancel_current_command
    self._cancellations.add(self._loop.create_task(self._cancel(waiter)))
                            ~~~~~~~~~~~~~~~~~~~~~~^^^^^^^^^^^^^^^^^^^^^^
  File "C:\Users\nmendoza\AppData\Local\Python\pythoncore-3.14-64\Lib\asyncio\base_events.py", line 466, in create_task
    self._check_closed()
    ~~~~~~~~~~~~~~~~~~^^
  File "C:\Users\nmendoza\AppData\Local\Python\pythoncore-3.14-64\Lib\asyncio\base_events.py", line 550, in _check_closed
    raise RuntimeError('Event loop is closed')
RuntimeError: Event loop is closed
_________________ test_editar_extra_cambiar_empresa_a_otra_ep _________________
..\..\..\..\..\AppData\Local\Python\pythoncore-3.14-64\Lib\asyncio\base_events.py:827: in call_soon
    self._check_closed()
..\..\..\..\..\AppData\Local\Python\pythoncore-3.14-64\Lib\asyncio\base_events.py:550: in _check_closed
    raise RuntimeError('Event loop is closed')
E   RuntimeError: Event loop is closed

During handling of the above exception, another exception occurred:
tests\test_planificacion_extras.py:1063: in test_editar_extra_cambiar_empresa_a_otra_ep
    extra_id, ep_id, _ = await _create_extra_slot(db_session, client)
                         ^^^^^^^^^^^^^^^^^^^^^^^^^^^^^^^^^^^^^^^^^^^^
tests\test_planificacion_extras.py:1026: in _create_extra_slot
    taller = await _pick_one_taller(db_session)
             ^^^^^^^^^^^^^^^^^^^^^^^^^^^^^^^^^^
tests\test_planificacion_extras.py:97: in _pick_one_taller
    res = await db.execute(
.venv\Lib\site-packages\sqlalchemy\ext\asyncio\session.py:449: in execute
    result = await greenlet_spawn(
.venv\Lib\site-packages\sqlalchemy\util\_concurrency_py3k.py:201: in greenlet_spawn
    result = context.throw(*sys.exc_info())
             ^^^^^^^^^^^^^^^^^^^^^^^^^^^^^^
.venv\Lib\site-packages\sqlalchemy\orm\session.py:2351: in execute
    return self._execute_internal(
.venv\Lib\site-packages\sqlalchemy\orm\session.py:2239: in _execute_internal
    conn = self._connection_for_bind(bind)
           ^^^^^^^^^^^^^^^^^^^^^^^^^^^^^^^
.venv\Lib\site-packages\sqlalchemy\orm\session.py:2108: in _connection_for_bind
    return trans._connection_for_bind(engine, execution_options)
           ^^^^^^^^^^^^^^^^^^^^^^^^^^^^^^^^^^^^^^^^^^^^^^^^^^^^^
<string>:2: in _connection_for_bind
    ???
.venv\Lib\site-packages\sqlalchemy\orm\state_changes.py:137: in _go
    ret_value = fn(self, *arg, **kw)
                ^^^^^^^^^^^^^^^^^^^^
.venv\Lib\site-packages\sqlalchemy\orm\session.py:1187: in _connection_for_bind
    conn = bind.connect()
           ^^^^^^^^^^^^^^
.venv\Lib\site-packages\sqlalchemy\engine\base.py:3293: in connect
    return self._connection_cls(self)
           ^^^^^^^^^^^^^^^^^^^^^^^^^^
.venv\Lib\site-packages\sqlalchemy\engine\base.py:143: in __init__
    self._dbapi_connection = engine.raw_connection()
                             ^^^^^^^^^^^^^^^^^^^^^^^
.venv\Lib\site-packages\sqlalchemy\engine\base.py:3317: in raw_connection
    return self.pool.connect()
           ^^^^^^^^^^^^^^^^^^^
.venv\Lib\site-packages\sqlalchemy\pool\base.py:448: in connect
    return _ConnectionFairy._checkout(self)
           ^^^^^^^^^^^^^^^^^^^^^^^^^^^^^^^^
.venv\Lib\site-packages\sqlalchemy\pool\base.py:1371: in _checkout
    with util.safe_reraise():
         ^^^^^^^^^^^^^^^^^^^
.venv\Lib\site-packages\sqlalchemy\util\langhelpers.py:121: in __exit__
    raise exc_value.with_traceback(exc_tb)
.venv\Lib\site-packages\sqlalchemy\pool\base.py:1309: in _checkout
    result = pool._dialect._do_ping_w_event(
.venv\Lib\site-packages\sqlalchemy\engine\default.py:729: in _do_ping_w_event
    return self.do_ping(dbapi_connection)
           ^^^^^^^^^^^^^^^^^^^^^^^^^^^^^^
.venv\Lib\site-packages\sqlalchemy\dialects\postgresql\asyncpg.py:1160: in do_ping
    dbapi_connection.ping()
.venv\Lib\site-packages\sqlalchemy\dialects\postgresql\asyncpg.py:818: in ping
    self._handle_exception(error)
.venv\Lib\site-packages\sqlalchemy\dialects\postgresql\asyncpg.py:799: in _handle_exception
    raise error
.venv\Lib\site-packages\sqlalchemy\dialects\postgresql\asyncpg.py:816: in ping
    _ = self.await_(self._async_ping())
        ^^^^^^^^^^^^^^^^^^^^^^^^^^^^^^^
.venv\Lib\site-packages\sqlalchemy\util\_concurrency_py3k.py:132: in await_only
    return current.parent.switch(awaitable)  # type: ignore[no-any-return,attr-defined] # noqa: E501
           ^^^^^^^^^^^^^^^^^^^^^^^^^^^^^^^^
.venv\Lib\site-packages\sqlalchemy\util\_concurrency_py3k.py:196: in greenlet_spawn
    value = await result
            ^^^^^^^^^^^^
.venv\Lib\site-packages\sqlalchemy\dialects\postgresql\asyncpg.py:825: in _async_ping
    await tr.start()
.venv\Lib\site-packages\asyncpg\transaction.py:146: in start
    await self._connection.execute(query)
.venv\Lib\site-packages\asyncpg\connection.py:354: in execute
    result = await self._protocol.query(query, timeout)
             ^^^^^^^^^^^^^^^^^^^^^^^^^^^^^^^^^^^^^^^^^^
asyncpg/protocol/protocol.pyx:369: in query
    ???
asyncpg/protocol/protocol.pyx:362: in asyncpg.protocol.protocol.BaseProtocol.query
    ???
asyncpg/protocol/coreproto.pyx:1174: in asyncpg.protocol.protocol.CoreProtocol._simple_query
    ???
asyncpg/protocol/protocol.pyx:956: in asyncpg.protocol.protocol.BaseProtocol._write
    ???
..\..\..\..\..\AppData\Local\Python\pythoncore-3.14-64\Lib\asyncio\sslproto.py:222: in write
    self._ssl_protocol._write_appdata((data,))
..\..\..\..\..\AppData\Local\Python\pythoncore-3.14-64\Lib\asyncio\sslproto.py:700: in _write_appdata
    self._fatal_error(ex, 'Fatal error on SSL protocol')
..\..\..\..\..\AppData\Local\Python\pythoncore-3.14-64\Lib\asyncio\sslproto.py:918: in _fatal_error
    self._transport._force_close(exc)
..\..\..\..\..\AppData\Local\Python\pythoncore-3.14-64\Lib\asyncio\proactor_events.py:152: in _force_close
    self._loop.call_soon(self._call_connection_lost, exc)
..\..\..\..\..\AppData\Local\Python\pythoncore-3.14-64\Lib\asyncio\base_events.py:827: in call_soon
    self._check_closed()
..\..\..\..\..\AppData\Local\Python\pythoncore-3.14-64\Lib\asyncio\base_events.py:550: in _check_closed
    raise RuntimeError('Event loop is closed')
E   RuntimeError: Event loop is closed
------------------------------ Captured log call ------------------------------
ERROR    sqlalchemy.pool.impl.AsyncAdaptedQueuePool:base.py:377 Exception terminating connection <AdaptedConnection <asyncpg.connection.Connection object at 0x0000020EE0CF23F0>>
Traceback (most recent call last):
  File "C:\Users\nmendoza\Documents\Visual_Works\Planificacion-Voluntarios\plani-app-back\plani-app-back\.venv\Lib\site-packages\sqlalchemy\pool\base.py", line 373, in _close_connection
    self._dialect.do_terminate(connection)
    ~~~~~~~~~~~~~~~~~~~~~~~~~~^^^^^^^^^^^^
  File "C:\Users\nmendoza\Documents\Visual_Works\Planificacion-Voluntarios\plani-app-back\plani-app-back\.venv\Lib\site-packages\sqlalchemy\dialects\postgresql\asyncpg.py", line 1127, in do_terminate
    dbapi_connection.terminate()
    ~~~~~~~~~~~~~~~~~~~~~~~~~~^^
  File "C:\Users\nmendoza\Documents\Visual_Works\Planificacion-Voluntarios\plani-app-back\plani-app-back\.venv\Lib\site-packages\sqlalchemy\connectors\asyncio.py", line 402, in terminate
    self.await_(asyncio.shield(self._terminate_graceful_close()))  # type: ignore[attr-defined] # noqa: E501
    ~~~~~~~~~~~^^^^^^^^^^^^^^^^^^^^^^^^^^^^^^^^^^^^^^^^^^^^^^^^^^
  File "C:\Users\nmendoza\Documents\Visual_Works\Planificacion-Voluntarios\plani-app-back\plani-app-back\.venv\Lib\site-packages\sqlalchemy\util\_concurrency_py3k.py", line 132, in await_only
    return current.parent.switch(awaitable)  # type: ignore[no-any-return,attr-defined] # noqa: E501
           ~~~~~~~~~~~~~~~~~~~~~^^^^^^^^^^^
  File "C:\Users\nmendoza\Documents\Visual_Works\Planificacion-Voluntarios\plani-app-back\plani-app-back\.venv\Lib\site-packages\sqlalchemy\util\_concurrency_py3k.py", line 196, in greenlet_spawn
    value = await result
            ^^^^^^^^^^^^
  File "C:\Users\nmendoza\Documents\Visual_Works\Planificacion-Voluntarios\plani-app-back\plani-app-back\.venv\Lib\site-packages\sqlalchemy\dialects\postgresql\asyncpg.py", line 912, in _terminate_graceful_close
    await self._connection.close(timeout=2)
  File "C:\Users\nmendoza\Documents\Visual_Works\Planificacion-Voluntarios\plani-app-back\plani-app-back\.venv\Lib\site-packages\asyncpg\connection.py", line 1513, in close
    await self._protocol.close(timeout)
  File "asyncpg/protocol/protocol.pyx", line 617, in close
  File "asyncpg/protocol/protocol.pyx", line 650, in asyncpg.protocol.protocol.BaseProtocol._request_cancel
  File "C:\Users\nmendoza\Documents\Visual_Works\Planificacion-Voluntarios\plani-app-back\plani-app-back\.venv\Lib\site-packages\asyncpg\connection.py", line 1682, in _cancel_current_command
    self._cancellations.add(self._loop.create_task(self._cancel(waiter)))
                            ~~~~~~~~~~~~~~~~~~~~~~^^^^^^^^^^^^^^^^^^^^^^
  File "C:\Users\nmendoza\AppData\Local\Python\pythoncore-3.14-64\Lib\asyncio\base_events.py", line 466, in create_task
    self._check_closed()
    ~~~~~~~~~~~~~~~~~~^^
  File "C:\Users\nmendoza\AppData\Local\Python\pythoncore-3.14-64\Lib\asyncio\base_events.py", line 550, in _check_closed
    raise RuntimeError('Event loop is closed')
RuntimeError: Event loop is closed
________________________ test_editar_extra_solo_notas _________________________
..\..\..\..\..\AppData\Local\Python\pythoncore-3.14-64\Lib\asyncio\base_events.py:827: in call_soon
    self._check_closed()
..\..\..\..\..\AppData\Local\Python\pythoncore-3.14-64\Lib\asyncio\base_events.py:550: in _check_closed
    raise RuntimeError('Event loop is closed')
E   RuntimeError: Event loop is closed

During handling of the above exception, another exception occurred:
tests\test_planificacion_extras.py:1098: in test_editar_extra_solo_notas
    extra_id, ep_id, _ = await _create_extra_slot(db_session, client)
                         ^^^^^^^^^^^^^^^^^^^^^^^^^^^^^^^^^^^^^^^^^^^^
tests\test_planificacion_extras.py:1026: in _create_extra_slot
    taller = await _pick_one_taller(db_session)
             ^^^^^^^^^^^^^^^^^^^^^^^^^^^^^^^^^^
tests\test_planificacion_extras.py:97: in _pick_one_taller
    res = await db.execute(
.venv\Lib\site-packages\sqlalchemy\ext\asyncio\session.py:449: in execute
    result = await greenlet_spawn(
.venv\Lib\site-packages\sqlalchemy\util\_concurrency_py3k.py:201: in greenlet_spawn
    result = context.throw(*sys.exc_info())
             ^^^^^^^^^^^^^^^^^^^^^^^^^^^^^^
.venv\Lib\site-packages\sqlalchemy\orm\session.py:2351: in execute
    return self._execute_internal(
.venv\Lib\site-packages\sqlalchemy\orm\session.py:2239: in _execute_internal
    conn = self._connection_for_bind(bind)
           ^^^^^^^^^^^^^^^^^^^^^^^^^^^^^^^
.venv\Lib\site-packages\sqlalchemy\orm\session.py:2108: in _connection_for_bind
    return trans._connection_for_bind(engine, execution_options)
           ^^^^^^^^^^^^^^^^^^^^^^^^^^^^^^^^^^^^^^^^^^^^^^^^^^^^^
<string>:2: in _connection_for_bind
    ???
.venv\Lib\site-packages\sqlalchemy\orm\state_changes.py:137: in _go
    ret_value = fn(self, *arg, **kw)
                ^^^^^^^^^^^^^^^^^^^^
.venv\Lib\site-packages\sqlalchemy\orm\session.py:1187: in _connection_for_bind
    conn = bind.connect()
           ^^^^^^^^^^^^^^
.venv\Lib\site-packages\sqlalchemy\engine\base.py:3293: in connect
    return self._connection_cls(self)
           ^^^^^^^^^^^^^^^^^^^^^^^^^^
.venv\Lib\site-packages\sqlalchemy\engine\base.py:143: in __init__
    self._dbapi_connection = engine.raw_connection()
                             ^^^^^^^^^^^^^^^^^^^^^^^
.venv\Lib\site-packages\sqlalchemy\engine\base.py:3317: in raw_connection
    return self.pool.connect()
           ^^^^^^^^^^^^^^^^^^^
.venv\Lib\site-packages\sqlalchemy\pool\base.py:448: in connect
    return _ConnectionFairy._checkout(self)
           ^^^^^^^^^^^^^^^^^^^^^^^^^^^^^^^^
.venv\Lib\site-packages\sqlalchemy\pool\base.py:1371: in _checkout
    with util.safe_reraise():
         ^^^^^^^^^^^^^^^^^^^
.venv\Lib\site-packages\sqlalchemy\util\langhelpers.py:121: in __exit__
    raise exc_value.with_traceback(exc_tb)
.venv\Lib\site-packages\sqlalchemy\pool\base.py:1309: in _checkout
    result = pool._dialect._do_ping_w_event(
.venv\Lib\site-packages\sqlalchemy\engine\default.py:729: in _do_ping_w_event
    return self.do_ping(dbapi_connection)
           ^^^^^^^^^^^^^^^^^^^^^^^^^^^^^^
.venv\Lib\site-packages\sqlalchemy\dialects\postgresql\asyncpg.py:1160: in do_ping
    dbapi_connection.ping()
.venv\Lib\site-packages\sqlalchemy\dialects\postgresql\asyncpg.py:818: in ping
    self._handle_exception(error)
.venv\Lib\site-packages\sqlalchemy\dialects\postgresql\asyncpg.py:799: in _handle_exception
    raise error
.venv\Lib\site-packages\sqlalchemy\dialects\postgresql\asyncpg.py:816: in ping
    _ = self.await_(self._async_ping())
        ^^^^^^^^^^^^^^^^^^^^^^^^^^^^^^^
.venv\Lib\site-packages\sqlalchemy\util\_concurrency_py3k.py:132: in await_only
    return current.parent.switch(awaitable)  # type: ignore[no-any-return,attr-defined] # noqa: E501
           ^^^^^^^^^^^^^^^^^^^^^^^^^^^^^^^^
.venv\Lib\site-packages\sqlalchemy\util\_concurrency_py3k.py:196: in greenlet_spawn
    value = await result
            ^^^^^^^^^^^^
.venv\Lib\site-packages\sqlalchemy\dialects\postgresql\asyncpg.py:825: in _async_ping
    await tr.start()
.venv\Lib\site-packages\asyncpg\transaction.py:146: in start
    await self._connection.execute(query)
.venv\Lib\site-packages\asyncpg\connection.py:354: in execute
    result = await self._protocol.query(query, timeout)
             ^^^^^^^^^^^^^^^^^^^^^^^^^^^^^^^^^^^^^^^^^^
asyncpg/protocol/protocol.pyx:369: in query
    ???
asyncpg/protocol/protocol.pyx:362: in asyncpg.protocol.protocol.BaseProtocol.query
    ???
asyncpg/protocol/coreproto.pyx:1174: in asyncpg.protocol.protocol.CoreProtocol._simple_query
    ???
asyncpg/protocol/protocol.pyx:956: in asyncpg.protocol.protocol.BaseProtocol._write
    ???
..\..\..\..\..\AppData\Local\Python\pythoncore-3.14-64\Lib\asyncio\sslproto.py:222: in write
    self._ssl_protocol._write_appdata((data,))
..\..\..\..\..\AppData\Local\Python\pythoncore-3.14-64\Lib\asyncio\sslproto.py:700: in _write_appdata
    self._fatal_error(ex, 'Fatal error on SSL protocol')
..\..\..\..\..\AppData\Local\Python\pythoncore-3.14-64\Lib\asyncio\sslproto.py:918: in _fatal_error
    self._transport._force_close(exc)
..\..\..\..\..\AppData\Local\Python\pythoncore-3.14-64\Lib\asyncio\proactor_events.py:152: in _force_close
    self._loop.call_soon(self._call_connection_lost, exc)
..\..\..\..\..\AppData\Local\Python\pythoncore-3.14-64\Lib\asyncio\base_events.py:827: in call_soon
    self._check_closed()
..\..\..\..\..\AppData\Local\Python\pythoncore-3.14-64\Lib\asyncio\base_events.py:550: in _check_closed
    raise RuntimeError('Event loop is closed')
E   RuntimeError: Event loop is closed
------------------------------ Captured log call ------------------------------
ERROR    sqlalchemy.pool.impl.AsyncAdaptedQueuePool:base.py:377 Exception terminating connection <AdaptedConnection <asyncpg.connection.Connection object at 0x0000020EE0CF3C50>>
Traceback (most recent call last):
  File "C:\Users\nmendoza\Documents\Visual_Works\Planificacion-Voluntarios\plani-app-back\plani-app-back\.venv\Lib\site-packages\sqlalchemy\pool\base.py", line 373, in _close_connection
    self._dialect.do_terminate(connection)
    ~~~~~~~~~~~~~~~~~~~~~~~~~~^^^^^^^^^^^^
  File "C:\Users\nmendoza\Documents\Visual_Works\Planificacion-Voluntarios\plani-app-back\plani-app-back\.venv\Lib\site-packages\sqlalchemy\dialects\postgresql\asyncpg.py", line 1127, in do_terminate
    dbapi_connection.terminate()
    ~~~~~~~~~~~~~~~~~~~~~~~~~~^^
  File "C:\Users\nmendoza\Documents\Visual_Works\Planificacion-Voluntarios\plani-app-back\plani-app-back\.venv\Lib\site-packages\sqlalchemy\connectors\asyncio.py", line 402, in terminate
    self.await_(asyncio.shield(self._terminate_graceful_close()))  # type: ignore[attr-defined] # noqa: E501
    ~~~~~~~~~~~^^^^^^^^^^^^^^^^^^^^^^^^^^^^^^^^^^^^^^^^^^^^^^^^^^
  File "C:\Users\nmendoza\Documents\Visual_Works\Planificacion-Voluntarios\plani-app-back\plani-app-back\.venv\Lib\site-packages\sqlalchemy\util\_concurrency_py3k.py", line 132, in await_only
    return current.parent.switch(awaitable)  # type: ignore[no-any-return,attr-defined] # noqa: E501
           ~~~~~~~~~~~~~~~~~~~~~^^^^^^^^^^^
  File "C:\Users\nmendoza\Documents\Visual_Works\Planificacion-Voluntarios\plani-app-back\plani-app-back\.venv\Lib\site-packages\sqlalchemy\util\_concurrency_py3k.py", line 196, in greenlet_spawn
    value = await result
            ^^^^^^^^^^^^
  File "C:\Users\nmendoza\Documents\Visual_Works\Planificacion-Voluntarios\plani-app-back\plani-app-back\.venv\Lib\site-packages\sqlalchemy\dialects\postgresql\asyncpg.py", line 912, in _terminate_graceful_close
    await self._connection.close(timeout=2)
  File "C:\Users\nmendoza\Documents\Visual_Works\Planificacion-Voluntarios\plani-app-back\plani-app-back\.venv\Lib\site-packages\asyncpg\connection.py", line 1513, in close
    await self._protocol.close(timeout)
  File "asyncpg/protocol/protocol.pyx", line 617, in close
  File "asyncpg/protocol/protocol.pyx", line 650, in asyncpg.protocol.protocol.BaseProtocol._request_cancel
  File "C:\Users\nmendoza\Documents\Visual_Works\Planificacion-Voluntarios\plani-app-back\plani-app-back\.venv\Lib\site-packages\asyncpg\connection.py", line 1682, in _cancel_current_command
    self._cancellations.add(self._loop.create_task(self._cancel(waiter)))
                            ~~~~~~~~~~~~~~~~~~~~~~^^^^^^^^^^^^^^^^^^^^^^
  File "C:\Users\nmendoza\AppData\Local\Python\pythoncore-3.14-64\Lib\asyncio\base_events.py", line 466, in create_task
    self._check_closed()
    ~~~~~~~~~~~~~~~~~~^^
  File "C:\Users\nmendoza\AppData\Local\Python\pythoncore-3.14-64\Lib\asyncio\base_events.py", line 550, in _check_closed
    raise RuntimeError('Event loop is closed')
RuntimeError: Event loop is closed
____________________ test_editar_extra_notas_vacias_limpia ____________________
..\..\..\..\..\AppData\Local\Python\pythoncore-3.14-64\Lib\asyncio\base_events.py:827: in call_soon
    self._check_closed()
..\..\..\..\..\AppData\Local\Python\pythoncore-3.14-64\Lib\asyncio\base_events.py:550: in _check_closed
    raise RuntimeError('Event loop is closed')
E   RuntimeError: Event loop is closed

During handling of the above exception, another exception occurred:
tests\test_planificacion_extras.py:1112: in test_editar_extra_notas_vacias_limpia
    extra_id, _, _ = await _create_extra_slot(db_session, client)
                     ^^^^^^^^^^^^^^^^^^^^^^^^^^^^^^^^^^^^^^^^^^^^
tests\test_planificacion_extras.py:1026: in _create_extra_slot
    taller = await _pick_one_taller(db_session)
             ^^^^^^^^^^^^^^^^^^^^^^^^^^^^^^^^^^
tests\test_planificacion_extras.py:97: in _pick_one_taller
    res = await db.execute(
.venv\Lib\site-packages\sqlalchemy\ext\asyncio\session.py:449: in execute
    result = await greenlet_spawn(
.venv\Lib\site-packages\sqlalchemy\util\_concurrency_py3k.py:201: in greenlet_spawn
    result = context.throw(*sys.exc_info())
             ^^^^^^^^^^^^^^^^^^^^^^^^^^^^^^
.venv\Lib\site-packages\sqlalchemy\orm\session.py:2351: in execute
    return self._execute_internal(
.venv\Lib\site-packages\sqlalchemy\orm\session.py:2239: in _execute_internal
    conn = self._connection_for_bind(bind)
           ^^^^^^^^^^^^^^^^^^^^^^^^^^^^^^^
.venv\Lib\site-packages\sqlalchemy\orm\session.py:2108: in _connection_for_bind
    return trans._connection_for_bind(engine, execution_options)
           ^^^^^^^^^^^^^^^^^^^^^^^^^^^^^^^^^^^^^^^^^^^^^^^^^^^^^
<string>:2: in _connection_for_bind
    ???
.venv\Lib\site-packages\sqlalchemy\orm\state_changes.py:137: in _go
    ret_value = fn(self, *arg, **kw)
                ^^^^^^^^^^^^^^^^^^^^
.venv\Lib\site-packages\sqlalchemy\orm\session.py:1187: in _connection_for_bind
    conn = bind.connect()
           ^^^^^^^^^^^^^^
.venv\Lib\site-packages\sqlalchemy\engine\base.py:3293: in connect
    return self._connection_cls(self)
           ^^^^^^^^^^^^^^^^^^^^^^^^^^
.venv\Lib\site-packages\sqlalchemy\engine\base.py:143: in __init__
    self._dbapi_connection = engine.raw_connection()
                             ^^^^^^^^^^^^^^^^^^^^^^^
.venv\Lib\site-packages\sqlalchemy\engine\base.py:3317: in raw_connection
    return self.pool.connect()
           ^^^^^^^^^^^^^^^^^^^
.venv\Lib\site-packages\sqlalchemy\pool\base.py:448: in connect
    return _ConnectionFairy._checkout(self)
           ^^^^^^^^^^^^^^^^^^^^^^^^^^^^^^^^
.venv\Lib\site-packages\sqlalchemy\pool\base.py:1371: in _checkout
    with util.safe_reraise():
         ^^^^^^^^^^^^^^^^^^^
.venv\Lib\site-packages\sqlalchemy\util\langhelpers.py:121: in __exit__
    raise exc_value.with_traceback(exc_tb)
.venv\Lib\site-packages\sqlalchemy\pool\base.py:1309: in _checkout
    result = pool._dialect._do_ping_w_event(
.venv\Lib\site-packages\sqlalchemy\engine\default.py:729: in _do_ping_w_event
    return self.do_ping(dbapi_connection)
           ^^^^^^^^^^^^^^^^^^^^^^^^^^^^^^
.venv\Lib\site-packages\sqlalchemy\dialects\postgresql\asyncpg.py:1160: in do_ping
    dbapi_connection.ping()
.venv\Lib\site-packages\sqlalchemy\dialects\postgresql\asyncpg.py:818: in ping
    self._handle_exception(error)
.venv\Lib\site-packages\sqlalchemy\dialects\postgresql\asyncpg.py:799: in _handle_exception
    raise error
.venv\Lib\site-packages\sqlalchemy\dialects\postgresql\asyncpg.py:816: in ping
    _ = self.await_(self._async_ping())
        ^^^^^^^^^^^^^^^^^^^^^^^^^^^^^^^
.venv\Lib\site-packages\sqlalchemy\util\_concurrency_py3k.py:132: in await_only
    return current.parent.switch(awaitable)  # type: ignore[no-any-return,attr-defined] # noqa: E501
           ^^^^^^^^^^^^^^^^^^^^^^^^^^^^^^^^
.venv\Lib\site-packages\sqlalchemy\util\_concurrency_py3k.py:196: in greenlet_spawn
    value = await result
            ^^^^^^^^^^^^
.venv\Lib\site-packages\sqlalchemy\dialects\postgresql\asyncpg.py:825: in _async_ping
    await tr.start()
.venv\Lib\site-packages\asyncpg\transaction.py:146: in start
    await self._connection.execute(query)
.venv\Lib\site-packages\asyncpg\connection.py:354: in execute
    result = await self._protocol.query(query, timeout)
             ^^^^^^^^^^^^^^^^^^^^^^^^^^^^^^^^^^^^^^^^^^
asyncpg/protocol/protocol.pyx:369: in query
    ???
asyncpg/protocol/protocol.pyx:362: in asyncpg.protocol.protocol.BaseProtocol.query
    ???
asyncpg/protocol/coreproto.pyx:1174: in asyncpg.protocol.protocol.CoreProtocol._simple_query
    ???
asyncpg/protocol/protocol.pyx:956: in asyncpg.protocol.protocol.BaseProtocol._write
    ???
..\..\..\..\..\AppData\Local\Python\pythoncore-3.14-64\Lib\asyncio\sslproto.py:222: in write
    self._ssl_protocol._write_appdata((data,))
..\..\..\..\..\AppData\Local\Python\pythoncore-3.14-64\Lib\asyncio\sslproto.py:700: in _write_appdata
    self._fatal_error(ex, 'Fatal error on SSL protocol')
..\..\..\..\..\AppData\Local\Python\pythoncore-3.14-64\Lib\asyncio\sslproto.py:918: in _fatal_error
    self._transport._force_close(exc)
..\..\..\..\..\AppData\Local\Python\pythoncore-3.14-64\Lib\asyncio\proactor_events.py:152: in _force_close
    self._loop.call_soon(self._call_connection_lost, exc)
..\..\..\..\..\AppData\Local\Python\pythoncore-3.14-64\Lib\asyncio\base_events.py:827: in call_soon
    self._check_closed()
..\..\..\..\..\AppData\Local\Python\pythoncore-3.14-64\Lib\asyncio\base_events.py:550: in _check_closed
    raise RuntimeError('Event loop is closed')
E   RuntimeError: Event loop is closed
------------------------------ Captured log call ------------------------------
ERROR    sqlalchemy.pool.impl.AsyncAdaptedQueuePool:base.py:377 Exception terminating connection <AdaptedConnection <asyncpg.connection.Connection object at 0x0000020EE15A58B0>>
Traceback (most recent call last):
  File "C:\Users\nmendoza\Documents\Visual_Works\Planificacion-Voluntarios\plani-app-back\plani-app-back\.venv\Lib\site-packages\sqlalchemy\pool\base.py", line 373, in _close_connection
    self._dialect.do_terminate(connection)
    ~~~~~~~~~~~~~~~~~~~~~~~~~~^^^^^^^^^^^^
  File "C:\Users\nmendoza\Documents\Visual_Works\Planificacion-Voluntarios\plani-app-back\plani-app-back\.venv\Lib\site-packages\sqlalchemy\dialects\postgresql\asyncpg.py", line 1127, in do_terminate
    dbapi_connection.terminate()
    ~~~~~~~~~~~~~~~~~~~~~~~~~~^^
  File "C:\Users\nmendoza\Documents\Visual_Works\Planificacion-Voluntarios\plani-app-back\plani-app-back\.venv\Lib\site-packages\sqlalchemy\connectors\asyncio.py", line 402, in terminate
    self.await_(asyncio.shield(self._terminate_graceful_close()))  # type: ignore[attr-defined] # noqa: E501
    ~~~~~~~~~~~^^^^^^^^^^^^^^^^^^^^^^^^^^^^^^^^^^^^^^^^^^^^^^^^^^
  File "C:\Users\nmendoza\Documents\Visual_Works\Planificacion-Voluntarios\plani-app-back\plani-app-back\.venv\Lib\site-packages\sqlalchemy\util\_concurrency_py3k.py", line 132, in await_only
    return current.parent.switch(awaitable)  # type: ignore[no-any-return,attr-defined] # noqa: E501
           ~~~~~~~~~~~~~~~~~~~~~^^^^^^^^^^^
  File "C:\Users\nmendoza\Documents\Visual_Works\Planificacion-Voluntarios\plani-app-back\plani-app-back\.venv\Lib\site-packages\sqlalchemy\util\_concurrency_py3k.py", line 196, in greenlet_spawn
    value = await result
            ^^^^^^^^^^^^
  File "C:\Users\nmendoza\Documents\Visual_Works\Planificacion-Voluntarios\plani-app-back\plani-app-back\.venv\Lib\site-packages\sqlalchemy\dialects\postgresql\asyncpg.py", line 912, in _terminate_graceful_close
    await self._connection.close(timeout=2)
  File "C:\Users\nmendoza\Documents\Visual_Works\Planificacion-Voluntarios\plani-app-back\plani-app-back\.venv\Lib\site-packages\asyncpg\connection.py", line 1513, in close
    await self._protocol.close(timeout)
  File "asyncpg/protocol/protocol.pyx", line 617, in close
  File "asyncpg/protocol/protocol.pyx", line 650, in asyncpg.protocol.protocol.BaseProtocol._request_cancel
  File "C:\Users\nmendoza\Documents\Visual_Works\Planificacion-Voluntarios\plani-app-back\plani-app-back\.venv\Lib\site-packages\asyncpg\connection.py", line 1682, in _cancel_current_command
    self._cancellations.add(self._loop.create_task(self._cancel(waiter)))
                            ~~~~~~~~~~~~~~~~~~~~~~^^^^^^^^^^^^^^^^^^^^^^
  File "C:\Users\nmendoza\AppData\Local\Python\pythoncore-3.14-64\Lib\asyncio\base_events.py", line 466, in create_task
    self._check_closed()
    ~~~~~~~~~~~~~~~~~~^^
  File "C:\Users\nmendoza\AppData\Local\Python\pythoncore-3.14-64\Lib\asyncio\base_events.py", line 550, in _check_closed
    raise RuntimeError('Event loop is closed')
RuntimeError: Event loop is closed
_____________________ test_editar_extra_slot_inexistente ______________________
..\..\..\..\..\AppData\Local\Python\pythoncore-3.14-64\Lib\asyncio\base_events.py:827: in call_soon
    self._check_closed()
..\..\..\..\..\AppData\Local\Python\pythoncore-3.14-64\Lib\asyncio\base_events.py:550: in _check_closed
    raise RuntimeError('Event loop is closed')
E   RuntimeError: Event loop is closed

During handling of the above exception, another exception occurred:
tests\test_planificacion_extras.py:1132: in test_editar_extra_slot_inexistente
    resp = await client.patch(
.venv\Lib\site-packages\httpx\_client.py:1933: in patch
    return await self.request(
.venv\Lib\site-packages\httpx\_client.py:1540: in request
    return await self.send(request, auth=auth, follow_redirects=follow_redirects)
           ^^^^^^^^^^^^^^^^^^^^^^^^^^^^^^^^^^^^^^^^^^^^^^^^^^^^^^^^^^^^^^^^^^^^^^
.venv\Lib\site-packages\httpx\_client.py:1629: in send
    response = await self._send_handling_auth(
.venv\Lib\site-packages\httpx\_client.py:1657: in _send_handling_auth
    response = await self._send_handling_redirects(
.venv\Lib\site-packages\httpx\_client.py:1694: in _send_handling_redirects
    response = await self._send_single_request(request)
               ^^^^^^^^^^^^^^^^^^^^^^^^^^^^^^^^^^^^^^^^
.venv\Lib\site-packages\httpx\_client.py:1730: in _send_single_request
    response = await transport.handle_async_request(request)
               ^^^^^^^^^^^^^^^^^^^^^^^^^^^^^^^^^^^^^^^^^^^^^
.venv\Lib\site-packages\httpx\_transports\asgi.py:170: in handle_async_request
    await self.app(scope, receive, send)
.venv\Lib\site-packages\fastapi\applications.py:1163: in __call__
    await super().__call__(scope, receive, send)
.venv\Lib\site-packages\starlette\applications.py:90: in __call__
    await self.middleware_stack(scope, receive, send)
.venv\Lib\site-packages\starlette\middleware\errors.py:186: in __call__
    raise exc
.venv\Lib\site-packages\starlette\middleware\errors.py:164: in __call__
    await self.app(scope, receive, _send)
.venv\Lib\site-packages\starlette\middleware\cors.py:88: in __call__
    await self.app(scope, receive, send)
.venv\Lib\site-packages\starlette\middleware\exceptions.py:63: in __call__
    await wrap_app_handling_exceptions(self.app, conn)(scope, receive, send)
.venv\Lib\site-packages\starlette\_exception_handler.py:53: in wrapped_app
    raise exc
.venv\Lib\site-packages\starlette\_exception_handler.py:42: in wrapped_app
    await app(scope, receive, sender)
.venv\Lib\site-packages\fastapi\middleware\asyncexitstack.py:18: in __call__
    await self.app(scope, receive, send)
.venv\Lib\site-packages\starlette\routing.py:660: in __call__
    await self.middleware_stack(scope, receive, send)
.venv\Lib\site-packages\starlette\routing.py:680: in app
    await route.handle(scope, receive, send)
.venv\Lib\site-packages\starlette\routing.py:276: in handle
    await self.app(scope, receive, send)
.venv\Lib\site-packages\fastapi\routing.py:134: in app
    await wrap_app_handling_exceptions(app, request)(scope, receive, send)
.venv\Lib\site-packages\starlette\_exception_handler.py:53: in wrapped_app
    raise exc
.venv\Lib\site-packages\starlette\_exception_handler.py:42: in wrapped_app
    await app(scope, receive, sender)
.venv\Lib\site-packages\fastapi\routing.py:120: in app
    response = await f(request)
               ^^^^^^^^^^^^^^^^
.venv\Lib\site-packages\fastapi\routing.py:674: in app
    raw_response = await run_endpoint_function(
.venv\Lib\site-packages\fastapi\routing.py:328: in run_endpoint_function
    return await dependant.call(**values)
           ^^^^^^^^^^^^^^^^^^^^^^^^^^^^^^
app\routers\planificacion.py:346: in editar_extra
    row = await db.execute(
.venv\Lib\site-packages\sqlalchemy\ext\asyncio\session.py:449: in execute
    result = await greenlet_spawn(
.venv\Lib\site-packages\sqlalchemy\util\_concurrency_py3k.py:201: in greenlet_spawn
    result = context.throw(*sys.exc_info())
             ^^^^^^^^^^^^^^^^^^^^^^^^^^^^^^
.venv\Lib\site-packages\sqlalchemy\orm\session.py:2351: in execute
    return self._execute_internal(
.venv\Lib\site-packages\sqlalchemy\orm\session.py:2239: in _execute_internal
    conn = self._connection_for_bind(bind)
           ^^^^^^^^^^^^^^^^^^^^^^^^^^^^^^^
.venv\Lib\site-packages\sqlalchemy\orm\session.py:2108: in _connection_for_bind
    return trans._connection_for_bind(engine, execution_options)
           ^^^^^^^^^^^^^^^^^^^^^^^^^^^^^^^^^^^^^^^^^^^^^^^^^^^^^
<string>:2: in _connection_for_bind
    ???
.venv\Lib\site-packages\sqlalchemy\orm\state_changes.py:137: in _go
    ret_value = fn(self, *arg, **kw)
                ^^^^^^^^^^^^^^^^^^^^
.venv\Lib\site-packages\sqlalchemy\orm\session.py:1187: in _connection_for_bind
    conn = bind.connect()
           ^^^^^^^^^^^^^^
.venv\Lib\site-packages\sqlalchemy\engine\base.py:3293: in connect
    return self._connection_cls(self)
           ^^^^^^^^^^^^^^^^^^^^^^^^^^
.venv\Lib\site-packages\sqlalchemy\engine\base.py:143: in __init__
    self._dbapi_connection = engine.raw_connection()
                             ^^^^^^^^^^^^^^^^^^^^^^^
.venv\Lib\site-packages\sqlalchemy\engine\base.py:3317: in raw_connection
    return self.pool.connect()
           ^^^^^^^^^^^^^^^^^^^
.venv\Lib\site-packages\sqlalchemy\pool\base.py:448: in connect
    return _ConnectionFairy._checkout(self)
           ^^^^^^^^^^^^^^^^^^^^^^^^^^^^^^^^
.venv\Lib\site-packages\sqlalchemy\pool\base.py:1371: in _checkout
    with util.safe_reraise():
         ^^^^^^^^^^^^^^^^^^^
.venv\Lib\site-packages\sqlalchemy\util\langhelpers.py:121: in __exit__
    raise exc_value.with_traceback(exc_tb)
.venv\Lib\site-packages\sqlalchemy\pool\base.py:1309: in _checkout
    result = pool._dialect._do_ping_w_event(
.venv\Lib\site-packages\sqlalchemy\engine\default.py:729: in _do_ping_w_event
    return self.do_ping(dbapi_connection)
           ^^^^^^^^^^^^^^^^^^^^^^^^^^^^^^
.venv\Lib\site-packages\sqlalchemy\dialects\postgresql\asyncpg.py:1160: in do_ping
    dbapi_connection.ping()
.venv\Lib\site-packages\sqlalchemy\dialects\postgresql\asyncpg.py:818: in ping
    self._handle_exception(error)
.venv\Lib\site-packages\sqlalchemy\dialects\postgresql\asyncpg.py:799: in _handle_exception
    raise error
.venv\Lib\site-packages\sqlalchemy\dialects\postgresql\asyncpg.py:816: in ping
    _ = self.await_(self._async_ping())
        ^^^^^^^^^^^^^^^^^^^^^^^^^^^^^^^
.venv\Lib\site-packages\sqlalchemy\util\_concurrency_py3k.py:132: in await_only
    return current.parent.switch(awaitable)  # type: ignore[no-any-return,attr-defined] # noqa: E501
           ^^^^^^^^^^^^^^^^^^^^^^^^^^^^^^^^
.venv\Lib\site-packages\sqlalchemy\util\_concurrency_py3k.py:196: in greenlet_spawn
    value = await result
            ^^^^^^^^^^^^
.venv\Lib\site-packages\sqlalchemy\dialects\postgresql\asyncpg.py:825: in _async_ping
    await tr.start()
.venv\Lib\site-packages\asyncpg\transaction.py:146: in start
    await self._connection.execute(query)
.venv\Lib\site-packages\asyncpg\connection.py:354: in execute
    result = await self._protocol.query(query, timeout)
             ^^^^^^^^^^^^^^^^^^^^^^^^^^^^^^^^^^^^^^^^^^
asyncpg/protocol/protocol.pyx:369: in query
    ???
asyncpg/protocol/protocol.pyx:362: in asyncpg.protocol.protocol.BaseProtocol.query
    ???
asyncpg/protocol/coreproto.pyx:1174: in asyncpg.protocol.protocol.CoreProtocol._simple_query
    ???
asyncpg/protocol/protocol.pyx:956: in asyncpg.protocol.protocol.BaseProtocol._write
    ???
..\..\..\..\..\AppData\Local\Python\pythoncore-3.14-64\Lib\asyncio\sslproto.py:222: in write
    self._ssl_protocol._write_appdata((data,))
..\..\..\..\..\AppData\Local\Python\pythoncore-3.14-64\Lib\asyncio\sslproto.py:700: in _write_appdata
    self._fatal_error(ex, 'Fatal error on SSL protocol')
..\..\..\..\..\AppData\Local\Python\pythoncore-3.14-64\Lib\asyncio\sslproto.py:918: in _fatal_error
    self._transport._force_close(exc)
..\..\..\..\..\AppData\Local\Python\pythoncore-3.14-64\Lib\asyncio\proactor_events.py:152: in _force_close
    self._loop.call_soon(self._call_connection_lost, exc)
..\..\..\..\..\AppData\Local\Python\pythoncore-3.14-64\Lib\asyncio\base_events.py:827: in call_soon
    self._check_closed()
..\..\..\..\..\AppData\Local\Python\pythoncore-3.14-64\Lib\asyncio\base_events.py:550: in _check_closed
    raise RuntimeError('Event loop is closed')
E   RuntimeError: Event loop is closed
------------------------------ Captured log call ------------------------------
ERROR    sqlalchemy.pool.impl.AsyncAdaptedQueuePool:base.py:377 Exception terminating connection <AdaptedConnection <asyncpg.connection.Connection object at 0x0000020EE15A6300>>
Traceback (most recent call last):
  File "C:\Users\nmendoza\Documents\Visual_Works\Planificacion-Voluntarios\plani-app-back\plani-app-back\.venv\Lib\site-packages\sqlalchemy\pool\base.py", line 373, in _close_connection
    self._dialect.do_terminate(connection)
    ~~~~~~~~~~~~~~~~~~~~~~~~~~^^^^^^^^^^^^
  File "C:\Users\nmendoza\Documents\Visual_Works\Planificacion-Voluntarios\plani-app-back\plani-app-back\.venv\Lib\site-packages\sqlalchemy\dialects\postgresql\asyncpg.py", line 1127, in do_terminate
    dbapi_connection.terminate()
    ~~~~~~~~~~~~~~~~~~~~~~~~~~^^
  File "C:\Users\nmendoza\Documents\Visual_Works\Planificacion-Voluntarios\plani-app-back\plani-app-back\.venv\Lib\site-packages\sqlalchemy\connectors\asyncio.py", line 402, in terminate
    self.await_(asyncio.shield(self._terminate_graceful_close()))  # type: ignore[attr-defined] # noqa: E501
    ~~~~~~~~~~~^^^^^^^^^^^^^^^^^^^^^^^^^^^^^^^^^^^^^^^^^^^^^^^^^^
  File "C:\Users\nmendoza\Documents\Visual_Works\Planificacion-Voluntarios\plani-app-back\plani-app-back\.venv\Lib\site-packages\sqlalchemy\util\_concurrency_py3k.py", line 132, in await_only
    return current.parent.switch(awaitable)  # type: ignore[no-any-return,attr-defined] # noqa: E501
           ~~~~~~~~~~~~~~~~~~~~~^^^^^^^^^^^
  File "C:\Users\nmendoza\Documents\Visual_Works\Planificacion-Voluntarios\plani-app-back\plani-app-back\.venv\Lib\site-packages\sqlalchemy\util\_concurrency_py3k.py", line 196, in greenlet_spawn
    value = await result
            ^^^^^^^^^^^^
  File "C:\Users\nmendoza\Documents\Visual_Works\Planificacion-Voluntarios\plani-app-back\plani-app-back\.venv\Lib\site-packages\sqlalchemy\dialects\postgresql\asyncpg.py", line 912, in _terminate_graceful_close
    await self._connection.close(timeout=2)
  File "C:\Users\nmendoza\Documents\Visual_Works\Planificacion-Voluntarios\plani-app-back\plani-app-back\.venv\Lib\site-packages\asyncpg\connection.py", line 1513, in close
    await self._protocol.close(timeout)
  File "asyncpg/protocol/protocol.pyx", line 617, in close
  File "asyncpg/protocol/protocol.pyx", line 650, in asyncpg.protocol.protocol.BaseProtocol._request_cancel
  File "C:\Users\nmendoza\Documents\Visual_Works\Planificacion-Voluntarios\plani-app-back\plani-app-back\.venv\Lib\site-packages\asyncpg\connection.py", line 1682, in _cancel_current_command
    self._cancellations.add(self._loop.create_task(self._cancel(waiter)))
                            ~~~~~~~~~~~~~~~~~~~~~~^^^^^^^^^^^^^^^^^^^^^^
  File "C:\Users\nmendoza\AppData\Local\Python\pythoncore-3.14-64\Lib\asyncio\base_events.py", line 466, in create_task
    self._check_closed()
    ~~~~~~~~~~~~~~~~~~^^
  File "C:\Users\nmendoza\AppData\Local\Python\pythoncore-3.14-64\Lib\asyncio\base_events.py", line 550, in _check_closed
    raise RuntimeError('Event loop is closed')
RuntimeError: Event loop is closed
___________________ test_editar_extra_slot_es_base_no_extra ___________________
..\..\..\..\..\AppData\Local\Python\pythoncore-3.14-64\Lib\asyncio\base_events.py:827: in call_soon
    self._check_closed()
..\..\..\..\..\AppData\Local\Python\pythoncore-3.14-64\Lib\asyncio\base_events.py:550: in _check_closed
    raise RuntimeError('Event loop is closed')
E   RuntimeError: Event loop is closed

During handling of the above exception, another exception occurred:
tests\test_planificacion_extras.py:1142: in test_editar_extra_slot_es_base_no_extra
    taller = await _pick_one_taller(db_session)
             ^^^^^^^^^^^^^^^^^^^^^^^^^^^^^^^^^^
tests\test_planificacion_extras.py:97: in _pick_one_taller
    res = await db.execute(
.venv\Lib\site-packages\sqlalchemy\ext\asyncio\session.py:449: in execute
    result = await greenlet_spawn(
.venv\Lib\site-packages\sqlalchemy\util\_concurrency_py3k.py:201: in greenlet_spawn
    result = context.throw(*sys.exc_info())
             ^^^^^^^^^^^^^^^^^^^^^^^^^^^^^^
.venv\Lib\site-packages\sqlalchemy\orm\session.py:2351: in execute
    return self._execute_internal(
.venv\Lib\site-packages\sqlalchemy\orm\session.py:2239: in _execute_internal
    conn = self._connection_for_bind(bind)
           ^^^^^^^^^^^^^^^^^^^^^^^^^^^^^^^
.venv\Lib\site-packages\sqlalchemy\orm\session.py:2108: in _connection_for_bind
    return trans._connection_for_bind(engine, execution_options)
           ^^^^^^^^^^^^^^^^^^^^^^^^^^^^^^^^^^^^^^^^^^^^^^^^^^^^^
<string>:2: in _connection_for_bind
    ???
.venv\Lib\site-packages\sqlalchemy\orm\state_changes.py:137: in _go
    ret_value = fn(self, *arg, **kw)
                ^^^^^^^^^^^^^^^^^^^^
.venv\Lib\site-packages\sqlalchemy\orm\session.py:1187: in _connection_for_bind
    conn = bind.connect()
           ^^^^^^^^^^^^^^
.venv\Lib\site-packages\sqlalchemy\engine\base.py:3293: in connect
    return self._connection_cls(self)
           ^^^^^^^^^^^^^^^^^^^^^^^^^^
.venv\Lib\site-packages\sqlalchemy\engine\base.py:143: in __init__
    self._dbapi_connection = engine.raw_connection()
                             ^^^^^^^^^^^^^^^^^^^^^^^
.venv\Lib\site-packages\sqlalchemy\engine\base.py:3317: in raw_connection
    return self.pool.connect()
           ^^^^^^^^^^^^^^^^^^^
.venv\Lib\site-packages\sqlalchemy\pool\base.py:448: in connect
    return _ConnectionFairy._checkout(self)
           ^^^^^^^^^^^^^^^^^^^^^^^^^^^^^^^^
.venv\Lib\site-packages\sqlalchemy\pool\base.py:1371: in _checkout
    with util.safe_reraise():
         ^^^^^^^^^^^^^^^^^^^
.venv\Lib\site-packages\sqlalchemy\util\langhelpers.py:121: in __exit__
    raise exc_value.with_traceback(exc_tb)
.venv\Lib\site-packages\sqlalchemy\pool\base.py:1309: in _checkout
    result = pool._dialect._do_ping_w_event(
.venv\Lib\site-packages\sqlalchemy\engine\default.py:729: in _do_ping_w_event
    return self.do_ping(dbapi_connection)
           ^^^^^^^^^^^^^^^^^^^^^^^^^^^^^^
.venv\Lib\site-packages\sqlalchemy\dialects\postgresql\asyncpg.py:1160: in do_ping
    dbapi_connection.ping()
.venv\Lib\site-packages\sqlalchemy\dialects\postgresql\asyncpg.py:818: in ping
    self._handle_exception(error)
.venv\Lib\site-packages\sqlalchemy\dialects\postgresql\asyncpg.py:799: in _handle_exception
    raise error
.venv\Lib\site-packages\sqlalchemy\dialects\postgresql\asyncpg.py:816: in ping
    _ = self.await_(self._async_ping())
        ^^^^^^^^^^^^^^^^^^^^^^^^^^^^^^^
.venv\Lib\site-packages\sqlalchemy\util\_concurrency_py3k.py:132: in await_only
    return current.parent.switch(awaitable)  # type: ignore[no-any-return,attr-defined] # noqa: E501
           ^^^^^^^^^^^^^^^^^^^^^^^^^^^^^^^^
.venv\Lib\site-packages\sqlalchemy\util\_concurrency_py3k.py:196: in greenlet_spawn
    value = await result
            ^^^^^^^^^^^^
.venv\Lib\site-packages\sqlalchemy\dialects\postgresql\asyncpg.py:825: in _async_ping
    await tr.start()
.venv\Lib\site-packages\asyncpg\transaction.py:146: in start
    await self._connection.execute(query)
.venv\Lib\site-packages\asyncpg\connection.py:354: in execute
    result = await self._protocol.query(query, timeout)
             ^^^^^^^^^^^^^^^^^^^^^^^^^^^^^^^^^^^^^^^^^^
asyncpg/protocol/protocol.pyx:369: in query
    ???
asyncpg/protocol/protocol.pyx:362: in asyncpg.protocol.protocol.BaseProtocol.query
    ???
asyncpg/protocol/coreproto.pyx:1174: in asyncpg.protocol.protocol.CoreProtocol._simple_query
    ???
asyncpg/protocol/protocol.pyx:956: in asyncpg.protocol.protocol.BaseProtocol._write
    ???
..\..\..\..\..\AppData\Local\Python\pythoncore-3.14-64\Lib\asyncio\sslproto.py:222: in write
    self._ssl_protocol._write_appdata((data,))
..\..\..\..\..\AppData\Local\Python\pythoncore-3.14-64\Lib\asyncio\sslproto.py:700: in _write_appdata
    self._fatal_error(ex, 'Fatal error on SSL protocol')
..\..\..\..\..\AppData\Local\Python\pythoncore-3.14-64\Lib\asyncio\sslproto.py:918: in _fatal_error
    self._transport._force_close(exc)
..\..\..\..\..\AppData\Local\Python\pythoncore-3.14-64\Lib\asyncio\proactor_events.py:152: in _force_close
    self._loop.call_soon(self._call_connection_lost, exc)
..\..\..\..\..\AppData\Local\Python\pythoncore-3.14-64\Lib\asyncio\base_events.py:827: in call_soon
    self._check_closed()
..\..\..\..\..\AppData\Local\Python\pythoncore-3.14-64\Lib\asyncio\base_events.py:550: in _check_closed
    raise RuntimeError('Event loop is closed')
E   RuntimeError: Event loop is closed
------------------------------ Captured log call ------------------------------
ERROR    sqlalchemy.pool.impl.AsyncAdaptedQueuePool:base.py:377 Exception terminating connection <AdaptedConnection <asyncpg.connection.Connection object at 0x0000020EE0D24410>>
Traceback (most recent call last):
  File "C:\Users\nmendoza\Documents\Visual_Works\Planificacion-Voluntarios\plani-app-back\plani-app-back\.venv\Lib\site-packages\sqlalchemy\pool\base.py", line 373, in _close_connection
    self._dialect.do_terminate(connection)
    ~~~~~~~~~~~~~~~~~~~~~~~~~~^^^^^^^^^^^^
  File "C:\Users\nmendoza\Documents\Visual_Works\Planificacion-Voluntarios\plani-app-back\plani-app-back\.venv\Lib\site-packages\sqlalchemy\dialects\postgresql\asyncpg.py", line 1127, in do_terminate
    dbapi_connection.terminate()
    ~~~~~~~~~~~~~~~~~~~~~~~~~~^^
  File "C:\Users\nmendoza\Documents\Visual_Works\Planificacion-Voluntarios\plani-app-back\plani-app-back\.venv\Lib\site-packages\sqlalchemy\connectors\asyncio.py", line 402, in terminate
    self.await_(asyncio.shield(self._terminate_graceful_close()))  # type: ignore[attr-defined] # noqa: E501
    ~~~~~~~~~~~^^^^^^^^^^^^^^^^^^^^^^^^^^^^^^^^^^^^^^^^^^^^^^^^^^
  File "C:\Users\nmendoza\Documents\Visual_Works\Planificacion-Voluntarios\plani-app-back\plani-app-back\.venv\Lib\site-packages\sqlalchemy\util\_concurrency_py3k.py", line 132, in await_only
    return current.parent.switch(awaitable)  # type: ignore[no-any-return,attr-defined] # noqa: E501
           ~~~~~~~~~~~~~~~~~~~~~^^^^^^^^^^^
  File "C:\Users\nmendoza\Documents\Visual_Works\Planificacion-Voluntarios\plani-app-back\plani-app-back\.venv\Lib\site-packages\sqlalchemy\util\_concurrency_py3k.py", line 196, in greenlet_spawn
    value = await result
            ^^^^^^^^^^^^
  File "C:\Users\nmendoza\Documents\Visual_Works\Planificacion-Voluntarios\plani-app-back\plani-app-back\.venv\Lib\site-packages\sqlalchemy\dialects\postgresql\asyncpg.py", line 912, in _terminate_graceful_close
    await self._connection.close(timeout=2)
  File "C:\Users\nmendoza\Documents\Visual_Works\Planificacion-Voluntarios\plani-app-back\plani-app-back\.venv\Lib\site-packages\asyncpg\connection.py", line 1513, in close
    await self._protocol.close(timeout)
  File "asyncpg/protocol/protocol.pyx", line 617, in close
  File "asyncpg/protocol/protocol.pyx", line 650, in asyncpg.protocol.protocol.BaseProtocol._request_cancel
  File "C:\Users\nmendoza\Documents\Visual_Works\Planificacion-Voluntarios\plani-app-back\plani-app-back\.venv\Lib\site-packages\asyncpg\connection.py", line 1682, in _cancel_current_command
    self._cancellations.add(self._loop.create_task(self._cancel(waiter)))
                            ~~~~~~~~~~~~~~~~~~~~~~^^^^^^^^^^^^^^^^^^^^^^
  File "C:\Users\nmendoza\AppData\Local\Python\pythoncore-3.14-64\Lib\asyncio\base_events.py", line 466, in create_task
    self._check_closed()
    ~~~~~~~~~~~~~~~~~~^^
  File "C:\Users\nmendoza\AppData\Local\Python\pythoncore-3.14-64\Lib\asyncio\base_events.py", line 550, in _check_closed
    raise RuntimeError('Event loop is closed')
RuntimeError: Event loop is closed
____________________ test_editar_extra_nueva_empresa_no_ep ____________________
..\..\..\..\..\AppData\Local\Python\pythoncore-3.14-64\Lib\asyncio\base_events.py:827: in call_soon
    self._check_closed()
..\..\..\..\..\AppData\Local\Python\pythoncore-3.14-64\Lib\asyncio\base_events.py:550: in _check_closed
    raise RuntimeError('Event loop is closed')
E   RuntimeError: Event loop is closed

During handling of the above exception, another exception occurred:
tests\test_planificacion_extras.py:1169: in test_editar_extra_nueva_empresa_no_ep
    extra_id, _, _ = await _create_extra_slot(db_session, client)
                     ^^^^^^^^^^^^^^^^^^^^^^^^^^^^^^^^^^^^^^^^^^^^
tests\test_planificacion_extras.py:1026: in _create_extra_slot
    taller = await _pick_one_taller(db_session)
             ^^^^^^^^^^^^^^^^^^^^^^^^^^^^^^^^^^
tests\test_planificacion_extras.py:97: in _pick_one_taller
    res = await db.execute(
.venv\Lib\site-packages\sqlalchemy\ext\asyncio\session.py:449: in execute
    result = await greenlet_spawn(
.venv\Lib\site-packages\sqlalchemy\util\_concurrency_py3k.py:201: in greenlet_spawn
    result = context.throw(*sys.exc_info())
             ^^^^^^^^^^^^^^^^^^^^^^^^^^^^^^
.venv\Lib\site-packages\sqlalchemy\orm\session.py:2351: in execute
    return self._execute_internal(
.venv\Lib\site-packages\sqlalchemy\orm\session.py:2239: in _execute_internal
    conn = self._connection_for_bind(bind)
           ^^^^^^^^^^^^^^^^^^^^^^^^^^^^^^^
.venv\Lib\site-packages\sqlalchemy\orm\session.py:2108: in _connection_for_bind
    return trans._connection_for_bind(engine, execution_options)
           ^^^^^^^^^^^^^^^^^^^^^^^^^^^^^^^^^^^^^^^^^^^^^^^^^^^^^
<string>:2: in _connection_for_bind
    ???
.venv\Lib\site-packages\sqlalchemy\orm\state_changes.py:137: in _go
    ret_value = fn(self, *arg, **kw)
                ^^^^^^^^^^^^^^^^^^^^
.venv\Lib\site-packages\sqlalchemy\orm\session.py:1187: in _connection_for_bind
    conn = bind.connect()
           ^^^^^^^^^^^^^^
.venv\Lib\site-packages\sqlalchemy\engine\base.py:3293: in connect
    return self._connection_cls(self)
           ^^^^^^^^^^^^^^^^^^^^^^^^^^
.venv\Lib\site-packages\sqlalchemy\engine\base.py:143: in __init__
    self._dbapi_connection = engine.raw_connection()
                             ^^^^^^^^^^^^^^^^^^^^^^^
.venv\Lib\site-packages\sqlalchemy\engine\base.py:3317: in raw_connection
    return self.pool.connect()
           ^^^^^^^^^^^^^^^^^^^
.venv\Lib\site-packages\sqlalchemy\pool\base.py:448: in connect
    return _ConnectionFairy._checkout(self)
           ^^^^^^^^^^^^^^^^^^^^^^^^^^^^^^^^
.venv\Lib\site-packages\sqlalchemy\pool\base.py:1371: in _checkout
    with util.safe_reraise():
         ^^^^^^^^^^^^^^^^^^^
.venv\Lib\site-packages\sqlalchemy\util\langhelpers.py:121: in __exit__
    raise exc_value.with_traceback(exc_tb)
.venv\Lib\site-packages\sqlalchemy\pool\base.py:1309: in _checkout
    result = pool._dialect._do_ping_w_event(
.venv\Lib\site-packages\sqlalchemy\engine\default.py:729: in _do_ping_w_event
    return self.do_ping(dbapi_connection)
           ^^^^^^^^^^^^^^^^^^^^^^^^^^^^^^
.venv\Lib\site-packages\sqlalchemy\dialects\postgresql\asyncpg.py:1160: in do_ping
    dbapi_connection.ping()
.venv\Lib\site-packages\sqlalchemy\dialects\postgresql\asyncpg.py:818: in ping
    self._handle_exception(error)
.venv\Lib\site-packages\sqlalchemy\dialects\postgresql\asyncpg.py:799: in _handle_exception
    raise error
.venv\Lib\site-packages\sqlalchemy\dialects\postgresql\asyncpg.py:816: in ping
    _ = self.await_(self._async_ping())
        ^^^^^^^^^^^^^^^^^^^^^^^^^^^^^^^
.venv\Lib\site-packages\sqlalchemy\util\_concurrency_py3k.py:132: in await_only
    return current.parent.switch(awaitable)  # type: ignore[no-any-return,attr-defined] # noqa: E501
           ^^^^^^^^^^^^^^^^^^^^^^^^^^^^^^^^
.venv\Lib\site-packages\sqlalchemy\util\_concurrency_py3k.py:196: in greenlet_spawn
    value = await result
            ^^^^^^^^^^^^
.venv\Lib\site-packages\sqlalchemy\dialects\postgresql\asyncpg.py:825: in _async_ping
    await tr.start()
.venv\Lib\site-packages\asyncpg\transaction.py:146: in start
    await self._connection.execute(query)
.venv\Lib\site-packages\asyncpg\connection.py:354: in execute
    result = await self._protocol.query(query, timeout)
             ^^^^^^^^^^^^^^^^^^^^^^^^^^^^^^^^^^^^^^^^^^
asyncpg/protocol/protocol.pyx:369: in query
    ???
asyncpg/protocol/protocol.pyx:362: in asyncpg.protocol.protocol.BaseProtocol.query
    ???
asyncpg/protocol/coreproto.pyx:1174: in asyncpg.protocol.protocol.CoreProtocol._simple_query
    ???
asyncpg/protocol/protocol.pyx:956: in asyncpg.protocol.protocol.BaseProtocol._write
    ???
..\..\..\..\..\AppData\Local\Python\pythoncore-3.14-64\Lib\asyncio\sslproto.py:222: in write
    self._ssl_protocol._write_appdata((data,))
..\..\..\..\..\AppData\Local\Python\pythoncore-3.14-64\Lib\asyncio\sslproto.py:700: in _write_appdata
    self._fatal_error(ex, 'Fatal error on SSL protocol')
..\..\..\..\..\AppData\Local\Python\pythoncore-3.14-64\Lib\asyncio\sslproto.py:918: in _fatal_error
    self._transport._force_close(exc)
..\..\..\..\..\AppData\Local\Python\pythoncore-3.14-64\Lib\asyncio\proactor_events.py:152: in _force_close
    self._loop.call_soon(self._call_connection_lost, exc)
..\..\..\..\..\AppData\Local\Python\pythoncore-3.14-64\Lib\asyncio\base_events.py:827: in call_soon
    self._check_closed()
..\..\..\..\..\AppData\Local\Python\pythoncore-3.14-64\Lib\asyncio\base_events.py:550: in _check_closed
    raise RuntimeError('Event loop is closed')
E   RuntimeError: Event loop is closed
------------------------------ Captured log call ------------------------------
ERROR    sqlalchemy.pool.impl.AsyncAdaptedQueuePool:base.py:377 Exception terminating connection <AdaptedConnection <asyncpg.connection.Connection object at 0x0000020EE156AB70>>
Traceback (most recent call last):
  File "C:\Users\nmendoza\Documents\Visual_Works\Planificacion-Voluntarios\plani-app-back\plani-app-back\.venv\Lib\site-packages\sqlalchemy\pool\base.py", line 373, in _close_connection
    self._dialect.do_terminate(connection)
    ~~~~~~~~~~~~~~~~~~~~~~~~~~^^^^^^^^^^^^
  File "C:\Users\nmendoza\Documents\Visual_Works\Planificacion-Voluntarios\plani-app-back\plani-app-back\.venv\Lib\site-packages\sqlalchemy\dialects\postgresql\asyncpg.py", line 1127, in do_terminate
    dbapi_connection.terminate()
    ~~~~~~~~~~~~~~~~~~~~~~~~~~^^
  File "C:\Users\nmendoza\Documents\Visual_Works\Planificacion-Voluntarios\plani-app-back\plani-app-back\.venv\Lib\site-packages\sqlalchemy\connectors\asyncio.py", line 402, in terminate
    self.await_(asyncio.shield(self._terminate_graceful_close()))  # type: ignore[attr-defined] # noqa: E501
    ~~~~~~~~~~~^^^^^^^^^^^^^^^^^^^^^^^^^^^^^^^^^^^^^^^^^^^^^^^^^^
  File "C:\Users\nmendoza\Documents\Visual_Works\Planificacion-Voluntarios\plani-app-back\plani-app-back\.venv\Lib\site-packages\sqlalchemy\util\_concurrency_py3k.py", line 132, in await_only
    return current.parent.switch(awaitable)  # type: ignore[no-any-return,attr-defined] # noqa: E501
           ~~~~~~~~~~~~~~~~~~~~~^^^^^^^^^^^
  File "C:\Users\nmendoza\Documents\Visual_Works\Planificacion-Voluntarios\plani-app-back\plani-app-back\.venv\Lib\site-packages\sqlalchemy\util\_concurrency_py3k.py", line 196, in greenlet_spawn
    value = await result
            ^^^^^^^^^^^^
  File "C:\Users\nmendoza\Documents\Visual_Works\Planificacion-Voluntarios\plani-app-back\plani-app-back\.venv\Lib\site-packages\sqlalchemy\dialects\postgresql\asyncpg.py", line 912, in _terminate_graceful_close
    await self._connection.close(timeout=2)
  File "C:\Users\nmendoza\Documents\Visual_Works\Planificacion-Voluntarios\plani-app-back\plani-app-back\.venv\Lib\site-packages\asyncpg\connection.py", line 1513, in close
    await self._protocol.close(timeout)
  File "asyncpg/protocol/protocol.pyx", line 617, in close
  File "asyncpg/protocol/protocol.pyx", line 650, in asyncpg.protocol.protocol.BaseProtocol._request_cancel
  File "C:\Users\nmendoza\Documents\Visual_Works\Planificacion-Voluntarios\plani-app-back\plani-app-back\.venv\Lib\site-packages\asyncpg\connection.py", line 1682, in _cancel_current_command
    self._cancellations.add(self._loop.create_task(self._cancel(waiter)))
                            ~~~~~~~~~~~~~~~~~~~~~~^^^^^^^^^^^^^^^^^^^^^^
  File "C:\Users\nmendoza\AppData\Local\Python\pythoncore-3.14-64\Lib\asyncio\base_events.py", line 466, in create_task
    self._check_closed()
    ~~~~~~~~~~~~~~~~~~^^
  File "C:\Users\nmendoza\AppData\Local\Python\pythoncore-3.14-64\Lib\asyncio\base_events.py", line 550, in _check_closed
    raise RuntimeError('Event loop is closed')
RuntimeError: Event loop is closed
________________________ test_editar_extra_body_vacio _________________________
..\..\..\..\..\AppData\Local\Python\pythoncore-3.14-64\Lib\asyncio\base_events.py:827: in call_soon
    self._check_closed()
..\..\..\..\..\AppData\Local\Python\pythoncore-3.14-64\Lib\asyncio\base_events.py:550: in _check_closed
    raise RuntimeError('Event loop is closed')
E   RuntimeError: Event loop is closed

During handling of the above exception, another exception occurred:
tests\test_planificacion_extras.py:1186: in test_editar_extra_body_vacio
    extra_id, _, _ = await _create_extra_slot(db_session, client)
                     ^^^^^^^^^^^^^^^^^^^^^^^^^^^^^^^^^^^^^^^^^^^^
tests\test_planificacion_extras.py:1026: in _create_extra_slot
    taller = await _pick_one_taller(db_session)
             ^^^^^^^^^^^^^^^^^^^^^^^^^^^^^^^^^^
tests\test_planificacion_extras.py:97: in _pick_one_taller
    res = await db.execute(
.venv\Lib\site-packages\sqlalchemy\ext\asyncio\session.py:449: in execute
    result = await greenlet_spawn(
.venv\Lib\site-packages\sqlalchemy\util\_concurrency_py3k.py:201: in greenlet_spawn
    result = context.throw(*sys.exc_info())
             ^^^^^^^^^^^^^^^^^^^^^^^^^^^^^^
.venv\Lib\site-packages\sqlalchemy\orm\session.py:2351: in execute
    return self._execute_internal(
.venv\Lib\site-packages\sqlalchemy\orm\session.py:2239: in _execute_internal
    conn = self._connection_for_bind(bind)
           ^^^^^^^^^^^^^^^^^^^^^^^^^^^^^^^
.venv\Lib\site-packages\sqlalchemy\orm\session.py:2108: in _connection_for_bind
    return trans._connection_for_bind(engine, execution_options)
           ^^^^^^^^^^^^^^^^^^^^^^^^^^^^^^^^^^^^^^^^^^^^^^^^^^^^^
<string>:2: in _connection_for_bind
    ???
.venv\Lib\site-packages\sqlalchemy\orm\state_changes.py:137: in _go
    ret_value = fn(self, *arg, **kw)
                ^^^^^^^^^^^^^^^^^^^^
.venv\Lib\site-packages\sqlalchemy\orm\session.py:1187: in _connection_for_bind
    conn = bind.connect()
           ^^^^^^^^^^^^^^
.venv\Lib\site-packages\sqlalchemy\engine\base.py:3293: in connect
    return self._connection_cls(self)
           ^^^^^^^^^^^^^^^^^^^^^^^^^^
.venv\Lib\site-packages\sqlalchemy\engine\base.py:143: in __init__
    self._dbapi_connection = engine.raw_connection()
                             ^^^^^^^^^^^^^^^^^^^^^^^
.venv\Lib\site-packages\sqlalchemy\engine\base.py:3317: in raw_connection
    return self.pool.connect()
           ^^^^^^^^^^^^^^^^^^^
.venv\Lib\site-packages\sqlalchemy\pool\base.py:448: in connect
    return _ConnectionFairy._checkout(self)
           ^^^^^^^^^^^^^^^^^^^^^^^^^^^^^^^^
.venv\Lib\site-packages\sqlalchemy\pool\base.py:1371: in _checkout
    with util.safe_reraise():
         ^^^^^^^^^^^^^^^^^^^
.venv\Lib\site-packages\sqlalchemy\util\langhelpers.py:121: in __exit__
    raise exc_value.with_traceback(exc_tb)
.venv\Lib\site-packages\sqlalchemy\pool\base.py:1309: in _checkout
    result = pool._dialect._do_ping_w_event(
.venv\Lib\site-packages\sqlalchemy\engine\default.py:729: in _do_ping_w_event
    return self.do_ping(dbapi_connection)
           ^^^^^^^^^^^^^^^^^^^^^^^^^^^^^^
.venv\Lib\site-packages\sqlalchemy\dialects\postgresql\asyncpg.py:1160: in do_ping
    dbapi_connection.ping()
.venv\Lib\site-packages\sqlalchemy\dialects\postgresql\asyncpg.py:818: in ping
    self._handle_exception(error)
.venv\Lib\site-packages\sqlalchemy\dialects\postgresql\asyncpg.py:799: in _handle_exception
    raise error
.venv\Lib\site-packages\sqlalchemy\dialects\postgresql\asyncpg.py:816: in ping
    _ = self.await_(self._async_ping())
        ^^^^^^^^^^^^^^^^^^^^^^^^^^^^^^^
.venv\Lib\site-packages\sqlalchemy\util\_concurrency_py3k.py:132: in await_only
    return current.parent.switch(awaitable)  # type: ignore[no-any-return,attr-defined] # noqa: E501
           ^^^^^^^^^^^^^^^^^^^^^^^^^^^^^^^^
.venv\Lib\site-packages\sqlalchemy\util\_concurrency_py3k.py:196: in greenlet_spawn
    value = await result
            ^^^^^^^^^^^^
.venv\Lib\site-packages\sqlalchemy\dialects\postgresql\asyncpg.py:825: in _async_ping
    await tr.start()
.venv\Lib\site-packages\asyncpg\transaction.py:146: in start
    await self._connection.execute(query)
.venv\Lib\site-packages\asyncpg\connection.py:354: in execute
    result = await self._protocol.query(query, timeout)
             ^^^^^^^^^^^^^^^^^^^^^^^^^^^^^^^^^^^^^^^^^^
asyncpg/protocol/protocol.pyx:369: in query
    ???
asyncpg/protocol/protocol.pyx:362: in asyncpg.protocol.protocol.BaseProtocol.query
    ???
asyncpg/protocol/coreproto.pyx:1174: in asyncpg.protocol.protocol.CoreProtocol._simple_query
    ???
asyncpg/protocol/protocol.pyx:956: in asyncpg.protocol.protocol.BaseProtocol._write
    ???
..\..\..\..\..\AppData\Local\Python\pythoncore-3.14-64\Lib\asyncio\sslproto.py:222: in write
    self._ssl_protocol._write_appdata((data,))
..\..\..\..\..\AppData\Local\Python\pythoncore-3.14-64\Lib\asyncio\sslproto.py:700: in _write_appdata
    self._fatal_error(ex, 'Fatal error on SSL protocol')
..\..\..\..\..\AppData\Local\Python\pythoncore-3.14-64\Lib\asyncio\sslproto.py:918: in _fatal_error
    self._transport._force_close(exc)
..\..\..\..\..\AppData\Local\Python\pythoncore-3.14-64\Lib\asyncio\proactor_events.py:152: in _force_close
    self._loop.call_soon(self._call_connection_lost, exc)
..\..\..\..\..\AppData\Local\Python\pythoncore-3.14-64\Lib\asyncio\base_events.py:827: in call_soon
    self._check_closed()
..\..\..\..\..\AppData\Local\Python\pythoncore-3.14-64\Lib\asyncio\base_events.py:550: in _check_closed
    raise RuntimeError('Event loop is closed')
E   RuntimeError: Event loop is closed
------------------------------ Captured log call ------------------------------
ERROR    sqlalchemy.pool.impl.AsyncAdaptedQueuePool:base.py:377 Exception terminating connection <AdaptedConnection <asyncpg.connection.Connection object at 0x0000020EE15319A0>>
Traceback (most recent call last):
  File "C:\Users\nmendoza\Documents\Visual_Works\Planificacion-Voluntarios\plani-app-back\plani-app-back\.venv\Lib\site-packages\sqlalchemy\pool\base.py", line 373, in _close_connection
    self._dialect.do_terminate(connection)
    ~~~~~~~~~~~~~~~~~~~~~~~~~~^^^^^^^^^^^^
  File "C:\Users\nmendoza\Documents\Visual_Works\Planificacion-Voluntarios\plani-app-back\plani-app-back\.venv\Lib\site-packages\sqlalchemy\dialects\postgresql\asyncpg.py", line 1127, in do_terminate
    dbapi_connection.terminate()
    ~~~~~~~~~~~~~~~~~~~~~~~~~~^^
  File "C:\Users\nmendoza\Documents\Visual_Works\Planificacion-Voluntarios\plani-app-back\plani-app-back\.venv\Lib\site-packages\sqlalchemy\connectors\asyncio.py", line 402, in terminate
    self.await_(asyncio.shield(self._terminate_graceful_close()))  # type: ignore[attr-defined] # noqa: E501
    ~~~~~~~~~~~^^^^^^^^^^^^^^^^^^^^^^^^^^^^^^^^^^^^^^^^^^^^^^^^^^
  File "C:\Users\nmendoza\Documents\Visual_Works\Planificacion-Voluntarios\plani-app-back\plani-app-back\.venv\Lib\site-packages\sqlalchemy\util\_concurrency_py3k.py", line 132, in await_only
    return current.parent.switch(awaitable)  # type: ignore[no-any-return,attr-defined] # noqa: E501
           ~~~~~~~~~~~~~~~~~~~~~^^^^^^^^^^^
  File "C:\Users\nmendoza\Documents\Visual_Works\Planificacion-Voluntarios\plani-app-back\plani-app-back\.venv\Lib\site-packages\sqlalchemy\util\_concurrency_py3k.py", line 196, in greenlet_spawn
    value = await result
            ^^^^^^^^^^^^
  File "C:\Users\nmendoza\Documents\Visual_Works\Planificacion-Voluntarios\plani-app-back\plani-app-back\.venv\Lib\site-packages\sqlalchemy\dialects\postgresql\asyncpg.py", line 912, in _terminate_graceful_close
    await self._connection.close(timeout=2)
  File "C:\Users\nmendoza\Documents\Visual_Works\Planificacion-Voluntarios\plani-app-back\plani-app-back\.venv\Lib\site-packages\asyncpg\connection.py", line 1513, in close
    await self._protocol.close(timeout)
  File "asyncpg/protocol/protocol.pyx", line 617, in close
  File "asyncpg/protocol/protocol.pyx", line 650, in asyncpg.protocol.protocol.BaseProtocol._request_cancel
  File "C:\Users\nmendoza\Documents\Visual_Works\Planificacion-Voluntarios\plani-app-back\plani-app-back\.venv\Lib\site-packages\asyncpg\connection.py", line 1682, in _cancel_current_command
    self._cancellations.add(self._loop.create_task(self._cancel(waiter)))
                            ~~~~~~~~~~~~~~~~~~~~~~^^^^^^^^^^^^^^^^^^^^^^
  File "C:\Users\nmendoza\AppData\Local\Python\pythoncore-3.14-64\Lib\asyncio\base_events.py", line 466, in create_task
    self._check_closed()
    ~~~~~~~~~~~~~~~~~~^^
  File "C:\Users\nmendoza\AppData\Local\Python\pythoncore-3.14-64\Lib\asyncio\base_events.py", line 550, in _check_closed
    raise RuntimeError('Event loop is closed')
RuntimeError: Event loop is closed
______________________________ test_get_settings ______________________________
..\..\..\..\..\AppData\Local\Python\pythoncore-3.14-64\Lib\asyncio\base_events.py:827: in call_soon
    self._check_closed()
..\..\..\..\..\AppData\Local\Python\pythoncore-3.14-64\Lib\asyncio\base_events.py:550: in _check_closed
    raise RuntimeError('Event loop is closed')
E   RuntimeError: Event loop is closed

During handling of the above exception, another exception occurred:
tests\test_settings.py:11: in test_get_settings
    response = await client.get("/api/settings/")
               ^^^^^^^^^^^^^^^^^^^^^^^^^^^^^^^^^^
.venv\Lib\site-packages\httpx\_client.py:1768: in get
    return await self.request(
.venv\Lib\site-packages\httpx\_client.py:1540: in request
    return await self.send(request, auth=auth, follow_redirects=follow_redirects)
           ^^^^^^^^^^^^^^^^^^^^^^^^^^^^^^^^^^^^^^^^^^^^^^^^^^^^^^^^^^^^^^^^^^^^^^
.venv\Lib\site-packages\httpx\_client.py:1629: in send
    response = await self._send_handling_auth(
.venv\Lib\site-packages\httpx\_client.py:1657: in _send_handling_auth
    response = await self._send_handling_redirects(
.venv\Lib\site-packages\httpx\_client.py:1694: in _send_handling_redirects
    response = await self._send_single_request(request)
               ^^^^^^^^^^^^^^^^^^^^^^^^^^^^^^^^^^^^^^^^
.venv\Lib\site-packages\httpx\_client.py:1730: in _send_single_request
    response = await transport.handle_async_request(request)
               ^^^^^^^^^^^^^^^^^^^^^^^^^^^^^^^^^^^^^^^^^^^^^
.venv\Lib\site-packages\httpx\_transports\asgi.py:170: in handle_async_request
    await self.app(scope, receive, send)
.venv\Lib\site-packages\fastapi\applications.py:1163: in __call__
    await super().__call__(scope, receive, send)
.venv\Lib\site-packages\starlette\applications.py:90: in __call__
    await self.middleware_stack(scope, receive, send)
.venv\Lib\site-packages\starlette\middleware\errors.py:186: in __call__
    raise exc
.venv\Lib\site-packages\starlette\middleware\errors.py:164: in __call__
    await self.app(scope, receive, _send)
.venv\Lib\site-packages\starlette\middleware\cors.py:88: in __call__
    await self.app(scope, receive, send)
.venv\Lib\site-packages\starlette\middleware\exceptions.py:63: in __call__
    await wrap_app_handling_exceptions(self.app, conn)(scope, receive, send)
.venv\Lib\site-packages\starlette\_exception_handler.py:53: in wrapped_app
    raise exc
.venv\Lib\site-packages\starlette\_exception_handler.py:42: in wrapped_app
    await app(scope, receive, sender)
.venv\Lib\site-packages\fastapi\middleware\asyncexitstack.py:18: in __call__
    await self.app(scope, receive, send)
.venv\Lib\site-packages\starlette\routing.py:660: in __call__
    await self.middleware_stack(scope, receive, send)
.venv\Lib\site-packages\starlette\routing.py:680: in app
    await route.handle(scope, receive, send)
.venv\Lib\site-packages\starlette\routing.py:276: in handle
    await self.app(scope, receive, send)
.venv\Lib\site-packages\fastapi\routing.py:134: in app
    await wrap_app_handling_exceptions(app, request)(scope, receive, send)
.venv\Lib\site-packages\starlette\_exception_handler.py:53: in wrapped_app
    raise exc
.venv\Lib\site-packages\starlette\_exception_handler.py:42: in wrapped_app
    await app(scope, receive, sender)
.venv\Lib\site-packages\fastapi\routing.py:120: in app
    response = await f(request)
               ^^^^^^^^^^^^^^^^
.venv\Lib\site-packages\fastapi\routing.py:674: in app
    raw_response = await run_endpoint_function(
.venv\Lib\site-packages\fastapi\routing.py:328: in run_endpoint_function
    return await dependant.call(**values)
           ^^^^^^^^^^^^^^^^^^^^^^^^^^^^^^
app\routers\settings.py:63: in obtener_settings
    result = await db.execute(
.venv\Lib\site-packages\sqlalchemy\ext\asyncio\session.py:449: in execute
    result = await greenlet_spawn(
.venv\Lib\site-packages\sqlalchemy\util\_concurrency_py3k.py:201: in greenlet_spawn
    result = context.throw(*sys.exc_info())
             ^^^^^^^^^^^^^^^^^^^^^^^^^^^^^^
.venv\Lib\site-packages\sqlalchemy\orm\session.py:2351: in execute
    return self._execute_internal(
.venv\Lib\site-packages\sqlalchemy\orm\session.py:2239: in _execute_internal
    conn = self._connection_for_bind(bind)
           ^^^^^^^^^^^^^^^^^^^^^^^^^^^^^^^
.venv\Lib\site-packages\sqlalchemy\orm\session.py:2108: in _connection_for_bind
    return trans._connection_for_bind(engine, execution_options)
           ^^^^^^^^^^^^^^^^^^^^^^^^^^^^^^^^^^^^^^^^^^^^^^^^^^^^^
<string>:2: in _connection_for_bind
    ???
.venv\Lib\site-packages\sqlalchemy\orm\state_changes.py:137: in _go
    ret_value = fn(self, *arg, **kw)
                ^^^^^^^^^^^^^^^^^^^^
.venv\Lib\site-packages\sqlalchemy\orm\session.py:1187: in _connection_for_bind
    conn = bind.connect()
           ^^^^^^^^^^^^^^
.venv\Lib\site-packages\sqlalchemy\engine\base.py:3293: in connect
    return self._connection_cls(self)
           ^^^^^^^^^^^^^^^^^^^^^^^^^^
.venv\Lib\site-packages\sqlalchemy\engine\base.py:143: in __init__
    self._dbapi_connection = engine.raw_connection()
                             ^^^^^^^^^^^^^^^^^^^^^^^
.venv\Lib\site-packages\sqlalchemy\engine\base.py:3317: in raw_connection
    return self.pool.connect()
           ^^^^^^^^^^^^^^^^^^^
.venv\Lib\site-packages\sqlalchemy\pool\base.py:448: in connect
    return _ConnectionFairy._checkout(self)
           ^^^^^^^^^^^^^^^^^^^^^^^^^^^^^^^^
.venv\Lib\site-packages\sqlalchemy\pool\base.py:1371: in _checkout
    with util.safe_reraise():
         ^^^^^^^^^^^^^^^^^^^
.venv\Lib\site-packages\sqlalchemy\util\langhelpers.py:121: in __exit__
    raise exc_value.with_traceback(exc_tb)
.venv\Lib\site-packages\sqlalchemy\pool\base.py:1309: in _checkout
    result = pool._dialect._do_ping_w_event(
.venv\Lib\site-packages\sqlalchemy\engine\default.py:729: in _do_ping_w_event
    return self.do_ping(dbapi_connection)
           ^^^^^^^^^^^^^^^^^^^^^^^^^^^^^^
.venv\Lib\site-packages\sqlalchemy\dialects\postgresql\asyncpg.py:1160: in do_ping
    dbapi_connection.ping()
.venv\Lib\site-packages\sqlalchemy\dialects\postgresql\asyncpg.py:818: in ping
    self._handle_exception(error)
.venv\Lib\site-packages\sqlalchemy\dialects\postgresql\asyncpg.py:799: in _handle_exception
    raise error
.venv\Lib\site-packages\sqlalchemy\dialects\postgresql\asyncpg.py:816: in ping
    _ = self.await_(self._async_ping())
        ^^^^^^^^^^^^^^^^^^^^^^^^^^^^^^^
.venv\Lib\site-packages\sqlalchemy\util\_concurrency_py3k.py:132: in await_only
    return current.parent.switch(awaitable)  # type: ignore[no-any-return,attr-defined] # noqa: E501
           ^^^^^^^^^^^^^^^^^^^^^^^^^^^^^^^^
.venv\Lib\site-packages\sqlalchemy\util\_concurrency_py3k.py:196: in greenlet_spawn
    value = await result
            ^^^^^^^^^^^^
.venv\Lib\site-packages\sqlalchemy\dialects\postgresql\asyncpg.py:825: in _async_ping
    await tr.start()
.venv\Lib\site-packages\asyncpg\transaction.py:146: in start
    await self._connection.execute(query)
.venv\Lib\site-packages\asyncpg\connection.py:354: in execute
    result = await self._protocol.query(query, timeout)
             ^^^^^^^^^^^^^^^^^^^^^^^^^^^^^^^^^^^^^^^^^^
asyncpg/protocol/protocol.pyx:369: in query
    ???
asyncpg/protocol/protocol.pyx:362: in asyncpg.protocol.protocol.BaseProtocol.query
    ???
asyncpg/protocol/coreproto.pyx:1174: in asyncpg.protocol.protocol.CoreProtocol._simple_query
    ???
asyncpg/protocol/protocol.pyx:956: in asyncpg.protocol.protocol.BaseProtocol._write
    ???
..\..\..\..\..\AppData\Local\Python\pythoncore-3.14-64\Lib\asyncio\sslproto.py:222: in write
    self._ssl_protocol._write_appdata((data,))
..\..\..\..\..\AppData\Local\Python\pythoncore-3.14-64\Lib\asyncio\sslproto.py:700: in _write_appdata
    self._fatal_error(ex, 'Fatal error on SSL protocol')
..\..\..\..\..\AppData\Local\Python\pythoncore-3.14-64\Lib\asyncio\sslproto.py:918: in _fatal_error
    self._transport._force_close(exc)
..\..\..\..\..\AppData\Local\Python\pythoncore-3.14-64\Lib\asyncio\proactor_events.py:152: in _force_close
    self._loop.call_soon(self._call_connection_lost, exc)
..\..\..\..\..\AppData\Local\Python\pythoncore-3.14-64\Lib\asyncio\base_events.py:827: in call_soon
    self._check_closed()
..\..\..\..\..\AppData\Local\Python\pythoncore-3.14-64\Lib\asyncio\base_events.py:550: in _check_closed
    raise RuntimeError('Event loop is closed')
E   RuntimeError: Event loop is closed
------------------------------ Captured log call ------------------------------
ERROR    sqlalchemy.pool.impl.AsyncAdaptedQueuePool:base.py:377 Exception terminating connection <AdaptedConnection <asyncpg.connection.Connection object at 0x0000020EE1532990>>
Traceback (most recent call last):
  File "C:\Users\nmendoza\Documents\Visual_Works\Planificacion-Voluntarios\plani-app-back\plani-app-back\.venv\Lib\site-packages\sqlalchemy\pool\base.py", line 373, in _close_connection
    self._dialect.do_terminate(connection)
    ~~~~~~~~~~~~~~~~~~~~~~~~~~^^^^^^^^^^^^
  File "C:\Users\nmendoza\Documents\Visual_Works\Planificacion-Voluntarios\plani-app-back\plani-app-back\.venv\Lib\site-packages\sqlalchemy\dialects\postgresql\asyncpg.py", line 1127, in do_terminate
    dbapi_connection.terminate()
    ~~~~~~~~~~~~~~~~~~~~~~~~~~^^
  File "C:\Users\nmendoza\Documents\Visual_Works\Planificacion-Voluntarios\plani-app-back\plani-app-back\.venv\Lib\site-packages\sqlalchemy\connectors\asyncio.py", line 402, in terminate
    self.await_(asyncio.shield(self._terminate_graceful_close()))  # type: ignore[attr-defined] # noqa: E501
    ~~~~~~~~~~~^^^^^^^^^^^^^^^^^^^^^^^^^^^^^^^^^^^^^^^^^^^^^^^^^^
  File "C:\Users\nmendoza\Documents\Visual_Works\Planificacion-Voluntarios\plani-app-back\plani-app-back\.venv\Lib\site-packages\sqlalchemy\util\_concurrency_py3k.py", line 132, in await_only
    return current.parent.switch(awaitable)  # type: ignore[no-any-return,attr-defined] # noqa: E501
           ~~~~~~~~~~~~~~~~~~~~~^^^^^^^^^^^
  File "C:\Users\nmendoza\Documents\Visual_Works\Planificacion-Voluntarios\plani-app-back\plani-app-back\.venv\Lib\site-packages\sqlalchemy\util\_concurrency_py3k.py", line 196, in greenlet_spawn
    value = await result
            ^^^^^^^^^^^^
  File "C:\Users\nmendoza\Documents\Visual_Works\Planificacion-Voluntarios\plani-app-back\plani-app-back\.venv\Lib\site-packages\sqlalchemy\dialects\postgresql\asyncpg.py", line 912, in _terminate_graceful_close
    await self._connection.close(timeout=2)
  File "C:\Users\nmendoza\Documents\Visual_Works\Planificacion-Voluntarios\plani-app-back\plani-app-back\.venv\Lib\site-packages\asyncpg\connection.py", line 1513, in close
    await self._protocol.close(timeout)
  File "asyncpg/protocol/protocol.pyx", line 617, in close
  File "asyncpg/protocol/protocol.pyx", line 650, in asyncpg.protocol.protocol.BaseProtocol._request_cancel
  File "C:\Users\nmendoza\Documents\Visual_Works\Planificacion-Voluntarios\plani-app-back\plani-app-back\.venv\Lib\site-packages\asyncpg\connection.py", line 1682, in _cancel_current_command
    self._cancellations.add(self._loop.create_task(self._cancel(waiter)))
                            ~~~~~~~~~~~~~~~~~~~~~~^^^^^^^^^^^^^^^^^^^^^^
  File "C:\Users\nmendoza\AppData\Local\Python\pythoncore-3.14-64\Lib\asyncio\base_events.py", line 466, in create_task
    self._check_closed()
    ~~~~~~~~~~~~~~~~~~^^
  File "C:\Users\nmendoza\AppData\Local\Python\pythoncore-3.14-64\Lib\asyncio\base_events.py", line 550, in _check_closed
    raise RuntimeError('Event loop is closed')
RuntimeError: Event loop is closed
__________________ test_update_settings_trimestre_siguiente ___________________
..\..\..\..\..\AppData\Local\Python\pythoncore-3.14-64\Lib\asyncio\base_events.py:827: in call_soon
    self._check_closed()
..\..\..\..\..\AppData\Local\Python\pythoncore-3.14-64\Lib\asyncio\base_events.py:550: in _check_closed
    raise RuntimeError('Event loop is closed')
E   RuntimeError: Event loop is closed

During handling of the above exception, another exception occurred:
tests\test_settings.py:26: in test_update_settings_trimestre_siguiente
    get_response = await client.get("/api/settings/")
                   ^^^^^^^^^^^^^^^^^^^^^^^^^^^^^^^^^^
.venv\Lib\site-packages\httpx\_client.py:1768: in get
    return await self.request(
.venv\Lib\site-packages\httpx\_client.py:1540: in request
    return await self.send(request, auth=auth, follow_redirects=follow_redirects)
           ^^^^^^^^^^^^^^^^^^^^^^^^^^^^^^^^^^^^^^^^^^^^^^^^^^^^^^^^^^^^^^^^^^^^^^
.venv\Lib\site-packages\httpx\_client.py:1629: in send
    response = await self._send_handling_auth(
.venv\Lib\site-packages\httpx\_client.py:1657: in _send_handling_auth
    response = await self._send_handling_redirects(
.venv\Lib\site-packages\httpx\_client.py:1694: in _send_handling_redirects
    response = await self._send_single_request(request)
               ^^^^^^^^^^^^^^^^^^^^^^^^^^^^^^^^^^^^^^^^
.venv\Lib\site-packages\httpx\_client.py:1730: in _send_single_request
    response = await transport.handle_async_request(request)
               ^^^^^^^^^^^^^^^^^^^^^^^^^^^^^^^^^^^^^^^^^^^^^
.venv\Lib\site-packages\httpx\_transports\asgi.py:170: in handle_async_request
    await self.app(scope, receive, send)
.venv\Lib\site-packages\fastapi\applications.py:1163: in __call__
    await super().__call__(scope, receive, send)
.venv\Lib\site-packages\starlette\applications.py:90: in __call__
    await self.middleware_stack(scope, receive, send)
.venv\Lib\site-packages\starlette\middleware\errors.py:186: in __call__
    raise exc
.venv\Lib\site-packages\starlette\middleware\errors.py:164: in __call__
    await self.app(scope, receive, _send)
.venv\Lib\site-packages\starlette\middleware\cors.py:88: in __call__
    await self.app(scope, receive, send)
.venv\Lib\site-packages\starlette\middleware\exceptions.py:63: in __call__
    await wrap_app_handling_exceptions(self.app, conn)(scope, receive, send)
.venv\Lib\site-packages\starlette\_exception_handler.py:53: in wrapped_app
    raise exc
.venv\Lib\site-packages\starlette\_exception_handler.py:42: in wrapped_app
    await app(scope, receive, sender)
.venv\Lib\site-packages\fastapi\middleware\asyncexitstack.py:18: in __call__
    await self.app(scope, receive, send)
.venv\Lib\site-packages\starlette\routing.py:660: in __call__
    await self.middleware_stack(scope, receive, send)
.venv\Lib\site-packages\starlette\routing.py:680: in app
    await route.handle(scope, receive, send)
.venv\Lib\site-packages\starlette\routing.py:276: in handle
    await self.app(scope, receive, send)
.venv\Lib\site-packages\fastapi\routing.py:134: in app
    await wrap_app_handling_exceptions(app, request)(scope, receive, send)
.venv\Lib\site-packages\starlette\_exception_handler.py:53: in wrapped_app
    raise exc
.venv\Lib\site-packages\starlette\_exception_handler.py:42: in wrapped_app
    await app(scope, receive, sender)
.venv\Lib\site-packages\fastapi\routing.py:120: in app
    response = await f(request)
               ^^^^^^^^^^^^^^^^
.venv\Lib\site-packages\fastapi\routing.py:674: in app
    raw_response = await run_endpoint_function(
.venv\Lib\site-packages\fastapi\routing.py:328: in run_endpoint_function
    return await dependant.call(**values)
           ^^^^^^^^^^^^^^^^^^^^^^^^^^^^^^
app\routers\settings.py:63: in obtener_settings
    result = await db.execute(
.venv\Lib\site-packages\sqlalchemy\ext\asyncio\session.py:449: in execute
    result = await greenlet_spawn(
.venv\Lib\site-packages\sqlalchemy\util\_concurrency_py3k.py:201: in greenlet_spawn
    result = context.throw(*sys.exc_info())
             ^^^^^^^^^^^^^^^^^^^^^^^^^^^^^^
.venv\Lib\site-packages\sqlalchemy\orm\session.py:2351: in execute
    return self._execute_internal(
.venv\Lib\site-packages\sqlalchemy\orm\session.py:2239: in _execute_internal
    conn = self._connection_for_bind(bind)
           ^^^^^^^^^^^^^^^^^^^^^^^^^^^^^^^
.venv\Lib\site-packages\sqlalchemy\orm\session.py:2108: in _connection_for_bind
    return trans._connection_for_bind(engine, execution_options)
           ^^^^^^^^^^^^^^^^^^^^^^^^^^^^^^^^^^^^^^^^^^^^^^^^^^^^^
<string>:2: in _connection_for_bind
    ???
.venv\Lib\site-packages\sqlalchemy\orm\state_changes.py:137: in _go
    ret_value = fn(self, *arg, **kw)
                ^^^^^^^^^^^^^^^^^^^^
.venv\Lib\site-packages\sqlalchemy\orm\session.py:1187: in _connection_for_bind
    conn = bind.connect()
           ^^^^^^^^^^^^^^
.venv\Lib\site-packages\sqlalchemy\engine\base.py:3293: in connect
    return self._connection_cls(self)
           ^^^^^^^^^^^^^^^^^^^^^^^^^^
.venv\Lib\site-packages\sqlalchemy\engine\base.py:143: in __init__
    self._dbapi_connection = engine.raw_connection()
                             ^^^^^^^^^^^^^^^^^^^^^^^
.venv\Lib\site-packages\sqlalchemy\engine\base.py:3317: in raw_connection
    return self.pool.connect()
           ^^^^^^^^^^^^^^^^^^^
.venv\Lib\site-packages\sqlalchemy\pool\base.py:448: in connect
    return _ConnectionFairy._checkout(self)
           ^^^^^^^^^^^^^^^^^^^^^^^^^^^^^^^^
.venv\Lib\site-packages\sqlalchemy\pool\base.py:1371: in _checkout
    with util.safe_reraise():
         ^^^^^^^^^^^^^^^^^^^
.venv\Lib\site-packages\sqlalchemy\util\langhelpers.py:121: in __exit__
    raise exc_value.with_traceback(exc_tb)
.venv\Lib\site-packages\sqlalchemy\pool\base.py:1309: in _checkout
    result = pool._dialect._do_ping_w_event(
.venv\Lib\site-packages\sqlalchemy\engine\default.py:729: in _do_ping_w_event
    return self.do_ping(dbapi_connection)
           ^^^^^^^^^^^^^^^^^^^^^^^^^^^^^^
.venv\Lib\site-packages\sqlalchemy\dialects\postgresql\asyncpg.py:1160: in do_ping
    dbapi_connection.ping()
.venv\Lib\site-packages\sqlalchemy\dialects\postgresql\asyncpg.py:818: in ping
    self._handle_exception(error)
.venv\Lib\site-packages\sqlalchemy\dialects\postgresql\asyncpg.py:799: in _handle_exception
    raise error
.venv\Lib\site-packages\sqlalchemy\dialects\postgresql\asyncpg.py:816: in ping
    _ = self.await_(self._async_ping())
        ^^^^^^^^^^^^^^^^^^^^^^^^^^^^^^^
.venv\Lib\site-packages\sqlalchemy\util\_concurrency_py3k.py:132: in await_only
    return current.parent.switch(awaitable)  # type: ignore[no-any-return,attr-defined] # noqa: E501
           ^^^^^^^^^^^^^^^^^^^^^^^^^^^^^^^^
.venv\Lib\site-packages\sqlalchemy\util\_concurrency_py3k.py:196: in greenlet_spawn
    value = await result
            ^^^^^^^^^^^^
.venv\Lib\site-packages\sqlalchemy\dialects\postgresql\asyncpg.py:825: in _async_ping
    await tr.start()
.venv\Lib\site-packages\asyncpg\transaction.py:146: in start
    await self._connection.execute(query)
.venv\Lib\site-packages\asyncpg\connection.py:354: in execute
    result = await self._protocol.query(query, timeout)
             ^^^^^^^^^^^^^^^^^^^^^^^^^^^^^^^^^^^^^^^^^^
asyncpg/protocol/protocol.pyx:369: in query
    ???
asyncpg/protocol/protocol.pyx:362: in asyncpg.protocol.protocol.BaseProtocol.query
    ???
asyncpg/protocol/coreproto.pyx:1174: in asyncpg.protocol.protocol.CoreProtocol._simple_query
    ???
asyncpg/protocol/protocol.pyx:956: in asyncpg.protocol.protocol.BaseProtocol._write
    ???
..\..\..\..\..\AppData\Local\Python\pythoncore-3.14-64\Lib\asyncio\sslproto.py:222: in write
    self._ssl_protocol._write_appdata((data,))
..\..\..\..\..\AppData\Local\Python\pythoncore-3.14-64\Lib\asyncio\sslproto.py:700: in _write_appdata
    self._fatal_error(ex, 'Fatal error on SSL protocol')
..\..\..\..\..\AppData\Local\Python\pythoncore-3.14-64\Lib\asyncio\sslproto.py:918: in _fatal_error
    self._transport._force_close(exc)
..\..\..\..\..\AppData\Local\Python\pythoncore-3.14-64\Lib\asyncio\proactor_events.py:152: in _force_close
    self._loop.call_soon(self._call_connection_lost, exc)
..\..\..\..\..\AppData\Local\Python\pythoncore-3.14-64\Lib\asyncio\base_events.py:827: in call_soon
    self._check_closed()
..\..\..\..\..\AppData\Local\Python\pythoncore-3.14-64\Lib\asyncio\base_events.py:550: in _check_closed
    raise RuntimeError('Event loop is closed')
E   RuntimeError: Event loop is closed
------------------------------ Captured log call ------------------------------
ERROR    sqlalchemy.pool.impl.AsyncAdaptedQueuePool:base.py:377 Exception terminating connection <AdaptedConnection <asyncpg.connection.Connection object at 0x0000020EE15A47D0>>
Traceback (most recent call last):
  File "C:\Users\nmendoza\Documents\Visual_Works\Planificacion-Voluntarios\plani-app-back\plani-app-back\.venv\Lib\site-packages\sqlalchemy\pool\base.py", line 373, in _close_connection
    self._dialect.do_terminate(connection)
    ~~~~~~~~~~~~~~~~~~~~~~~~~~^^^^^^^^^^^^
  File "C:\Users\nmendoza\Documents\Visual_Works\Planificacion-Voluntarios\plani-app-back\plani-app-back\.venv\Lib\site-packages\sqlalchemy\dialects\postgresql\asyncpg.py", line 1127, in do_terminate
    dbapi_connection.terminate()
    ~~~~~~~~~~~~~~~~~~~~~~~~~~^^
  File "C:\Users\nmendoza\Documents\Visual_Works\Planificacion-Voluntarios\plani-app-back\plani-app-back\.venv\Lib\site-packages\sqlalchemy\connectors\asyncio.py", line 402, in terminate
    self.await_(asyncio.shield(self._terminate_graceful_close()))  # type: ignore[attr-defined] # noqa: E501
    ~~~~~~~~~~~^^^^^^^^^^^^^^^^^^^^^^^^^^^^^^^^^^^^^^^^^^^^^^^^^^
  File "C:\Users\nmendoza\Documents\Visual_Works\Planificacion-Voluntarios\plani-app-back\plani-app-back\.venv\Lib\site-packages\sqlalchemy\util\_concurrency_py3k.py", line 132, in await_only
    return current.parent.switch(awaitable)  # type: ignore[no-any-return,attr-defined] # noqa: E501
           ~~~~~~~~~~~~~~~~~~~~~^^^^^^^^^^^
  File "C:\Users\nmendoza\Documents\Visual_Works\Planificacion-Voluntarios\plani-app-back\plani-app-back\.venv\Lib\site-packages\sqlalchemy\util\_concurrency_py3k.py", line 196, in greenlet_spawn
    value = await result
            ^^^^^^^^^^^^
  File "C:\Users\nmendoza\Documents\Visual_Works\Planificacion-Voluntarios\plani-app-back\plani-app-back\.venv\Lib\site-packages\sqlalchemy\dialects\postgresql\asyncpg.py", line 912, in _terminate_graceful_close
    await self._connection.close(timeout=2)
  File "C:\Users\nmendoza\Documents\Visual_Works\Planificacion-Voluntarios\plani-app-back\plani-app-back\.venv\Lib\site-packages\asyncpg\connection.py", line 1513, in close
    await self._protocol.close(timeout)
  File "asyncpg/protocol/protocol.pyx", line 617, in close
  File "asyncpg/protocol/protocol.pyx", line 650, in asyncpg.protocol.protocol.BaseProtocol._request_cancel
  File "C:\Users\nmendoza\Documents\Visual_Works\Planificacion-Voluntarios\plani-app-back\plani-app-back\.venv\Lib\site-packages\asyncpg\connection.py", line 1682, in _cancel_current_command
    self._cancellations.add(self._loop.create_task(self._cancel(waiter)))
                            ~~~~~~~~~~~~~~~~~~~~~~^^^^^^^^^^^^^^^^^^^^^^
  File "C:\Users\nmendoza\AppData\Local\Python\pythoncore-3.14-64\Lib\asyncio\base_events.py", line 466, in create_task
    self._check_closed()
    ~~~~~~~~~~~~~~~~~~^^
  File "C:\Users\nmendoza\AppData\Local\Python\pythoncore-3.14-64\Lib\asyncio\base_events.py", line 550, in _check_closed
    raise RuntimeError('Event loop is closed')
RuntimeError: Event loop is closed
____________________ test_promover_without_siguiente_fails ____________________
..\..\..\..\..\AppData\Local\Python\pythoncore-3.14-64\Lib\asyncio\base_events.py:827: in call_soon
    self._check_closed()
..\..\..\..\..\AppData\Local\Python\pythoncore-3.14-64\Lib\asyncio\base_events.py:550: in _check_closed
    raise RuntimeError('Event loop is closed')
E   RuntimeError: Event loop is closed

During handling of the above exception, another exception occurred:
tests\test_settings.py:67: in test_promover_without_siguiente_fails
    await client.put("/api/settings/", json={"trimestre_siguiente": ""})
.venv\Lib\site-packages\httpx\_client.py:1896: in put
    return await self.request(
.venv\Lib\site-packages\httpx\_client.py:1540: in request
    return await self.send(request, auth=auth, follow_redirects=follow_redirects)
           ^^^^^^^^^^^^^^^^^^^^^^^^^^^^^^^^^^^^^^^^^^^^^^^^^^^^^^^^^^^^^^^^^^^^^^
.venv\Lib\site-packages\httpx\_client.py:1629: in send
    response = await self._send_handling_auth(
.venv\Lib\site-packages\httpx\_client.py:1657: in _send_handling_auth
    response = await self._send_handling_redirects(
.venv\Lib\site-packages\httpx\_client.py:1694: in _send_handling_redirects
    response = await self._send_single_request(request)
               ^^^^^^^^^^^^^^^^^^^^^^^^^^^^^^^^^^^^^^^^
.venv\Lib\site-packages\httpx\_client.py:1730: in _send_single_request
    response = await transport.handle_async_request(request)
               ^^^^^^^^^^^^^^^^^^^^^^^^^^^^^^^^^^^^^^^^^^^^^
.venv\Lib\site-packages\httpx\_transports\asgi.py:170: in handle_async_request
    await self.app(scope, receive, send)
.venv\Lib\site-packages\fastapi\applications.py:1163: in __call__
    await super().__call__(scope, receive, send)
.venv\Lib\site-packages\starlette\applications.py:90: in __call__
    await self.middleware_stack(scope, receive, send)
.venv\Lib\site-packages\starlette\middleware\errors.py:186: in __call__
    raise exc
.venv\Lib\site-packages\starlette\middleware\errors.py:164: in __call__
    await self.app(scope, receive, _send)
.venv\Lib\site-packages\starlette\middleware\cors.py:88: in __call__
    await self.app(scope, receive, send)
.venv\Lib\site-packages\starlette\middleware\exceptions.py:63: in __call__
    await wrap_app_handling_exceptions(self.app, conn)(scope, receive, send)
.venv\Lib\site-packages\starlette\_exception_handler.py:53: in wrapped_app
    raise exc
.venv\Lib\site-packages\starlette\_exception_handler.py:42: in wrapped_app
    await app(scope, receive, sender)
.venv\Lib\site-packages\fastapi\middleware\asyncexitstack.py:18: in __call__
    await self.app(scope, receive, send)
.venv\Lib\site-packages\starlette\routing.py:660: in __call__
    await self.middleware_stack(scope, receive, send)
.venv\Lib\site-packages\starlette\routing.py:680: in app
    await route.handle(scope, receive, send)
.venv\Lib\site-packages\starlette\routing.py:276: in handle
    await self.app(scope, receive, send)
.venv\Lib\site-packages\fastapi\routing.py:134: in app
    await wrap_app_handling_exceptions(app, request)(scope, receive, send)
.venv\Lib\site-packages\starlette\_exception_handler.py:53: in wrapped_app
    raise exc
.venv\Lib\site-packages\starlette\_exception_handler.py:42: in wrapped_app
    await app(scope, receive, sender)
.venv\Lib\site-packages\fastapi\routing.py:120: in app
    response = await f(request)
               ^^^^^^^^^^^^^^^^
.venv\Lib\site-packages\fastapi\routing.py:674: in app
    raw_response = await run_endpoint_function(
.venv\Lib\site-packages\fastapi\routing.py:328: in run_endpoint_function
    return await dependant.call(**values)
           ^^^^^^^^^^^^^^^^^^^^^^^^^^^^^^
app\routers\settings.py:126: in actualizar_settings
    await db.execute(text(query), params)
.venv\Lib\site-packages\sqlalchemy\ext\asyncio\session.py:449: in execute
    result = await greenlet_spawn(
.venv\Lib\site-packages\sqlalchemy\util\_concurrency_py3k.py:201: in greenlet_spawn
    result = context.throw(*sys.exc_info())
             ^^^^^^^^^^^^^^^^^^^^^^^^^^^^^^
.venv\Lib\site-packages\sqlalchemy\orm\session.py:2351: in execute
    return self._execute_internal(
.venv\Lib\site-packages\sqlalchemy\orm\session.py:2239: in _execute_internal
    conn = self._connection_for_bind(bind)
           ^^^^^^^^^^^^^^^^^^^^^^^^^^^^^^^
.venv\Lib\site-packages\sqlalchemy\orm\session.py:2108: in _connection_for_bind
    return trans._connection_for_bind(engine, execution_options)
           ^^^^^^^^^^^^^^^^^^^^^^^^^^^^^^^^^^^^^^^^^^^^^^^^^^^^^
<string>:2: in _connection_for_bind
    ???
.venv\Lib\site-packages\sqlalchemy\orm\state_changes.py:137: in _go
    ret_value = fn(self, *arg, **kw)
                ^^^^^^^^^^^^^^^^^^^^
.venv\Lib\site-packages\sqlalchemy\orm\session.py:1187: in _connection_for_bind
    conn = bind.connect()
           ^^^^^^^^^^^^^^
.venv\Lib\site-packages\sqlalchemy\engine\base.py:3293: in connect
    return self._connection_cls(self)
           ^^^^^^^^^^^^^^^^^^^^^^^^^^
.venv\Lib\site-packages\sqlalchemy\engine\base.py:143: in __init__
    self._dbapi_connection = engine.raw_connection()
                             ^^^^^^^^^^^^^^^^^^^^^^^
.venv\Lib\site-packages\sqlalchemy\engine\base.py:3317: in raw_connection
    return self.pool.connect()
           ^^^^^^^^^^^^^^^^^^^
.venv\Lib\site-packages\sqlalchemy\pool\base.py:448: in connect
    return _ConnectionFairy._checkout(self)
           ^^^^^^^^^^^^^^^^^^^^^^^^^^^^^^^^
.venv\Lib\site-packages\sqlalchemy\pool\base.py:1371: in _checkout
    with util.safe_reraise():
         ^^^^^^^^^^^^^^^^^^^
.venv\Lib\site-packages\sqlalchemy\util\langhelpers.py:121: in __exit__
    raise exc_value.with_traceback(exc_tb)
.venv\Lib\site-packages\sqlalchemy\pool\base.py:1309: in _checkout
    result = pool._dialect._do_ping_w_event(
.venv\Lib\site-packages\sqlalchemy\engine\default.py:729: in _do_ping_w_event
    return self.do_ping(dbapi_connection)
           ^^^^^^^^^^^^^^^^^^^^^^^^^^^^^^
.venv\Lib\site-packages\sqlalchemy\dialects\postgresql\asyncpg.py:1160: in do_ping
    dbapi_connection.ping()
.venv\Lib\site-packages\sqlalchemy\dialects\postgresql\asyncpg.py:818: in ping
    self._handle_exception(error)
.venv\Lib\site-packages\sqlalchemy\dialects\postgresql\asyncpg.py:799: in _handle_exception
    raise error
.venv\Lib\site-packages\sqlalchemy\dialects\postgresql\asyncpg.py:816: in ping
    _ = self.await_(self._async_ping())
        ^^^^^^^^^^^^^^^^^^^^^^^^^^^^^^^
.venv\Lib\site-packages\sqlalchemy\util\_concurrency_py3k.py:132: in await_only
    return current.parent.switch(awaitable)  # type: ignore[no-any-return,attr-defined] # noqa: E501
           ^^^^^^^^^^^^^^^^^^^^^^^^^^^^^^^^
.venv\Lib\site-packages\sqlalchemy\util\_concurrency_py3k.py:196: in greenlet_spawn
    value = await result
            ^^^^^^^^^^^^
.venv\Lib\site-packages\sqlalchemy\dialects\postgresql\asyncpg.py:825: in _async_ping
    await tr.start()
.venv\Lib\site-packages\asyncpg\transaction.py:146: in start
    await self._connection.execute(query)
.venv\Lib\site-packages\asyncpg\connection.py:354: in execute
    result = await self._protocol.query(query, timeout)
             ^^^^^^^^^^^^^^^^^^^^^^^^^^^^^^^^^^^^^^^^^^
asyncpg/protocol/protocol.pyx:369: in query
    ???
asyncpg/protocol/protocol.pyx:362: in asyncpg.protocol.protocol.BaseProtocol.query
    ???
asyncpg/protocol/coreproto.pyx:1174: in asyncpg.protocol.protocol.CoreProtocol._simple_query
    ???
asyncpg/protocol/protocol.pyx:956: in asyncpg.protocol.protocol.BaseProtocol._write
    ???
..\..\..\..\..\AppData\Local\Python\pythoncore-3.14-64\Lib\asyncio\sslproto.py:222: in write
    self._ssl_protocol._write_appdata((data,))
..\..\..\..\..\AppData\Local\Python\pythoncore-3.14-64\Lib\asyncio\sslproto.py:700: in _write_appdata
    self._fatal_error(ex, 'Fatal error on SSL protocol')
..\..\..\..\..\AppData\Local\Python\pythoncore-3.14-64\Lib\asyncio\sslproto.py:918: in _fatal_error
    self._transport._force_close(exc)
..\..\..\..\..\AppData\Local\Python\pythoncore-3.14-64\Lib\asyncio\proactor_events.py:152: in _force_close
    self._loop.call_soon(self._call_connection_lost, exc)
..\..\..\..\..\AppData\Local\Python\pythoncore-3.14-64\Lib\asyncio\base_events.py:827: in call_soon
    self._check_closed()
..\..\..\..\..\AppData\Local\Python\pythoncore-3.14-64\Lib\asyncio\base_events.py:550: in _check_closed
    raise RuntimeError('Event loop is closed')
E   RuntimeError: Event loop is closed
------------------------------ Captured log call ------------------------------
ERROR    sqlalchemy.pool.impl.AsyncAdaptedQueuePool:base.py:377 Exception terminating connection <AdaptedConnection <asyncpg.connection.Connection object at 0x0000020EE0CF3980>>
Traceback (most recent call last):
  File "C:\Users\nmendoza\Documents\Visual_Works\Planificacion-Voluntarios\plani-app-back\plani-app-back\.venv\Lib\site-packages\sqlalchemy\pool\base.py", line 373, in _close_connection
    self._dialect.do_terminate(connection)
    ~~~~~~~~~~~~~~~~~~~~~~~~~~^^^^^^^^^^^^
  File "C:\Users\nmendoza\Documents\Visual_Works\Planificacion-Voluntarios\plani-app-back\plani-app-back\.venv\Lib\site-packages\sqlalchemy\dialects\postgresql\asyncpg.py", line 1127, in do_terminate
    dbapi_connection.terminate()
    ~~~~~~~~~~~~~~~~~~~~~~~~~~^^
  File "C:\Users\nmendoza\Documents\Visual_Works\Planificacion-Voluntarios\plani-app-back\plani-app-back\.venv\Lib\site-packages\sqlalchemy\connectors\asyncio.py", line 402, in terminate
    self.await_(asyncio.shield(self._terminate_graceful_close()))  # type: ignore[attr-defined] # noqa: E501
    ~~~~~~~~~~~^^^^^^^^^^^^^^^^^^^^^^^^^^^^^^^^^^^^^^^^^^^^^^^^^^
  File "C:\Users\nmendoza\Documents\Visual_Works\Planificacion-Voluntarios\plani-app-back\plani-app-back\.venv\Lib\site-packages\sqlalchemy\util\_concurrency_py3k.py", line 132, in await_only
    return current.parent.switch(awaitable)  # type: ignore[no-any-return,attr-defined] # noqa: E501
           ~~~~~~~~~~~~~~~~~~~~~^^^^^^^^^^^
  File "C:\Users\nmendoza\Documents\Visual_Works\Planificacion-Voluntarios\plani-app-back\plani-app-back\.venv\Lib\site-packages\sqlalchemy\util\_concurrency_py3k.py", line 196, in greenlet_spawn
    value = await result
            ^^^^^^^^^^^^
  File "C:\Users\nmendoza\Documents\Visual_Works\Planificacion-Voluntarios\plani-app-back\plani-app-back\.venv\Lib\site-packages\sqlalchemy\dialects\postgresql\asyncpg.py", line 912, in _terminate_graceful_close
    await self._connection.close(timeout=2)
  File "C:\Users\nmendoza\Documents\Visual_Works\Planificacion-Voluntarios\plani-app-back\plani-app-back\.venv\Lib\site-packages\asyncpg\connection.py", line 1513, in close
    await self._protocol.close(timeout)
  File "asyncpg/protocol/protocol.pyx", line 617, in close
  File "asyncpg/protocol/protocol.pyx", line 650, in asyncpg.protocol.protocol.BaseProtocol._request_cancel
  File "C:\Users\nmendoza\Documents\Visual_Works\Planificacion-Voluntarios\plani-app-back\plani-app-back\.venv\Lib\site-packages\asyncpg\connection.py", line 1682, in _cancel_current_command
    self._cancellations.add(self._loop.create_task(self._cancel(waiter)))
                            ~~~~~~~~~~~~~~~~~~~~~~^^^^^^^^^^^^^^^^^^^^^^
  File "C:\Users\nmendoza\AppData\Local\Python\pythoncore-3.14-64\Lib\asyncio\base_events.py", line 466, in create_task
    self._check_closed()
    ~~~~~~~~~~~~~~~~~~^^
  File "C:\Users\nmendoza\AppData\Local\Python\pythoncore-3.14-64\Lib\asyncio\base_events.py", line 550, in _check_closed
    raise RuntimeError('Event loop is closed')
RuntimeError: Event loop is closed
____________________________ test_listar_talleres _____________________________
..\..\..\..\..\AppData\Local\Python\pythoncore-3.14-64\Lib\asyncio\base_events.py:827: in call_soon
    self._check_closed()
..\..\..\..\..\AppData\Local\Python\pythoncore-3.14-64\Lib\asyncio\base_events.py:550: in _check_closed
    raise RuntimeError('Event loop is closed')
E   RuntimeError: Event loop is closed

During handling of the above exception, another exception occurred:
tests\test_talleres.py:11: in test_listar_talleres
    response = await client.get("/api/talleres")
               ^^^^^^^^^^^^^^^^^^^^^^^^^^^^^^^^^
.venv\Lib\site-packages\httpx\_client.py:1768: in get
    return await self.request(
.venv\Lib\site-packages\httpx\_client.py:1540: in request
    return await self.send(request, auth=auth, follow_redirects=follow_redirects)
           ^^^^^^^^^^^^^^^^^^^^^^^^^^^^^^^^^^^^^^^^^^^^^^^^^^^^^^^^^^^^^^^^^^^^^^
.venv\Lib\site-packages\httpx\_client.py:1629: in send
    response = await self._send_handling_auth(
.venv\Lib\site-packages\httpx\_client.py:1657: in _send_handling_auth
    response = await self._send_handling_redirects(
.venv\Lib\site-packages\httpx\_client.py:1694: in _send_handling_redirects
    response = await self._send_single_request(request)
               ^^^^^^^^^^^^^^^^^^^^^^^^^^^^^^^^^^^^^^^^
.venv\Lib\site-packages\httpx\_client.py:1730: in _send_single_request
    response = await transport.handle_async_request(request)
               ^^^^^^^^^^^^^^^^^^^^^^^^^^^^^^^^^^^^^^^^^^^^^
.venv\Lib\site-packages\httpx\_transports\asgi.py:170: in handle_async_request
    await self.app(scope, receive, send)
.venv\Lib\site-packages\fastapi\applications.py:1163: in __call__
    await super().__call__(scope, receive, send)
.venv\Lib\site-packages\starlette\applications.py:90: in __call__
    await self.middleware_stack(scope, receive, send)
.venv\Lib\site-packages\starlette\middleware\errors.py:186: in __call__
    raise exc
.venv\Lib\site-packages\starlette\middleware\errors.py:164: in __call__
    await self.app(scope, receive, _send)
.venv\Lib\site-packages\starlette\middleware\cors.py:88: in __call__
    await self.app(scope, receive, send)
.venv\Lib\site-packages\starlette\middleware\exceptions.py:63: in __call__
    await wrap_app_handling_exceptions(self.app, conn)(scope, receive, send)
.venv\Lib\site-packages\starlette\_exception_handler.py:53: in wrapped_app
    raise exc
.venv\Lib\site-packages\starlette\_exception_handler.py:42: in wrapped_app
    await app(scope, receive, sender)
.venv\Lib\site-packages\fastapi\middleware\asyncexitstack.py:18: in __call__
    await self.app(scope, receive, send)
.venv\Lib\site-packages\starlette\routing.py:660: in __call__
    await self.middleware_stack(scope, receive, send)
.venv\Lib\site-packages\starlette\routing.py:680: in app
    await route.handle(scope, receive, send)
.venv\Lib\site-packages\starlette\routing.py:276: in handle
    await self.app(scope, receive, send)
.venv\Lib\site-packages\fastapi\routing.py:134: in app
    await wrap_app_handling_exceptions(app, request)(scope, receive, send)
.venv\Lib\site-packages\starlette\_exception_handler.py:53: in wrapped_app
    raise exc
.venv\Lib\site-packages\starlette\_exception_handler.py:42: in wrapped_app
    await app(scope, receive, sender)
.venv\Lib\site-packages\fastapi\routing.py:120: in app
    response = await f(request)
               ^^^^^^^^^^^^^^^^
.venv\Lib\site-packages\fastapi\routing.py:674: in app
    raw_response = await run_endpoint_function(
.venv\Lib\site-packages\fastapi\routing.py:328: in run_endpoint_function
    return await dependant.call(**values)
           ^^^^^^^^^^^^^^^^^^^^^^^^^^^^^^
app\routers\talleres.py:80: in listar_talleres
    result = await db.execute(text(query), params)
             ^^^^^^^^^^^^^^^^^^^^^^^^^^^^^^^^^^^^^
.venv\Lib\site-packages\sqlalchemy\ext\asyncio\session.py:449: in execute
    result = await greenlet_spawn(
.venv\Lib\site-packages\sqlalchemy\util\_concurrency_py3k.py:201: in greenlet_spawn
    result = context.throw(*sys.exc_info())
             ^^^^^^^^^^^^^^^^^^^^^^^^^^^^^^
.venv\Lib\site-packages\sqlalchemy\orm\session.py:2351: in execute
    return self._execute_internal(
.venv\Lib\site-packages\sqlalchemy\orm\session.py:2239: in _execute_internal
    conn = self._connection_for_bind(bind)
           ^^^^^^^^^^^^^^^^^^^^^^^^^^^^^^^
.venv\Lib\site-packages\sqlalchemy\orm\session.py:2108: in _connection_for_bind
    return trans._connection_for_bind(engine, execution_options)
           ^^^^^^^^^^^^^^^^^^^^^^^^^^^^^^^^^^^^^^^^^^^^^^^^^^^^^
<string>:2: in _connection_for_bind
    ???
.venv\Lib\site-packages\sqlalchemy\orm\state_changes.py:137: in _go
    ret_value = fn(self, *arg, **kw)
                ^^^^^^^^^^^^^^^^^^^^
.venv\Lib\site-packages\sqlalchemy\orm\session.py:1187: in _connection_for_bind
    conn = bind.connect()
           ^^^^^^^^^^^^^^
.venv\Lib\site-packages\sqlalchemy\engine\base.py:3293: in connect
    return self._connection_cls(self)
           ^^^^^^^^^^^^^^^^^^^^^^^^^^
.venv\Lib\site-packages\sqlalchemy\engine\base.py:143: in __init__
    self._dbapi_connection = engine.raw_connection()
                             ^^^^^^^^^^^^^^^^^^^^^^^
.venv\Lib\site-packages\sqlalchemy\engine\base.py:3317: in raw_connection
    return self.pool.connect()
           ^^^^^^^^^^^^^^^^^^^
.venv\Lib\site-packages\sqlalchemy\pool\base.py:448: in connect
    return _ConnectionFairy._checkout(self)
           ^^^^^^^^^^^^^^^^^^^^^^^^^^^^^^^^
.venv\Lib\site-packages\sqlalchemy\pool\base.py:1371: in _checkout
    with util.safe_reraise():
         ^^^^^^^^^^^^^^^^^^^
.venv\Lib\site-packages\sqlalchemy\util\langhelpers.py:121: in __exit__
    raise exc_value.with_traceback(exc_tb)
.venv\Lib\site-packages\sqlalchemy\pool\base.py:1309: in _checkout
    result = pool._dialect._do_ping_w_event(
.venv\Lib\site-packages\sqlalchemy\engine\default.py:729: in _do_ping_w_event
    return self.do_ping(dbapi_connection)
           ^^^^^^^^^^^^^^^^^^^^^^^^^^^^^^
.venv\Lib\site-packages\sqlalchemy\dialects\postgresql\asyncpg.py:1160: in do_ping
    dbapi_connection.ping()
.venv\Lib\site-packages\sqlalchemy\dialects\postgresql\asyncpg.py:818: in ping
    self._handle_exception(error)
.venv\Lib\site-packages\sqlalchemy\dialects\postgresql\asyncpg.py:799: in _handle_exception
    raise error
.venv\Lib\site-packages\sqlalchemy\dialects\postgresql\asyncpg.py:816: in ping
    _ = self.await_(self._async_ping())
        ^^^^^^^^^^^^^^^^^^^^^^^^^^^^^^^
.venv\Lib\site-packages\sqlalchemy\util\_concurrency_py3k.py:132: in await_only
    return current.parent.switch(awaitable)  # type: ignore[no-any-return,attr-defined] # noqa: E501
           ^^^^^^^^^^^^^^^^^^^^^^^^^^^^^^^^
.venv\Lib\site-packages\sqlalchemy\util\_concurrency_py3k.py:196: in greenlet_spawn
    value = await result
            ^^^^^^^^^^^^
.venv\Lib\site-packages\sqlalchemy\dialects\postgresql\asyncpg.py:825: in _async_ping
    await tr.start()
.venv\Lib\site-packages\asyncpg\transaction.py:146: in start
    await self._connection.execute(query)
.venv\Lib\site-packages\asyncpg\connection.py:354: in execute
    result = await self._protocol.query(query, timeout)
             ^^^^^^^^^^^^^^^^^^^^^^^^^^^^^^^^^^^^^^^^^^
asyncpg/protocol/protocol.pyx:369: in query
    ???
asyncpg/protocol/protocol.pyx:362: in asyncpg.protocol.protocol.BaseProtocol.query
    ???
asyncpg/protocol/coreproto.pyx:1174: in asyncpg.protocol.protocol.CoreProtocol._simple_query
    ???
asyncpg/protocol/protocol.pyx:956: in asyncpg.protocol.protocol.BaseProtocol._write
    ???
..\..\..\..\..\AppData\Local\Python\pythoncore-3.14-64\Lib\asyncio\sslproto.py:222: in write
    self._ssl_protocol._write_appdata((data,))
..\..\..\..\..\AppData\Local\Python\pythoncore-3.14-64\Lib\asyncio\sslproto.py:700: in _write_appdata
    self._fatal_error(ex, 'Fatal error on SSL protocol')
..\..\..\..\..\AppData\Local\Python\pythoncore-3.14-64\Lib\asyncio\sslproto.py:918: in _fatal_error
    self._transport._force_close(exc)
..\..\..\..\..\AppData\Local\Python\pythoncore-3.14-64\Lib\asyncio\proactor_events.py:152: in _force_close
    self._loop.call_soon(self._call_connection_lost, exc)
..\..\..\..\..\AppData\Local\Python\pythoncore-3.14-64\Lib\asyncio\base_events.py:827: in call_soon
    self._check_closed()
..\..\..\..\..\AppData\Local\Python\pythoncore-3.14-64\Lib\asyncio\base_events.py:550: in _check_closed
    raise RuntimeError('Event loop is closed')
E   RuntimeError: Event loop is closed
------------------------------ Captured log call ------------------------------
ERROR    sqlalchemy.pool.impl.AsyncAdaptedQueuePool:base.py:377 Exception terminating connection <AdaptedConnection <asyncpg.connection.Connection object at 0x0000020EE0CF37A0>>
Traceback (most recent call last):
  File "C:\Users\nmendoza\Documents\Visual_Works\Planificacion-Voluntarios\plani-app-back\plani-app-back\.venv\Lib\site-packages\sqlalchemy\pool\base.py", line 373, in _close_connection
    self._dialect.do_terminate(connection)
    ~~~~~~~~~~~~~~~~~~~~~~~~~~^^^^^^^^^^^^
  File "C:\Users\nmendoza\Documents\Visual_Works\Planificacion-Voluntarios\plani-app-back\plani-app-back\.venv\Lib\site-packages\sqlalchemy\dialects\postgresql\asyncpg.py", line 1127, in do_terminate
    dbapi_connection.terminate()
    ~~~~~~~~~~~~~~~~~~~~~~~~~~^^
  File "C:\Users\nmendoza\Documents\Visual_Works\Planificacion-Voluntarios\plani-app-back\plani-app-back\.venv\Lib\site-packages\sqlalchemy\connectors\asyncio.py", line 402, in terminate
    self.await_(asyncio.shield(self._terminate_graceful_close()))  # type: ignore[attr-defined] # noqa: E501
    ~~~~~~~~~~~^^^^^^^^^^^^^^^^^^^^^^^^^^^^^^^^^^^^^^^^^^^^^^^^^^
  File "C:\Users\nmendoza\Documents\Visual_Works\Planificacion-Voluntarios\plani-app-back\plani-app-back\.venv\Lib\site-packages\sqlalchemy\util\_concurrency_py3k.py", line 132, in await_only
    return current.parent.switch(awaitable)  # type: ignore[no-any-return,attr-defined] # noqa: E501
           ~~~~~~~~~~~~~~~~~~~~~^^^^^^^^^^^
  File "C:\Users\nmendoza\Documents\Visual_Works\Planificacion-Voluntarios\plani-app-back\plani-app-back\.venv\Lib\site-packages\sqlalchemy\util\_concurrency_py3k.py", line 196, in greenlet_spawn
    value = await result
            ^^^^^^^^^^^^
  File "C:\Users\nmendoza\Documents\Visual_Works\Planificacion-Voluntarios\plani-app-back\plani-app-back\.venv\Lib\site-packages\sqlalchemy\dialects\postgresql\asyncpg.py", line 912, in _terminate_graceful_close
    await self._connection.close(timeout=2)
  File "C:\Users\nmendoza\Documents\Visual_Works\Planificacion-Voluntarios\plani-app-back\plani-app-back\.venv\Lib\site-packages\asyncpg\connection.py", line 1513, in close
    await self._protocol.close(timeout)
  File "asyncpg/protocol/protocol.pyx", line 617, in close
  File "asyncpg/protocol/protocol.pyx", line 650, in asyncpg.protocol.protocol.BaseProtocol._request_cancel
  File "C:\Users\nmendoza\Documents\Visual_Works\Planificacion-Voluntarios\plani-app-back\plani-app-back\.venv\Lib\site-packages\asyncpg\connection.py", line 1682, in _cancel_current_command
    self._cancellations.add(self._loop.create_task(self._cancel(waiter)))
                            ~~~~~~~~~~~~~~~~~~~~~~^^^^^^^^^^^^^^^^^^^^^^
  File "C:\Users\nmendoza\AppData\Local\Python\pythoncore-3.14-64\Lib\asyncio\base_events.py", line 466, in create_task
    self._check_closed()
    ~~~~~~~~~~~~~~~~~~^^
  File "C:\Users\nmendoza\AppData\Local\Python\pythoncore-3.14-64\Lib\asyncio\base_events.py", line 550, in _check_closed
    raise RuntimeError('Event loop is closed')
RuntimeError: Event loop is closed
_____________________ test_talleres_have_required_fields ______________________
..\..\..\..\..\AppData\Local\Python\pythoncore-3.14-64\Lib\asyncio\base_events.py:827: in call_soon
    self._check_closed()
..\..\..\..\..\AppData\Local\Python\pythoncore-3.14-64\Lib\asyncio\base_events.py:550: in _check_closed
    raise RuntimeError('Event loop is closed')
E   RuntimeError: Event loop is closed

During handling of the above exception, another exception occurred:
tests\test_talleres.py:23: in test_talleres_have_required_fields
    response = await client.get("/api/talleres")
               ^^^^^^^^^^^^^^^^^^^^^^^^^^^^^^^^^
.venv\Lib\site-packages\httpx\_client.py:1768: in get
    return await self.request(
.venv\Lib\site-packages\httpx\_client.py:1540: in request
    return await self.send(request, auth=auth, follow_redirects=follow_redirects)
           ^^^^^^^^^^^^^^^^^^^^^^^^^^^^^^^^^^^^^^^^^^^^^^^^^^^^^^^^^^^^^^^^^^^^^^
.venv\Lib\site-packages\httpx\_client.py:1629: in send
    response = await self._send_handling_auth(
.venv\Lib\site-packages\httpx\_client.py:1657: in _send_handling_auth
    response = await self._send_handling_redirects(
.venv\Lib\site-packages\httpx\_client.py:1694: in _send_handling_redirects
    response = await self._send_single_request(request)
               ^^^^^^^^^^^^^^^^^^^^^^^^^^^^^^^^^^^^^^^^
.venv\Lib\site-packages\httpx\_client.py:1730: in _send_single_request
    response = await transport.handle_async_request(request)
               ^^^^^^^^^^^^^^^^^^^^^^^^^^^^^^^^^^^^^^^^^^^^^
.venv\Lib\site-packages\httpx\_transports\asgi.py:170: in handle_async_request
    await self.app(scope, receive, send)
.venv\Lib\site-packages\fastapi\applications.py:1163: in __call__
    await super().__call__(scope, receive, send)
.venv\Lib\site-packages\starlette\applications.py:90: in __call__
    await self.middleware_stack(scope, receive, send)
.venv\Lib\site-packages\starlette\middleware\errors.py:186: in __call__
    raise exc
.venv\Lib\site-packages\starlette\middleware\errors.py:164: in __call__
    await self.app(scope, receive, _send)
.venv\Lib\site-packages\starlette\middleware\cors.py:88: in __call__
    await self.app(scope, receive, send)
.venv\Lib\site-packages\starlette\middleware\exceptions.py:63: in __call__
    await wrap_app_handling_exceptions(self.app, conn)(scope, receive, send)
.venv\Lib\site-packages\starlette\_exception_handler.py:53: in wrapped_app
    raise exc
.venv\Lib\site-packages\starlette\_exception_handler.py:42: in wrapped_app
    await app(scope, receive, sender)
.venv\Lib\site-packages\fastapi\middleware\asyncexitstack.py:18: in __call__
    await self.app(scope, receive, send)
.venv\Lib\site-packages\starlette\routing.py:660: in __call__
    await self.middleware_stack(scope, receive, send)
.venv\Lib\site-packages\starlette\routing.py:680: in app
    await route.handle(scope, receive, send)
.venv\Lib\site-packages\starlette\routing.py:276: in handle
    await self.app(scope, receive, send)
.venv\Lib\site-packages\fastapi\routing.py:134: in app
    await wrap_app_handling_exceptions(app, request)(scope, receive, send)
.venv\Lib\site-packages\starlette\_exception_handler.py:53: in wrapped_app
    raise exc
.venv\Lib\site-packages\starlette\_exception_handler.py:42: in wrapped_app
    await app(scope, receive, sender)
.venv\Lib\site-packages\fastapi\routing.py:120: in app
    response = await f(request)
               ^^^^^^^^^^^^^^^^
.venv\Lib\site-packages\fastapi\routing.py:674: in app
    raw_response = await run_endpoint_function(
.venv\Lib\site-packages\fastapi\routing.py:328: in run_endpoint_function
    return await dependant.call(**values)
           ^^^^^^^^^^^^^^^^^^^^^^^^^^^^^^
app\routers\talleres.py:80: in listar_talleres
    result = await db.execute(text(query), params)
             ^^^^^^^^^^^^^^^^^^^^^^^^^^^^^^^^^^^^^
.venv\Lib\site-packages\sqlalchemy\ext\asyncio\session.py:449: in execute
    result = await greenlet_spawn(
.venv\Lib\site-packages\sqlalchemy\util\_concurrency_py3k.py:201: in greenlet_spawn
    result = context.throw(*sys.exc_info())
             ^^^^^^^^^^^^^^^^^^^^^^^^^^^^^^
.venv\Lib\site-packages\sqlalchemy\orm\session.py:2351: in execute
    return self._execute_internal(
.venv\Lib\site-packages\sqlalchemy\orm\session.py:2239: in _execute_internal
    conn = self._connection_for_bind(bind)
           ^^^^^^^^^^^^^^^^^^^^^^^^^^^^^^^
.venv\Lib\site-packages\sqlalchemy\orm\session.py:2108: in _connection_for_bind
    return trans._connection_for_bind(engine, execution_options)
           ^^^^^^^^^^^^^^^^^^^^^^^^^^^^^^^^^^^^^^^^^^^^^^^^^^^^^
<string>:2: in _connection_for_bind
    ???
.venv\Lib\site-packages\sqlalchemy\orm\state_changes.py:137: in _go
    ret_value = fn(self, *arg, **kw)
                ^^^^^^^^^^^^^^^^^^^^
.venv\Lib\site-packages\sqlalchemy\orm\session.py:1187: in _connection_for_bind
    conn = bind.connect()
           ^^^^^^^^^^^^^^
.venv\Lib\site-packages\sqlalchemy\engine\base.py:3293: in connect
    return self._connection_cls(self)
           ^^^^^^^^^^^^^^^^^^^^^^^^^^
.venv\Lib\site-packages\sqlalchemy\engine\base.py:143: in __init__
    self._dbapi_connection = engine.raw_connection()
                             ^^^^^^^^^^^^^^^^^^^^^^^
.venv\Lib\site-packages\sqlalchemy\engine\base.py:3317: in raw_connection
    return self.pool.connect()
           ^^^^^^^^^^^^^^^^^^^
.venv\Lib\site-packages\sqlalchemy\pool\base.py:448: in connect
    return _ConnectionFairy._checkout(self)
           ^^^^^^^^^^^^^^^^^^^^^^^^^^^^^^^^
.venv\Lib\site-packages\sqlalchemy\pool\base.py:1371: in _checkout
    with util.safe_reraise():
         ^^^^^^^^^^^^^^^^^^^
.venv\Lib\site-packages\sqlalchemy\util\langhelpers.py:121: in __exit__
    raise exc_value.with_traceback(exc_tb)
.venv\Lib\site-packages\sqlalchemy\pool\base.py:1309: in _checkout
    result = pool._dialect._do_ping_w_event(
.venv\Lib\site-packages\sqlalchemy\engine\default.py:729: in _do_ping_w_event
    return self.do_ping(dbapi_connection)
           ^^^^^^^^^^^^^^^^^^^^^^^^^^^^^^
.venv\Lib\site-packages\sqlalchemy\dialects\postgresql\asyncpg.py:1160: in do_ping
    dbapi_connection.ping()
.venv\Lib\site-packages\sqlalchemy\dialects\postgresql\asyncpg.py:818: in ping
    self._handle_exception(error)
.venv\Lib\site-packages\sqlalchemy\dialects\postgresql\asyncpg.py:799: in _handle_exception
    raise error
.venv\Lib\site-packages\sqlalchemy\dialects\postgresql\asyncpg.py:816: in ping
    _ = self.await_(self._async_ping())
        ^^^^^^^^^^^^^^^^^^^^^^^^^^^^^^^
.venv\Lib\site-packages\sqlalchemy\util\_concurrency_py3k.py:132: in await_only
    return current.parent.switch(awaitable)  # type: ignore[no-any-return,attr-defined] # noqa: E501
           ^^^^^^^^^^^^^^^^^^^^^^^^^^^^^^^^
.venv\Lib\site-packages\sqlalchemy\util\_concurrency_py3k.py:196: in greenlet_spawn
    value = await result
            ^^^^^^^^^^^^
.venv\Lib\site-packages\sqlalchemy\dialects\postgresql\asyncpg.py:825: in _async_ping
    await tr.start()
.venv\Lib\site-packages\asyncpg\transaction.py:146: in start
    await self._connection.execute(query)
.venv\Lib\site-packages\asyncpg\connection.py:354: in execute
    result = await self._protocol.query(query, timeout)
             ^^^^^^^^^^^^^^^^^^^^^^^^^^^^^^^^^^^^^^^^^^
asyncpg/protocol/protocol.pyx:369: in query
    ???
asyncpg/protocol/protocol.pyx:362: in asyncpg.protocol.protocol.BaseProtocol.query
    ???
asyncpg/protocol/coreproto.pyx:1174: in asyncpg.protocol.protocol.CoreProtocol._simple_query
    ???
asyncpg/protocol/protocol.pyx:956: in asyncpg.protocol.protocol.BaseProtocol._write
    ???
..\..\..\..\..\AppData\Local\Python\pythoncore-3.14-64\Lib\asyncio\sslproto.py:222: in write
    self._ssl_protocol._write_appdata((data,))
..\..\..\..\..\AppData\Local\Python\pythoncore-3.14-64\Lib\asyncio\sslproto.py:700: in _write_appdata
    self._fatal_error(ex, 'Fatal error on SSL protocol')
..\..\..\..\..\AppData\Local\Python\pythoncore-3.14-64\Lib\asyncio\sslproto.py:918: in _fatal_error
    self._transport._force_close(exc)
..\..\..\..\..\AppData\Local\Python\pythoncore-3.14-64\Lib\asyncio\proactor_events.py:152: in _force_close
    self._loop.call_soon(self._call_connection_lost, exc)
..\..\..\..\..\AppData\Local\Python\pythoncore-3.14-64\Lib\asyncio\base_events.py:827: in call_soon
    self._check_closed()
..\..\..\..\..\AppData\Local\Python\pythoncore-3.14-64\Lib\asyncio\base_events.py:550: in _check_closed
    raise RuntimeError('Event loop is closed')
E   RuntimeError: Event loop is closed
------------------------------ Captured log call ------------------------------
ERROR    sqlalchemy.pool.impl.AsyncAdaptedQueuePool:base.py:377 Exception terminating connection <AdaptedConnection <asyncpg.connection.Connection object at 0x0000020EE25E8B90>>
Traceback (most recent call last):
  File "C:\Users\nmendoza\Documents\Visual_Works\Planificacion-Voluntarios\plani-app-back\plani-app-back\.venv\Lib\site-packages\sqlalchemy\pool\base.py", line 373, in _close_connection
    self._dialect.do_terminate(connection)
    ~~~~~~~~~~~~~~~~~~~~~~~~~~^^^^^^^^^^^^
  File "C:\Users\nmendoza\Documents\Visual_Works\Planificacion-Voluntarios\plani-app-back\plani-app-back\.venv\Lib\site-packages\sqlalchemy\dialects\postgresql\asyncpg.py", line 1127, in do_terminate
    dbapi_connection.terminate()
    ~~~~~~~~~~~~~~~~~~~~~~~~~~^^
  File "C:\Users\nmendoza\Documents\Visual_Works\Planificacion-Voluntarios\plani-app-back\plani-app-back\.venv\Lib\site-packages\sqlalchemy\connectors\asyncio.py", line 402, in terminate
    self.await_(asyncio.shield(self._terminate_graceful_close()))  # type: ignore[attr-defined] # noqa: E501
    ~~~~~~~~~~~^^^^^^^^^^^^^^^^^^^^^^^^^^^^^^^^^^^^^^^^^^^^^^^^^^
  File "C:\Users\nmendoza\Documents\Visual_Works\Planificacion-Voluntarios\plani-app-back\plani-app-back\.venv\Lib\site-packages\sqlalchemy\util\_concurrency_py3k.py", line 132, in await_only
    return current.parent.switch(awaitable)  # type: ignore[no-any-return,attr-defined] # noqa: E501
           ~~~~~~~~~~~~~~~~~~~~~^^^^^^^^^^^
  File "C:\Users\nmendoza\Documents\Visual_Works\Planificacion-Voluntarios\plani-app-back\plani-app-back\.venv\Lib\site-packages\sqlalchemy\util\_concurrency_py3k.py", line 196, in greenlet_spawn
    value = await result
            ^^^^^^^^^^^^
  File "C:\Users\nmendoza\Documents\Visual_Works\Planificacion-Voluntarios\plani-app-back\plani-app-back\.venv\Lib\site-packages\sqlalchemy\dialects\postgresql\asyncpg.py", line 912, in _terminate_graceful_close
    await self._connection.close(timeout=2)
  File "C:\Users\nmendoza\Documents\Visual_Works\Planificacion-Voluntarios\plani-app-back\plani-app-back\.venv\Lib\site-packages\asyncpg\connection.py", line 1513, in close
    await self._protocol.close(timeout)
  File "asyncpg/protocol/protocol.pyx", line 617, in close
  File "asyncpg/protocol/protocol.pyx", line 650, in asyncpg.protocol.protocol.BaseProtocol._request_cancel
  File "C:\Users\nmendoza\Documents\Visual_Works\Planificacion-Voluntarios\plani-app-back\plani-app-back\.venv\Lib\site-packages\asyncpg\connection.py", line 1682, in _cancel_current_command
    self._cancellations.add(self._loop.create_task(self._cancel(waiter)))
                            ~~~~~~~~~~~~~~~~~~~~~~^^^^^^^^^^^^^^^^^^^^^^
  File "C:\Users\nmendoza\AppData\Local\Python\pythoncore-3.14-64\Lib\asyncio\base_events.py", line 466, in create_task
    self._check_closed()
    ~~~~~~~~~~~~~~~~~~^^
  File "C:\Users\nmendoza\AppData\Local\Python\pythoncore-3.14-64\Lib\asyncio\base_events.py", line 550, in _check_closed
    raise RuntimeError('Event loop is closed')
RuntimeError: Event loop is closed
_________________________ test_talleres_distribution __________________________
..\..\..\..\..\AppData\Local\Python\pythoncore-3.14-64\Lib\asyncio\base_events.py:827: in call_soon
    self._check_closed()
..\..\..\..\..\AppData\Local\Python\pythoncore-3.14-64\Lib\asyncio\base_events.py:550: in _check_closed
    raise RuntimeError('Event loop is closed')
E   RuntimeError: Event loop is closed

During handling of the above exception, another exception occurred:
tests\test_talleres.py:40: in test_talleres_distribution
    response = await client.get("/api/talleres")
               ^^^^^^^^^^^^^^^^^^^^^^^^^^^^^^^^^
.venv\Lib\site-packages\httpx\_client.py:1768: in get
    return await self.request(
.venv\Lib\site-packages\httpx\_client.py:1540: in request
    return await self.send(request, auth=auth, follow_redirects=follow_redirects)
           ^^^^^^^^^^^^^^^^^^^^^^^^^^^^^^^^^^^^^^^^^^^^^^^^^^^^^^^^^^^^^^^^^^^^^^
.venv\Lib\site-packages\httpx\_client.py:1629: in send
    response = await self._send_handling_auth(
.venv\Lib\site-packages\httpx\_client.py:1657: in _send_handling_auth
    response = await self._send_handling_redirects(
.venv\Lib\site-packages\httpx\_client.py:1694: in _send_handling_redirects
    response = await self._send_single_request(request)
               ^^^^^^^^^^^^^^^^^^^^^^^^^^^^^^^^^^^^^^^^
.venv\Lib\site-packages\httpx\_client.py:1730: in _send_single_request
    response = await transport.handle_async_request(request)
               ^^^^^^^^^^^^^^^^^^^^^^^^^^^^^^^^^^^^^^^^^^^^^
.venv\Lib\site-packages\httpx\_transports\asgi.py:170: in handle_async_request
    await self.app(scope, receive, send)
.venv\Lib\site-packages\fastapi\applications.py:1163: in __call__
    await super().__call__(scope, receive, send)
.venv\Lib\site-packages\starlette\applications.py:90: in __call__
    await self.middleware_stack(scope, receive, send)
.venv\Lib\site-packages\starlette\middleware\errors.py:186: in __call__
    raise exc
.venv\Lib\site-packages\starlette\middleware\errors.py:164: in __call__
    await self.app(scope, receive, _send)
.venv\Lib\site-packages\starlette\middleware\cors.py:88: in __call__
    await self.app(scope, receive, send)
.venv\Lib\site-packages\starlette\middleware\exceptions.py:63: in __call__
    await wrap_app_handling_exceptions(self.app, conn)(scope, receive, send)
.venv\Lib\site-packages\starlette\_exception_handler.py:53: in wrapped_app
    raise exc
.venv\Lib\site-packages\starlette\_exception_handler.py:42: in wrapped_app
    await app(scope, receive, sender)
.venv\Lib\site-packages\fastapi\middleware\asyncexitstack.py:18: in __call__
    await self.app(scope, receive, send)
.venv\Lib\site-packages\starlette\routing.py:660: in __call__
    await self.middleware_stack(scope, receive, send)
.venv\Lib\site-packages\starlette\routing.py:680: in app
    await route.handle(scope, receive, send)
.venv\Lib\site-packages\starlette\routing.py:276: in handle
    await self.app(scope, receive, send)
.venv\Lib\site-packages\fastapi\routing.py:134: in app
    await wrap_app_handling_exceptions(app, request)(scope, receive, send)
.venv\Lib\site-packages\starlette\_exception_handler.py:53: in wrapped_app
    raise exc
.venv\Lib\site-packages\starlette\_exception_handler.py:42: in wrapped_app
    await app(scope, receive, sender)
.venv\Lib\site-packages\fastapi\routing.py:120: in app
    response = await f(request)
               ^^^^^^^^^^^^^^^^
.venv\Lib\site-packages\fastapi\routing.py:674: in app
    raw_response = await run_endpoint_function(
.venv\Lib\site-packages\fastapi\routing.py:328: in run_endpoint_function
    return await dependant.call(**values)
           ^^^^^^^^^^^^^^^^^^^^^^^^^^^^^^
app\routers\talleres.py:80: in listar_talleres
    result = await db.execute(text(query), params)
             ^^^^^^^^^^^^^^^^^^^^^^^^^^^^^^^^^^^^^
.venv\Lib\site-packages\sqlalchemy\ext\asyncio\session.py:449: in execute
    result = await greenlet_spawn(
.venv\Lib\site-packages\sqlalchemy\util\_concurrency_py3k.py:201: in greenlet_spawn
    result = context.throw(*sys.exc_info())
             ^^^^^^^^^^^^^^^^^^^^^^^^^^^^^^
.venv\Lib\site-packages\sqlalchemy\orm\session.py:2351: in execute
    return self._execute_internal(
.venv\Lib\site-packages\sqlalchemy\orm\session.py:2239: in _execute_internal
    conn = self._connection_for_bind(bind)
           ^^^^^^^^^^^^^^^^^^^^^^^^^^^^^^^
.venv\Lib\site-packages\sqlalchemy\orm\session.py:2108: in _connection_for_bind
    return trans._connection_for_bind(engine, execution_options)
           ^^^^^^^^^^^^^^^^^^^^^^^^^^^^^^^^^^^^^^^^^^^^^^^^^^^^^
<string>:2: in _connection_for_bind
    ???
.venv\Lib\site-packages\sqlalchemy\orm\state_changes.py:137: in _go
    ret_value = fn(self, *arg, **kw)
                ^^^^^^^^^^^^^^^^^^^^
.venv\Lib\site-packages\sqlalchemy\orm\session.py:1187: in _connection_for_bind
    conn = bind.connect()
           ^^^^^^^^^^^^^^
.venv\Lib\site-packages\sqlalchemy\engine\base.py:3293: in connect
    return self._connection_cls(self)
           ^^^^^^^^^^^^^^^^^^^^^^^^^^
.venv\Lib\site-packages\sqlalchemy\engine\base.py:143: in __init__
    self._dbapi_connection = engine.raw_connection()
                             ^^^^^^^^^^^^^^^^^^^^^^^
.venv\Lib\site-packages\sqlalchemy\engine\base.py:3317: in raw_connection
    return self.pool.connect()
           ^^^^^^^^^^^^^^^^^^^
.venv\Lib\site-packages\sqlalchemy\pool\base.py:448: in connect
    return _ConnectionFairy._checkout(self)
           ^^^^^^^^^^^^^^^^^^^^^^^^^^^^^^^^
.venv\Lib\site-packages\sqlalchemy\pool\base.py:1371: in _checkout
    with util.safe_reraise():
         ^^^^^^^^^^^^^^^^^^^
.venv\Lib\site-packages\sqlalchemy\util\langhelpers.py:121: in __exit__
    raise exc_value.with_traceback(exc_tb)
.venv\Lib\site-packages\sqlalchemy\pool\base.py:1309: in _checkout
    result = pool._dialect._do_ping_w_event(
.venv\Lib\site-packages\sqlalchemy\engine\default.py:729: in _do_ping_w_event
    return self.do_ping(dbapi_connection)
           ^^^^^^^^^^^^^^^^^^^^^^^^^^^^^^
.venv\Lib\site-packages\sqlalchemy\dialects\postgresql\asyncpg.py:1160: in do_ping
    dbapi_connection.ping()
.venv\Lib\site-packages\sqlalchemy\dialects\postgresql\asyncpg.py:818: in ping
    self._handle_exception(error)
.venv\Lib\site-packages\sqlalchemy\dialects\postgresql\asyncpg.py:799: in _handle_exception
    raise error
.venv\Lib\site-packages\sqlalchemy\dialects\postgresql\asyncpg.py:816: in ping
    _ = self.await_(self._async_ping())
        ^^^^^^^^^^^^^^^^^^^^^^^^^^^^^^^
.venv\Lib\site-packages\sqlalchemy\util\_concurrency_py3k.py:132: in await_only
    return current.parent.switch(awaitable)  # type: ignore[no-any-return,attr-defined] # noqa: E501
           ^^^^^^^^^^^^^^^^^^^^^^^^^^^^^^^^
.venv\Lib\site-packages\sqlalchemy\util\_concurrency_py3k.py:196: in greenlet_spawn
    value = await result
            ^^^^^^^^^^^^
.venv\Lib\site-packages\sqlalchemy\dialects\postgresql\asyncpg.py:825: in _async_ping
    await tr.start()
.venv\Lib\site-packages\asyncpg\transaction.py:146: in start
    await self._connection.execute(query)
.venv\Lib\site-packages\asyncpg\connection.py:354: in execute
    result = await self._protocol.query(query, timeout)
             ^^^^^^^^^^^^^^^^^^^^^^^^^^^^^^^^^^^^^^^^^^
asyncpg/protocol/protocol.pyx:369: in query
    ???
asyncpg/protocol/protocol.pyx:362: in asyncpg.protocol.protocol.BaseProtocol.query
    ???
asyncpg/protocol/coreproto.pyx:1174: in asyncpg.protocol.protocol.CoreProtocol._simple_query
    ???
asyncpg/protocol/protocol.pyx:956: in asyncpg.protocol.protocol.BaseProtocol._write
    ???
..\..\..\..\..\AppData\Local\Python\pythoncore-3.14-64\Lib\asyncio\sslproto.py:222: in write
    self._ssl_protocol._write_appdata((data,))
..\..\..\..\..\AppData\Local\Python\pythoncore-3.14-64\Lib\asyncio\sslproto.py:700: in _write_appdata
    self._fatal_error(ex, 'Fatal error on SSL protocol')
..\..\..\..\..\AppData\Local\Python\pythoncore-3.14-64\Lib\asyncio\sslproto.py:918: in _fatal_error
    self._transport._force_close(exc)
..\..\..\..\..\AppData\Local\Python\pythoncore-3.14-64\Lib\asyncio\proactor_events.py:152: in _force_close
    self._loop.call_soon(self._call_connection_lost, exc)
..\..\..\..\..\AppData\Local\Python\pythoncore-3.14-64\Lib\asyncio\base_events.py:827: in call_soon
    self._check_closed()
..\..\..\..\..\AppData\Local\Python\pythoncore-3.14-64\Lib\asyncio\base_events.py:550: in _check_closed
    raise RuntimeError('Event loop is closed')
E   RuntimeError: Event loop is closed
------------------------------ Captured log call ------------------------------
ERROR    sqlalchemy.pool.impl.AsyncAdaptedQueuePool:base.py:377 Exception terminating connection <AdaptedConnection <asyncpg.connection.Connection object at 0x0000020EE15688C0>>
Traceback (most recent call last):
  File "C:\Users\nmendoza\Documents\Visual_Works\Planificacion-Voluntarios\plani-app-back\plani-app-back\.venv\Lib\site-packages\sqlalchemy\pool\base.py", line 373, in _close_connection
    self._dialect.do_terminate(connection)
    ~~~~~~~~~~~~~~~~~~~~~~~~~~^^^^^^^^^^^^
  File "C:\Users\nmendoza\Documents\Visual_Works\Planificacion-Voluntarios\plani-app-back\plani-app-back\.venv\Lib\site-packages\sqlalchemy\dialects\postgresql\asyncpg.py", line 1127, in do_terminate
    dbapi_connection.terminate()
    ~~~~~~~~~~~~~~~~~~~~~~~~~~^^
  File "C:\Users\nmendoza\Documents\Visual_Works\Planificacion-Voluntarios\plani-app-back\plani-app-back\.venv\Lib\site-packages\sqlalchemy\connectors\asyncio.py", line 402, in terminate
    self.await_(asyncio.shield(self._terminate_graceful_close()))  # type: ignore[attr-defined] # noqa: E501
    ~~~~~~~~~~~^^^^^^^^^^^^^^^^^^^^^^^^^^^^^^^^^^^^^^^^^^^^^^^^^^
  File "C:\Users\nmendoza\Documents\Visual_Works\Planificacion-Voluntarios\plani-app-back\plani-app-back\.venv\Lib\site-packages\sqlalchemy\util\_concurrency_py3k.py", line 132, in await_only
    return current.parent.switch(awaitable)  # type: ignore[no-any-return,attr-defined] # noqa: E501
           ~~~~~~~~~~~~~~~~~~~~~^^^^^^^^^^^
  File "C:\Users\nmendoza\Documents\Visual_Works\Planificacion-Voluntarios\plani-app-back\plani-app-back\.venv\Lib\site-packages\sqlalchemy\util\_concurrency_py3k.py", line 196, in greenlet_spawn
    value = await result
            ^^^^^^^^^^^^
  File "C:\Users\nmendoza\Documents\Visual_Works\Planificacion-Voluntarios\plani-app-back\plani-app-back\.venv\Lib\site-packages\sqlalchemy\dialects\postgresql\asyncpg.py", line 912, in _terminate_graceful_close
    await self._connection.close(timeout=2)
  File "C:\Users\nmendoza\Documents\Visual_Works\Planificacion-Voluntarios\plani-app-back\plani-app-back\.venv\Lib\site-packages\asyncpg\connection.py", line 1513, in close
    await self._protocol.close(timeout)
  File "asyncpg/protocol/protocol.pyx", line 617, in close
  File "asyncpg/protocol/protocol.pyx", line 650, in asyncpg.protocol.protocol.BaseProtocol._request_cancel
  File "C:\Users\nmendoza\Documents\Visual_Works\Planificacion-Voluntarios\plani-app-back\plani-app-back\.venv\Lib\site-packages\asyncpg\connection.py", line 1682, in _cancel_current_command
    self._cancellations.add(self._loop.create_task(self._cancel(waiter)))
                            ~~~~~~~~~~~~~~~~~~~~~~^^^^^^^^^^^^^^^^^^^^^^
  File "C:\Users\nmendoza\AppData\Local\Python\pythoncore-3.14-64\Lib\asyncio\base_events.py", line 466, in create_task
    self._check_closed()
    ~~~~~~~~~~~~~~~~~~^^
  File "C:\Users\nmendoza\AppData\Local\Python\pythoncore-3.14-64\Lib\asyncio\base_events.py", line 550, in _check_closed
    raise RuntimeError('Event loop is closed')
RuntimeError: Event loop is closed
______________________ test_talleres_filter_programa_ef _______________________
..\..\..\..\..\AppData\Local\Python\pythoncore-3.14-64\Lib\asyncio\base_events.py:827: in call_soon
    self._check_closed()
..\..\..\..\..\AppData\Local\Python\pythoncore-3.14-64\Lib\asyncio\base_events.py:550: in _check_closed
    raise RuntimeError('Event loop is closed')
E   RuntimeError: Event loop is closed

During handling of the above exception, another exception occurred:
tests\test_talleres.py:53: in test_talleres_filter_programa_ef
    response = await client.get("/api/talleres", params={"programa": "EF"})
               ^^^^^^^^^^^^^^^^^^^^^^^^^^^^^^^^^^^^^^^^^^^^^^^^^^^^^^^^^^^^
.venv\Lib\site-packages\httpx\_client.py:1768: in get
    return await self.request(
.venv\Lib\site-packages\httpx\_client.py:1540: in request
    return await self.send(request, auth=auth, follow_redirects=follow_redirects)
           ^^^^^^^^^^^^^^^^^^^^^^^^^^^^^^^^^^^^^^^^^^^^^^^^^^^^^^^^^^^^^^^^^^^^^^
.venv\Lib\site-packages\httpx\_client.py:1629: in send
    response = await self._send_handling_auth(
.venv\Lib\site-packages\httpx\_client.py:1657: in _send_handling_auth
    response = await self._send_handling_redirects(
.venv\Lib\site-packages\httpx\_client.py:1694: in _send_handling_redirects
    response = await self._send_single_request(request)
               ^^^^^^^^^^^^^^^^^^^^^^^^^^^^^^^^^^^^^^^^
.venv\Lib\site-packages\httpx\_client.py:1730: in _send_single_request
    response = await transport.handle_async_request(request)
               ^^^^^^^^^^^^^^^^^^^^^^^^^^^^^^^^^^^^^^^^^^^^^
.venv\Lib\site-packages\httpx\_transports\asgi.py:170: in handle_async_request
    await self.app(scope, receive, send)
.venv\Lib\site-packages\fastapi\applications.py:1163: in __call__
    await super().__call__(scope, receive, send)
.venv\Lib\site-packages\starlette\applications.py:90: in __call__
    await self.middleware_stack(scope, receive, send)
.venv\Lib\site-packages\starlette\middleware\errors.py:186: in __call__
    raise exc
.venv\Lib\site-packages\starlette\middleware\errors.py:164: in __call__
    await self.app(scope, receive, _send)
.venv\Lib\site-packages\starlette\middleware\cors.py:88: in __call__
    await self.app(scope, receive, send)
.venv\Lib\site-packages\starlette\middleware\exceptions.py:63: in __call__
    await wrap_app_handling_exceptions(self.app, conn)(scope, receive, send)
.venv\Lib\site-packages\starlette\_exception_handler.py:53: in wrapped_app
    raise exc
.venv\Lib\site-packages\starlette\_exception_handler.py:42: in wrapped_app
    await app(scope, receive, sender)
.venv\Lib\site-packages\fastapi\middleware\asyncexitstack.py:18: in __call__
    await self.app(scope, receive, send)
.venv\Lib\site-packages\starlette\routing.py:660: in __call__
    await self.middleware_stack(scope, receive, send)
.venv\Lib\site-packages\starlette\routing.py:680: in app
    await route.handle(scope, receive, send)
.venv\Lib\site-packages\starlette\routing.py:276: in handle
    await self.app(scope, receive, send)
.venv\Lib\site-packages\fastapi\routing.py:134: in app
    await wrap_app_handling_exceptions(app, request)(scope, receive, send)
.venv\Lib\site-packages\starlette\_exception_handler.py:53: in wrapped_app
    raise exc
.venv\Lib\site-packages\starlette\_exception_handler.py:42: in wrapped_app
    await app(scope, receive, sender)
.venv\Lib\site-packages\fastapi\routing.py:120: in app
    response = await f(request)
               ^^^^^^^^^^^^^^^^
.venv\Lib\site-packages\fastapi\routing.py:674: in app
    raw_response = await run_endpoint_function(
.venv\Lib\site-packages\fastapi\routing.py:328: in run_endpoint_function
    return await dependant.call(**values)
           ^^^^^^^^^^^^^^^^^^^^^^^^^^^^^^
app\routers\talleres.py:80: in listar_talleres
    result = await db.execute(text(query), params)
             ^^^^^^^^^^^^^^^^^^^^^^^^^^^^^^^^^^^^^
.venv\Lib\site-packages\sqlalchemy\ext\asyncio\session.py:449: in execute
    result = await greenlet_spawn(
.venv\Lib\site-packages\sqlalchemy\util\_concurrency_py3k.py:201: in greenlet_spawn
    result = context.throw(*sys.exc_info())
             ^^^^^^^^^^^^^^^^^^^^^^^^^^^^^^
.venv\Lib\site-packages\sqlalchemy\orm\session.py:2351: in execute
    return self._execute_internal(
.venv\Lib\site-packages\sqlalchemy\orm\session.py:2239: in _execute_internal
    conn = self._connection_for_bind(bind)
           ^^^^^^^^^^^^^^^^^^^^^^^^^^^^^^^
.venv\Lib\site-packages\sqlalchemy\orm\session.py:2108: in _connection_for_bind
    return trans._connection_for_bind(engine, execution_options)
           ^^^^^^^^^^^^^^^^^^^^^^^^^^^^^^^^^^^^^^^^^^^^^^^^^^^^^
<string>:2: in _connection_for_bind
    ???
.venv\Lib\site-packages\sqlalchemy\orm\state_changes.py:137: in _go
    ret_value = fn(self, *arg, **kw)
                ^^^^^^^^^^^^^^^^^^^^
.venv\Lib\site-packages\sqlalchemy\orm\session.py:1187: in _connection_for_bind
    conn = bind.connect()
           ^^^^^^^^^^^^^^
.venv\Lib\site-packages\sqlalchemy\engine\base.py:3293: in connect
    return self._connection_cls(self)
           ^^^^^^^^^^^^^^^^^^^^^^^^^^
.venv\Lib\site-packages\sqlalchemy\engine\base.py:143: in __init__
    self._dbapi_connection = engine.raw_connection()
                             ^^^^^^^^^^^^^^^^^^^^^^^
.venv\Lib\site-packages\sqlalchemy\engine\base.py:3317: in raw_connection
    return self.pool.connect()
           ^^^^^^^^^^^^^^^^^^^
.venv\Lib\site-packages\sqlalchemy\pool\base.py:448: in connect
    return _ConnectionFairy._checkout(self)
           ^^^^^^^^^^^^^^^^^^^^^^^^^^^^^^^^
.venv\Lib\site-packages\sqlalchemy\pool\base.py:1371: in _checkout
    with util.safe_reraise():
         ^^^^^^^^^^^^^^^^^^^
.venv\Lib\site-packages\sqlalchemy\util\langhelpers.py:121: in __exit__
    raise exc_value.with_traceback(exc_tb)
.venv\Lib\site-packages\sqlalchemy\pool\base.py:1309: in _checkout
    result = pool._dialect._do_ping_w_event(
.venv\Lib\site-packages\sqlalchemy\engine\default.py:729: in _do_ping_w_event
    return self.do_ping(dbapi_connection)
           ^^^^^^^^^^^^^^^^^^^^^^^^^^^^^^
.venv\Lib\site-packages\sqlalchemy\dialects\postgresql\asyncpg.py:1160: in do_ping
    dbapi_connection.ping()
.venv\Lib\site-packages\sqlalchemy\dialects\postgresql\asyncpg.py:818: in ping
    self._handle_exception(error)
.venv\Lib\site-packages\sqlalchemy\dialects\postgresql\asyncpg.py:799: in _handle_exception
    raise error
.venv\Lib\site-packages\sqlalchemy\dialects\postgresql\asyncpg.py:816: in ping
    _ = self.await_(self._async_ping())
        ^^^^^^^^^^^^^^^^^^^^^^^^^^^^^^^
.venv\Lib\site-packages\sqlalchemy\util\_concurrency_py3k.py:132: in await_only
    return current.parent.switch(awaitable)  # type: ignore[no-any-return,attr-defined] # noqa: E501
           ^^^^^^^^^^^^^^^^^^^^^^^^^^^^^^^^
.venv\Lib\site-packages\sqlalchemy\util\_concurrency_py3k.py:196: in greenlet_spawn
    value = await result
            ^^^^^^^^^^^^
.venv\Lib\site-packages\sqlalchemy\dialects\postgresql\asyncpg.py:825: in _async_ping
    await tr.start()
.venv\Lib\site-packages\asyncpg\transaction.py:146: in start
    await self._connection.execute(query)
.venv\Lib\site-packages\asyncpg\connection.py:354: in execute
    result = await self._protocol.query(query, timeout)
             ^^^^^^^^^^^^^^^^^^^^^^^^^^^^^^^^^^^^^^^^^^
asyncpg/protocol/protocol.pyx:369: in query
    ???
asyncpg/protocol/protocol.pyx:362: in asyncpg.protocol.protocol.BaseProtocol.query
    ???
asyncpg/protocol/coreproto.pyx:1174: in asyncpg.protocol.protocol.CoreProtocol._simple_query
    ???
asyncpg/protocol/protocol.pyx:956: in asyncpg.protocol.protocol.BaseProtocol._write
    ???
..\..\..\..\..\AppData\Local\Python\pythoncore-3.14-64\Lib\asyncio\sslproto.py:222: in write
    self._ssl_protocol._write_appdata((data,))
..\..\..\..\..\AppData\Local\Python\pythoncore-3.14-64\Lib\asyncio\sslproto.py:700: in _write_appdata
    self._fatal_error(ex, 'Fatal error on SSL protocol')
..\..\..\..\..\AppData\Local\Python\pythoncore-3.14-64\Lib\asyncio\sslproto.py:918: in _fatal_error
    self._transport._force_close(exc)
..\..\..\..\..\AppData\Local\Python\pythoncore-3.14-64\Lib\asyncio\proactor_events.py:152: in _force_close
    self._loop.call_soon(self._call_connection_lost, exc)
..\..\..\..\..\AppData\Local\Python\pythoncore-3.14-64\Lib\asyncio\base_events.py:827: in call_soon
    self._check_closed()
..\..\..\..\..\AppData\Local\Python\pythoncore-3.14-64\Lib\asyncio\base_events.py:550: in _check_closed
    raise RuntimeError('Event loop is closed')
E   RuntimeError: Event loop is closed
------------------------------ Captured log call ------------------------------
ERROR    sqlalchemy.pool.impl.AsyncAdaptedQueuePool:base.py:377 Exception terminating connection <AdaptedConnection <asyncpg.connection.Connection object at 0x0000020EE156A4E0>>
Traceback (most recent call last):
  File "C:\Users\nmendoza\Documents\Visual_Works\Planificacion-Voluntarios\plani-app-back\plani-app-back\.venv\Lib\site-packages\sqlalchemy\pool\base.py", line 373, in _close_connection
    self._dialect.do_terminate(connection)
    ~~~~~~~~~~~~~~~~~~~~~~~~~~^^^^^^^^^^^^
  File "C:\Users\nmendoza\Documents\Visual_Works\Planificacion-Voluntarios\plani-app-back\plani-app-back\.venv\Lib\site-packages\sqlalchemy\dialects\postgresql\asyncpg.py", line 1127, in do_terminate
    dbapi_connection.terminate()
    ~~~~~~~~~~~~~~~~~~~~~~~~~~^^
  File "C:\Users\nmendoza\Documents\Visual_Works\Planificacion-Voluntarios\plani-app-back\plani-app-back\.venv\Lib\site-packages\sqlalchemy\connectors\asyncio.py", line 402, in terminate
    self.await_(asyncio.shield(self._terminate_graceful_close()))  # type: ignore[attr-defined] # noqa: E501
    ~~~~~~~~~~~^^^^^^^^^^^^^^^^^^^^^^^^^^^^^^^^^^^^^^^^^^^^^^^^^^
  File "C:\Users\nmendoza\Documents\Visual_Works\Planificacion-Voluntarios\plani-app-back\plani-app-back\.venv\Lib\site-packages\sqlalchemy\util\_concurrency_py3k.py", line 132, in await_only
    return current.parent.switch(awaitable)  # type: ignore[no-any-return,attr-defined] # noqa: E501
           ~~~~~~~~~~~~~~~~~~~~~^^^^^^^^^^^
  File "C:\Users\nmendoza\Documents\Visual_Works\Planificacion-Voluntarios\plani-app-back\plani-app-back\.venv\Lib\site-packages\sqlalchemy\util\_concurrency_py3k.py", line 196, in greenlet_spawn
    value = await result
            ^^^^^^^^^^^^
  File "C:\Users\nmendoza\Documents\Visual_Works\Planificacion-Voluntarios\plani-app-back\plani-app-back\.venv\Lib\site-packages\sqlalchemy\dialects\postgresql\asyncpg.py", line 912, in _terminate_graceful_close
    await self._connection.close(timeout=2)
  File "C:\Users\nmendoza\Documents\Visual_Works\Planificacion-Voluntarios\plani-app-back\plani-app-back\.venv\Lib\site-packages\asyncpg\connection.py", line 1513, in close
    await self._protocol.close(timeout)
  File "asyncpg/protocol/protocol.pyx", line 617, in close
  File "asyncpg/protocol/protocol.pyx", line 650, in asyncpg.protocol.protocol.BaseProtocol._request_cancel
  File "C:\Users\nmendoza\Documents\Visual_Works\Planificacion-Voluntarios\plani-app-back\plani-app-back\.venv\Lib\site-packages\asyncpg\connection.py", line 1682, in _cancel_current_command
    self._cancellations.add(self._loop.create_task(self._cancel(waiter)))
                            ~~~~~~~~~~~~~~~~~~~~~~^^^^^^^^^^^^^^^^^^^^^^
  File "C:\Users\nmendoza\AppData\Local\Python\pythoncore-3.14-64\Lib\asyncio\base_events.py", line 466, in create_task
    self._check_closed()
    ~~~~~~~~~~~~~~~~~~^^
  File "C:\Users\nmendoza\AppData\Local\Python\pythoncore-3.14-64\Lib\asyncio\base_events.py", line 550, in _check_closed
    raise RuntimeError('Event loop is closed')
RuntimeError: Event loop is closed
______________________ test_talleres_filter_programa_it _______________________
..\..\..\..\..\AppData\Local\Python\pythoncore-3.14-64\Lib\asyncio\base_events.py:827: in call_soon
    self._check_closed()
..\..\..\..\..\AppData\Local\Python\pythoncore-3.14-64\Lib\asyncio\base_events.py:550: in _check_closed
    raise RuntimeError('Event loop is closed')
E   RuntimeError: Event loop is closed

During handling of the above exception, another exception occurred:
tests\test_talleres.py:64: in test_talleres_filter_programa_it
    response = await client.get("/api/talleres", params={"programa": "IT"})
               ^^^^^^^^^^^^^^^^^^^^^^^^^^^^^^^^^^^^^^^^^^^^^^^^^^^^^^^^^^^^
.venv\Lib\site-packages\httpx\_client.py:1768: in get
    return await self.request(
.venv\Lib\site-packages\httpx\_client.py:1540: in request
    return await self.send(request, auth=auth, follow_redirects=follow_redirects)
           ^^^^^^^^^^^^^^^^^^^^^^^^^^^^^^^^^^^^^^^^^^^^^^^^^^^^^^^^^^^^^^^^^^^^^^
.venv\Lib\site-packages\httpx\_client.py:1629: in send
    response = await self._send_handling_auth(
.venv\Lib\site-packages\httpx\_client.py:1657: in _send_handling_auth
    response = await self._send_handling_redirects(
.venv\Lib\site-packages\httpx\_client.py:1694: in _send_handling_redirects
    response = await self._send_single_request(request)
               ^^^^^^^^^^^^^^^^^^^^^^^^^^^^^^^^^^^^^^^^
.venv\Lib\site-packages\httpx\_client.py:1730: in _send_single_request
    response = await transport.handle_async_request(request)
               ^^^^^^^^^^^^^^^^^^^^^^^^^^^^^^^^^^^^^^^^^^^^^
.venv\Lib\site-packages\httpx\_transports\asgi.py:170: in handle_async_request
    await self.app(scope, receive, send)
.venv\Lib\site-packages\fastapi\applications.py:1163: in __call__
    await super().__call__(scope, receive, send)
.venv\Lib\site-packages\starlette\applications.py:90: in __call__
    await self.middleware_stack(scope, receive, send)
.venv\Lib\site-packages\starlette\middleware\errors.py:186: in __call__
    raise exc
.venv\Lib\site-packages\starlette\middleware\errors.py:164: in __call__
    await self.app(scope, receive, _send)
.venv\Lib\site-packages\starlette\middleware\cors.py:88: in __call__
    await self.app(scope, receive, send)
.venv\Lib\site-packages\starlette\middleware\exceptions.py:63: in __call__
    await wrap_app_handling_exceptions(self.app, conn)(scope, receive, send)
.venv\Lib\site-packages\starlette\_exception_handler.py:53: in wrapped_app
    raise exc
.venv\Lib\site-packages\starlette\_exception_handler.py:42: in wrapped_app
    await app(scope, receive, sender)
.venv\Lib\site-packages\fastapi\middleware\asyncexitstack.py:18: in __call__
    await self.app(scope, receive, send)
.venv\Lib\site-packages\starlette\routing.py:660: in __call__
    await self.middleware_stack(scope, receive, send)
.venv\Lib\site-packages\starlette\routing.py:680: in app
    await route.handle(scope, receive, send)
.venv\Lib\site-packages\starlette\routing.py:276: in handle
    await self.app(scope, receive, send)
.venv\Lib\site-packages\fastapi\routing.py:134: in app
    await wrap_app_handling_exceptions(app, request)(scope, receive, send)
.venv\Lib\site-packages\starlette\_exception_handler.py:53: in wrapped_app
    raise exc
.venv\Lib\site-packages\starlette\_exception_handler.py:42: in wrapped_app
    await app(scope, receive, sender)
.venv\Lib\site-packages\fastapi\routing.py:120: in app
    response = await f(request)
               ^^^^^^^^^^^^^^^^
.venv\Lib\site-packages\fastapi\routing.py:674: in app
    raw_response = await run_endpoint_function(
.venv\Lib\site-packages\fastapi\routing.py:328: in run_endpoint_function
    return await dependant.call(**values)
           ^^^^^^^^^^^^^^^^^^^^^^^^^^^^^^
app\routers\talleres.py:80: in listar_talleres
    result = await db.execute(text(query), params)
             ^^^^^^^^^^^^^^^^^^^^^^^^^^^^^^^^^^^^^
.venv\Lib\site-packages\sqlalchemy\ext\asyncio\session.py:449: in execute
    result = await greenlet_spawn(
.venv\Lib\site-packages\sqlalchemy\util\_concurrency_py3k.py:201: in greenlet_spawn
    result = context.throw(*sys.exc_info())
             ^^^^^^^^^^^^^^^^^^^^^^^^^^^^^^
.venv\Lib\site-packages\sqlalchemy\orm\session.py:2351: in execute
    return self._execute_internal(
.venv\Lib\site-packages\sqlalchemy\orm\session.py:2239: in _execute_internal
    conn = self._connection_for_bind(bind)
           ^^^^^^^^^^^^^^^^^^^^^^^^^^^^^^^
.venv\Lib\site-packages\sqlalchemy\orm\session.py:2108: in _connection_for_bind
    return trans._connection_for_bind(engine, execution_options)
           ^^^^^^^^^^^^^^^^^^^^^^^^^^^^^^^^^^^^^^^^^^^^^^^^^^^^^
<string>:2: in _connection_for_bind
    ???
.venv\Lib\site-packages\sqlalchemy\orm\state_changes.py:137: in _go
    ret_value = fn(self, *arg, **kw)
                ^^^^^^^^^^^^^^^^^^^^
.venv\Lib\site-packages\sqlalchemy\orm\session.py:1187: in _connection_for_bind
    conn = bind.connect()
           ^^^^^^^^^^^^^^
.venv\Lib\site-packages\sqlalchemy\engine\base.py:3293: in connect
    return self._connection_cls(self)
           ^^^^^^^^^^^^^^^^^^^^^^^^^^
.venv\Lib\site-packages\sqlalchemy\engine\base.py:143: in __init__
    self._dbapi_connection = engine.raw_connection()
                             ^^^^^^^^^^^^^^^^^^^^^^^
.venv\Lib\site-packages\sqlalchemy\engine\base.py:3317: in raw_connection
    return self.pool.connect()
           ^^^^^^^^^^^^^^^^^^^
.venv\Lib\site-packages\sqlalchemy\pool\base.py:448: in connect
    return _ConnectionFairy._checkout(self)
           ^^^^^^^^^^^^^^^^^^^^^^^^^^^^^^^^
.venv\Lib\site-packages\sqlalchemy\pool\base.py:1371: in _checkout
    with util.safe_reraise():
         ^^^^^^^^^^^^^^^^^^^
.venv\Lib\site-packages\sqlalchemy\util\langhelpers.py:121: in __exit__
    raise exc_value.with_traceback(exc_tb)
.venv\Lib\site-packages\sqlalchemy\pool\base.py:1309: in _checkout
    result = pool._dialect._do_ping_w_event(
.venv\Lib\site-packages\sqlalchemy\engine\default.py:729: in _do_ping_w_event
    return self.do_ping(dbapi_connection)
           ^^^^^^^^^^^^^^^^^^^^^^^^^^^^^^
.venv\Lib\site-packages\sqlalchemy\dialects\postgresql\asyncpg.py:1160: in do_ping
    dbapi_connection.ping()
.venv\Lib\site-packages\sqlalchemy\dialects\postgresql\asyncpg.py:818: in ping
    self._handle_exception(error)
.venv\Lib\site-packages\sqlalchemy\dialects\postgresql\asyncpg.py:799: in _handle_exception
    raise error
.venv\Lib\site-packages\sqlalchemy\dialects\postgresql\asyncpg.py:816: in ping
    _ = self.await_(self._async_ping())
        ^^^^^^^^^^^^^^^^^^^^^^^^^^^^^^^
.venv\Lib\site-packages\sqlalchemy\util\_concurrency_py3k.py:132: in await_only
    return current.parent.switch(awaitable)  # type: ignore[no-any-return,attr-defined] # noqa: E501
           ^^^^^^^^^^^^^^^^^^^^^^^^^^^^^^^^
.venv\Lib\site-packages\sqlalchemy\util\_concurrency_py3k.py:196: in greenlet_spawn
    value = await result
            ^^^^^^^^^^^^
.venv\Lib\site-packages\sqlalchemy\dialects\postgresql\asyncpg.py:825: in _async_ping
    await tr.start()
.venv\Lib\site-packages\asyncpg\transaction.py:146: in start
    await self._connection.execute(query)
.venv\Lib\site-packages\asyncpg\connection.py:354: in execute
    result = await self._protocol.query(query, timeout)
             ^^^^^^^^^^^^^^^^^^^^^^^^^^^^^^^^^^^^^^^^^^
asyncpg/protocol/protocol.pyx:369: in query
    ???
asyncpg/protocol/protocol.pyx:362: in asyncpg.protocol.protocol.BaseProtocol.query
    ???
asyncpg/protocol/coreproto.pyx:1174: in asyncpg.protocol.protocol.CoreProtocol._simple_query
    ???
asyncpg/protocol/protocol.pyx:956: in asyncpg.protocol.protocol.BaseProtocol._write
    ???
..\..\..\..\..\AppData\Local\Python\pythoncore-3.14-64\Lib\asyncio\sslproto.py:222: in write
    self._ssl_protocol._write_appdata((data,))
..\..\..\..\..\AppData\Local\Python\pythoncore-3.14-64\Lib\asyncio\sslproto.py:700: in _write_appdata
    self._fatal_error(ex, 'Fatal error on SSL protocol')
..\..\..\..\..\AppData\Local\Python\pythoncore-3.14-64\Lib\asyncio\sslproto.py:918: in _fatal_error
    self._transport._force_close(exc)
..\..\..\..\..\AppData\Local\Python\pythoncore-3.14-64\Lib\asyncio\proactor_events.py:152: in _force_close
    self._loop.call_soon(self._call_connection_lost, exc)
..\..\..\..\..\AppData\Local\Python\pythoncore-3.14-64\Lib\asyncio\base_events.py:827: in call_soon
    self._check_closed()
..\..\..\..\..\AppData\Local\Python\pythoncore-3.14-64\Lib\asyncio\base_events.py:550: in _check_closed
    raise RuntimeError('Event loop is closed')
E   RuntimeError: Event loop is closed
------------------------------ Captured log call ------------------------------
ERROR    sqlalchemy.pool.impl.AsyncAdaptedQueuePool:base.py:377 Exception terminating connection <AdaptedConnection <asyncpg.connection.Connection object at 0x0000020EE1533980>>
Traceback (most recent call last):
  File "C:\Users\nmendoza\Documents\Visual_Works\Planificacion-Voluntarios\plani-app-back\plani-app-back\.venv\Lib\site-packages\sqlalchemy\pool\base.py", line 373, in _close_connection
    self._dialect.do_terminate(connection)
    ~~~~~~~~~~~~~~~~~~~~~~~~~~^^^^^^^^^^^^
  File "C:\Users\nmendoza\Documents\Visual_Works\Planificacion-Voluntarios\plani-app-back\plani-app-back\.venv\Lib\site-packages\sqlalchemy\dialects\postgresql\asyncpg.py", line 1127, in do_terminate
    dbapi_connection.terminate()
    ~~~~~~~~~~~~~~~~~~~~~~~~~~^^
  File "C:\Users\nmendoza\Documents\Visual_Works\Planificacion-Voluntarios\plani-app-back\plani-app-back\.venv\Lib\site-packages\sqlalchemy\connectors\asyncio.py", line 402, in terminate
    self.await_(asyncio.shield(self._terminate_graceful_close()))  # type: ignore[attr-defined] # noqa: E501
    ~~~~~~~~~~~^^^^^^^^^^^^^^^^^^^^^^^^^^^^^^^^^^^^^^^^^^^^^^^^^^
  File "C:\Users\nmendoza\Documents\Visual_Works\Planificacion-Voluntarios\plani-app-back\plani-app-back\.venv\Lib\site-packages\sqlalchemy\util\_concurrency_py3k.py", line 132, in await_only
    return current.parent.switch(awaitable)  # type: ignore[no-any-return,attr-defined] # noqa: E501
           ~~~~~~~~~~~~~~~~~~~~~^^^^^^^^^^^
  File "C:\Users\nmendoza\Documents\Visual_Works\Planificacion-Voluntarios\plani-app-back\plani-app-back\.venv\Lib\site-packages\sqlalchemy\util\_concurrency_py3k.py", line 196, in greenlet_spawn
    value = await result
            ^^^^^^^^^^^^
  File "C:\Users\nmendoza\Documents\Visual_Works\Planificacion-Voluntarios\plani-app-back\plani-app-back\.venv\Lib\site-packages\sqlalchemy\dialects\postgresql\asyncpg.py", line 912, in _terminate_graceful_close
    await self._connection.close(timeout=2)
  File "C:\Users\nmendoza\Documents\Visual_Works\Planificacion-Voluntarios\plani-app-back\plani-app-back\.venv\Lib\site-packages\asyncpg\connection.py", line 1513, in close
    await self._protocol.close(timeout)
  File "asyncpg/protocol/protocol.pyx", line 617, in close
  File "asyncpg/protocol/protocol.pyx", line 650, in asyncpg.protocol.protocol.BaseProtocol._request_cancel
  File "C:\Users\nmendoza\Documents\Visual_Works\Planificacion-Voluntarios\plani-app-back\plani-app-back\.venv\Lib\site-packages\asyncpg\connection.py", line 1682, in _cancel_current_command
    self._cancellations.add(self._loop.create_task(self._cancel(waiter)))
                            ~~~~~~~~~~~~~~~~~~~~~~^^^^^^^^^^^^^^^^^^^^^^
  File "C:\Users\nmendoza\AppData\Local\Python\pythoncore-3.14-64\Lib\asyncio\base_events.py", line 466, in create_task
    self._check_closed()
    ~~~~~~~~~~~~~~~~~~^^
  File "C:\Users\nmendoza\AppData\Local\Python\pythoncore-3.14-64\Lib\asyncio\base_events.py", line 550, in _check_closed
    raise RuntimeError('Event loop is closed')
RuntimeError: Event loop is closed
_______________________ test_talleres_dias_distribucion _______________________
..\..\..\..\..\AppData\Local\Python\pythoncore-3.14-64\Lib\asyncio\base_events.py:827: in call_soon
    self._check_closed()
..\..\..\..\..\AppData\Local\Python\pythoncore-3.14-64\Lib\asyncio\base_events.py:550: in _check_closed
    raise RuntimeError('Event loop is closed')
E   RuntimeError: Event loop is closed

During handling of the above exception, another exception occurred:
tests\test_talleres.py:75: in test_talleres_dias_distribucion
    response = await client.get("/api/talleres")
               ^^^^^^^^^^^^^^^^^^^^^^^^^^^^^^^^^
.venv\Lib\site-packages\httpx\_client.py:1768: in get
    return await self.request(
.venv\Lib\site-packages\httpx\_client.py:1540: in request
    return await self.send(request, auth=auth, follow_redirects=follow_redirects)
           ^^^^^^^^^^^^^^^^^^^^^^^^^^^^^^^^^^^^^^^^^^^^^^^^^^^^^^^^^^^^^^^^^^^^^^
.venv\Lib\site-packages\httpx\_client.py:1629: in send
    response = await self._send_handling_auth(
.venv\Lib\site-packages\httpx\_client.py:1657: in _send_handling_auth
    response = await self._send_handling_redirects(
.venv\Lib\site-packages\httpx\_client.py:1694: in _send_handling_redirects
    response = await self._send_single_request(request)
               ^^^^^^^^^^^^^^^^^^^^^^^^^^^^^^^^^^^^^^^^
.venv\Lib\site-packages\httpx\_client.py:1730: in _send_single_request
    response = await transport.handle_async_request(request)
               ^^^^^^^^^^^^^^^^^^^^^^^^^^^^^^^^^^^^^^^^^^^^^
.venv\Lib\site-packages\httpx\_transports\asgi.py:170: in handle_async_request
    await self.app(scope, receive, send)
.venv\Lib\site-packages\fastapi\applications.py:1163: in __call__
    await super().__call__(scope, receive, send)
.venv\Lib\site-packages\starlette\applications.py:90: in __call__
    await self.middleware_stack(scope, receive, send)
.venv\Lib\site-packages\starlette\middleware\errors.py:186: in __call__
    raise exc
.venv\Lib\site-packages\starlette\middleware\errors.py:164: in __call__
    await self.app(scope, receive, _send)
.venv\Lib\site-packages\starlette\middleware\cors.py:88: in __call__
    await self.app(scope, receive, send)
.venv\Lib\site-packages\starlette\middleware\exceptions.py:63: in __call__
    await wrap_app_handling_exceptions(self.app, conn)(scope, receive, send)
.venv\Lib\site-packages\starlette\_exception_handler.py:53: in wrapped_app
    raise exc
.venv\Lib\site-packages\starlette\_exception_handler.py:42: in wrapped_app
    await app(scope, receive, sender)
.venv\Lib\site-packages\fastapi\middleware\asyncexitstack.py:18: in __call__
    await self.app(scope, receive, send)
.venv\Lib\site-packages\starlette\routing.py:660: in __call__
    await self.middleware_stack(scope, receive, send)
.venv\Lib\site-packages\starlette\routing.py:680: in app
    await route.handle(scope, receive, send)
.venv\Lib\site-packages\starlette\routing.py:276: in handle
    await self.app(scope, receive, send)
.venv\Lib\site-packages\fastapi\routing.py:134: in app
    await wrap_app_handling_exceptions(app, request)(scope, receive, send)
.venv\Lib\site-packages\starlette\_exception_handler.py:53: in wrapped_app
    raise exc
.venv\Lib\site-packages\starlette\_exception_handler.py:42: in wrapped_app
    await app(scope, receive, sender)
.venv\Lib\site-packages\fastapi\routing.py:120: in app
    response = await f(request)
               ^^^^^^^^^^^^^^^^
.venv\Lib\site-packages\fastapi\routing.py:674: in app
    raw_response = await run_endpoint_function(
.venv\Lib\site-packages\fastapi\routing.py:328: in run_endpoint_function
    return await dependant.call(**values)
           ^^^^^^^^^^^^^^^^^^^^^^^^^^^^^^
app\routers\talleres.py:80: in listar_talleres
    result = await db.execute(text(query), params)
             ^^^^^^^^^^^^^^^^^^^^^^^^^^^^^^^^^^^^^
.venv\Lib\site-packages\sqlalchemy\ext\asyncio\session.py:449: in execute
    result = await greenlet_spawn(
.venv\Lib\site-packages\sqlalchemy\util\_concurrency_py3k.py:201: in greenlet_spawn
    result = context.throw(*sys.exc_info())
             ^^^^^^^^^^^^^^^^^^^^^^^^^^^^^^
.venv\Lib\site-packages\sqlalchemy\orm\session.py:2351: in execute
    return self._execute_internal(
.venv\Lib\site-packages\sqlalchemy\orm\session.py:2239: in _execute_internal
    conn = self._connection_for_bind(bind)
           ^^^^^^^^^^^^^^^^^^^^^^^^^^^^^^^
.venv\Lib\site-packages\sqlalchemy\orm\session.py:2108: in _connection_for_bind
    return trans._connection_for_bind(engine, execution_options)
           ^^^^^^^^^^^^^^^^^^^^^^^^^^^^^^^^^^^^^^^^^^^^^^^^^^^^^
<string>:2: in _connection_for_bind
    ???
.venv\Lib\site-packages\sqlalchemy\orm\state_changes.py:137: in _go
    ret_value = fn(self, *arg, **kw)
                ^^^^^^^^^^^^^^^^^^^^
.venv\Lib\site-packages\sqlalchemy\orm\session.py:1187: in _connection_for_bind
    conn = bind.connect()
           ^^^^^^^^^^^^^^
.venv\Lib\site-packages\sqlalchemy\engine\base.py:3293: in connect
    return self._connection_cls(self)
           ^^^^^^^^^^^^^^^^^^^^^^^^^^
.venv\Lib\site-packages\sqlalchemy\engine\base.py:143: in __init__
    self._dbapi_connection = engine.raw_connection()
                             ^^^^^^^^^^^^^^^^^^^^^^^
.venv\Lib\site-packages\sqlalchemy\engine\base.py:3317: in raw_connection
    return self.pool.connect()
           ^^^^^^^^^^^^^^^^^^^
.venv\Lib\site-packages\sqlalchemy\pool\base.py:448: in connect
    return _ConnectionFairy._checkout(self)
           ^^^^^^^^^^^^^^^^^^^^^^^^^^^^^^^^
.venv\Lib\site-packages\sqlalchemy\pool\base.py:1371: in _checkout
    with util.safe_reraise():
         ^^^^^^^^^^^^^^^^^^^
.venv\Lib\site-packages\sqlalchemy\util\langhelpers.py:121: in __exit__
    raise exc_value.with_traceback(exc_tb)
.venv\Lib\site-packages\sqlalchemy\pool\base.py:1309: in _checkout
    result = pool._dialect._do_ping_w_event(
.venv\Lib\site-packages\sqlalchemy\engine\default.py:729: in _do_ping_w_event
    return self.do_ping(dbapi_connection)
           ^^^^^^^^^^^^^^^^^^^^^^^^^^^^^^
.venv\Lib\site-packages\sqlalchemy\dialects\postgresql\asyncpg.py:1160: in do_ping
    dbapi_connection.ping()
.venv\Lib\site-packages\sqlalchemy\dialects\postgresql\asyncpg.py:818: in ping
    self._handle_exception(error)
.venv\Lib\site-packages\sqlalchemy\dialects\postgresql\asyncpg.py:799: in _handle_exception
    raise error
.venv\Lib\site-packages\sqlalchemy\dialects\postgresql\asyncpg.py:816: in ping
    _ = self.await_(self._async_ping())
        ^^^^^^^^^^^^^^^^^^^^^^^^^^^^^^^
.venv\Lib\site-packages\sqlalchemy\util\_concurrency_py3k.py:132: in await_only
    return current.parent.switch(awaitable)  # type: ignore[no-any-return,attr-defined] # noqa: E501
           ^^^^^^^^^^^^^^^^^^^^^^^^^^^^^^^^
.venv\Lib\site-packages\sqlalchemy\util\_concurrency_py3k.py:196: in greenlet_spawn
    value = await result
            ^^^^^^^^^^^^
.venv\Lib\site-packages\sqlalchemy\dialects\postgresql\asyncpg.py:825: in _async_ping
    await tr.start()
.venv\Lib\site-packages\asyncpg\transaction.py:146: in start
    await self._connection.execute(query)
.venv\Lib\site-packages\asyncpg\connection.py:354: in execute
    result = await self._protocol.query(query, timeout)
             ^^^^^^^^^^^^^^^^^^^^^^^^^^^^^^^^^^^^^^^^^^
asyncpg/protocol/protocol.pyx:369: in query
    ???
asyncpg/protocol/protocol.pyx:362: in asyncpg.protocol.protocol.BaseProtocol.query
    ???
asyncpg/protocol/coreproto.pyx:1174: in asyncpg.protocol.protocol.CoreProtocol._simple_query
    ???
asyncpg/protocol/protocol.pyx:956: in asyncpg.protocol.protocol.BaseProtocol._write
    ???
..\..\..\..\..\AppData\Local\Python\pythoncore-3.14-64\Lib\asyncio\sslproto.py:222: in write
    self._ssl_protocol._write_appdata((data,))
..\..\..\..\..\AppData\Local\Python\pythoncore-3.14-64\Lib\asyncio\sslproto.py:700: in _write_appdata
    self._fatal_error(ex, 'Fatal error on SSL protocol')
..\..\..\..\..\AppData\Local\Python\pythoncore-3.14-64\Lib\asyncio\sslproto.py:918: in _fatal_error
    self._transport._force_close(exc)
..\..\..\..\..\AppData\Local\Python\pythoncore-3.14-64\Lib\asyncio\proactor_events.py:152: in _force_close
    self._loop.call_soon(self._call_connection_lost, exc)
..\..\..\..\..\AppData\Local\Python\pythoncore-3.14-64\Lib\asyncio\base_events.py:827: in call_soon
    self._check_closed()
..\..\..\..\..\AppData\Local\Python\pythoncore-3.14-64\Lib\asyncio\base_events.py:550: in _check_closed
    raise RuntimeError('Event loop is closed')
E   RuntimeError: Event loop is closed
------------------------------ Captured log call ------------------------------
ERROR    sqlalchemy.pool.impl.AsyncAdaptedQueuePool:base.py:377 Exception terminating connection <AdaptedConnection <asyncpg.connection.Connection object at 0x0000020EE15A7890>>
Traceback (most recent call last):
  File "C:\Users\nmendoza\Documents\Visual_Works\Planificacion-Voluntarios\plani-app-back\plani-app-back\.venv\Lib\site-packages\sqlalchemy\pool\base.py", line 373, in _close_connection
    self._dialect.do_terminate(connection)
    ~~~~~~~~~~~~~~~~~~~~~~~~~~^^^^^^^^^^^^
  File "C:\Users\nmendoza\Documents\Visual_Works\Planificacion-Voluntarios\plani-app-back\plani-app-back\.venv\Lib\site-packages\sqlalchemy\dialects\postgresql\asyncpg.py", line 1127, in do_terminate
    dbapi_connection.terminate()
    ~~~~~~~~~~~~~~~~~~~~~~~~~~^^
  File "C:\Users\nmendoza\Documents\Visual_Works\Planificacion-Voluntarios\plani-app-back\plani-app-back\.venv\Lib\site-packages\sqlalchemy\connectors\asyncio.py", line 402, in terminate
    self.await_(asyncio.shield(self._terminate_graceful_close()))  # type: ignore[attr-defined] # noqa: E501
    ~~~~~~~~~~~^^^^^^^^^^^^^^^^^^^^^^^^^^^^^^^^^^^^^^^^^^^^^^^^^^
  File "C:\Users\nmendoza\Documents\Visual_Works\Planificacion-Voluntarios\plani-app-back\plani-app-back\.venv\Lib\site-packages\sqlalchemy\util\_concurrency_py3k.py", line 132, in await_only
    return current.parent.switch(awaitable)  # type: ignore[no-any-return,attr-defined] # noqa: E501
           ~~~~~~~~~~~~~~~~~~~~~^^^^^^^^^^^
  File "C:\Users\nmendoza\Documents\Visual_Works\Planificacion-Voluntarios\plani-app-back\plani-app-back\.venv\Lib\site-packages\sqlalchemy\util\_concurrency_py3k.py", line 196, in greenlet_spawn
    value = await result
            ^^^^^^^^^^^^
  File "C:\Users\nmendoza\Documents\Visual_Works\Planificacion-Voluntarios\plani-app-back\plani-app-back\.venv\Lib\site-packages\sqlalchemy\dialects\postgresql\asyncpg.py", line 912, in _terminate_graceful_close
    await self._connection.close(timeout=2)
  File "C:\Users\nmendoza\Documents\Visual_Works\Planificacion-Voluntarios\plani-app-back\plani-app-back\.venv\Lib\site-packages\asyncpg\connection.py", line 1513, in close
    await self._protocol.close(timeout)
  File "asyncpg/protocol/protocol.pyx", line 617, in close
  File "asyncpg/protocol/protocol.pyx", line 650, in asyncpg.protocol.protocol.BaseProtocol._request_cancel
  File "C:\Users\nmendoza\Documents\Visual_Works\Planificacion-Voluntarios\plani-app-back\plani-app-back\.venv\Lib\site-packages\asyncpg\connection.py", line 1682, in _cancel_current_command
    self._cancellations.add(self._loop.create_task(self._cancel(waiter)))
                            ~~~~~~~~~~~~~~~~~~~~~~^^^^^^^^^^^^^^^^^^^^^^
  File "C:\Users\nmendoza\AppData\Local\Python\pythoncore-3.14-64\Lib\asyncio\base_events.py", line 466, in create_task
    self._check_closed()
    ~~~~~~~~~~~~~~~~~~^^
  File "C:\Users\nmendoza\AppData\Local\Python\pythoncore-3.14-64\Lib\asyncio\base_events.py", line 550, in _check_closed
    raise RuntimeError('Event loop is closed')
RuntimeError: Event loop is closed
__________________________ test_obtener_taller_by_id __________________________
..\..\..\..\..\AppData\Local\Python\pythoncore-3.14-64\Lib\asyncio\base_events.py:827: in call_soon
    self._check_closed()
..\..\..\..\..\AppData\Local\Python\pythoncore-3.14-64\Lib\asyncio\base_events.py:550: in _check_closed
    raise RuntimeError('Event loop is closed')
E   RuntimeError: Event loop is closed

During handling of the above exception, another exception occurred:
tests\test_talleres.py:89: in test_obtener_taller_by_id
    list_response = await client.get("/api/talleres")
                    ^^^^^^^^^^^^^^^^^^^^^^^^^^^^^^^^^
.venv\Lib\site-packages\httpx\_client.py:1768: in get
    return await self.request(
.venv\Lib\site-packages\httpx\_client.py:1540: in request
    return await self.send(request, auth=auth, follow_redirects=follow_redirects)
           ^^^^^^^^^^^^^^^^^^^^^^^^^^^^^^^^^^^^^^^^^^^^^^^^^^^^^^^^^^^^^^^^^^^^^^
.venv\Lib\site-packages\httpx\_client.py:1629: in send
    response = await self._send_handling_auth(
.venv\Lib\site-packages\httpx\_client.py:1657: in _send_handling_auth
    response = await self._send_handling_redirects(
.venv\Lib\site-packages\httpx\_client.py:1694: in _send_handling_redirects
    response = await self._send_single_request(request)
               ^^^^^^^^^^^^^^^^^^^^^^^^^^^^^^^^^^^^^^^^
.venv\Lib\site-packages\httpx\_client.py:1730: in _send_single_request
    response = await transport.handle_async_request(request)
               ^^^^^^^^^^^^^^^^^^^^^^^^^^^^^^^^^^^^^^^^^^^^^
.venv\Lib\site-packages\httpx\_transports\asgi.py:170: in handle_async_request
    await self.app(scope, receive, send)
.venv\Lib\site-packages\fastapi\applications.py:1163: in __call__
    await super().__call__(scope, receive, send)
.venv\Lib\site-packages\starlette\applications.py:90: in __call__
    await self.middleware_stack(scope, receive, send)
.venv\Lib\site-packages\starlette\middleware\errors.py:186: in __call__
    raise exc
.venv\Lib\site-packages\starlette\middleware\errors.py:164: in __call__
    await self.app(scope, receive, _send)
.venv\Lib\site-packages\starlette\middleware\cors.py:88: in __call__
    await self.app(scope, receive, send)
.venv\Lib\site-packages\starlette\middleware\exceptions.py:63: in __call__
    await wrap_app_handling_exceptions(self.app, conn)(scope, receive, send)
.venv\Lib\site-packages\starlette\_exception_handler.py:53: in wrapped_app
    raise exc
.venv\Lib\site-packages\starlette\_exception_handler.py:42: in wrapped_app
    await app(scope, receive, sender)
.venv\Lib\site-packages\fastapi\middleware\asyncexitstack.py:18: in __call__
    await self.app(scope, receive, send)
.venv\Lib\site-packages\starlette\routing.py:660: in __call__
    await self.middleware_stack(scope, receive, send)
.venv\Lib\site-packages\starlette\routing.py:680: in app
    await route.handle(scope, receive, send)
.venv\Lib\site-packages\starlette\routing.py:276: in handle
    await self.app(scope, receive, send)
.venv\Lib\site-packages\fastapi\routing.py:134: in app
    await wrap_app_handling_exceptions(app, request)(scope, receive, send)
.venv\Lib\site-packages\starlette\_exception_handler.py:53: in wrapped_app
    raise exc
.venv\Lib\site-packages\starlette\_exception_handler.py:42: in wrapped_app
    await app(scope, receive, sender)
.venv\Lib\site-packages\fastapi\routing.py:120: in app
    response = await f(request)
               ^^^^^^^^^^^^^^^^
.venv\Lib\site-packages\fastapi\routing.py:674: in app
    raw_response = await run_endpoint_function(
.venv\Lib\site-packages\fastapi\routing.py:328: in run_endpoint_function
    return await dependant.call(**values)
           ^^^^^^^^^^^^^^^^^^^^^^^^^^^^^^
app\routers\talleres.py:80: in listar_talleres
    result = await db.execute(text(query), params)
             ^^^^^^^^^^^^^^^^^^^^^^^^^^^^^^^^^^^^^
.venv\Lib\site-packages\sqlalchemy\ext\asyncio\session.py:449: in execute
    result = await greenlet_spawn(
.venv\Lib\site-packages\sqlalchemy\util\_concurrency_py3k.py:201: in greenlet_spawn
    result = context.throw(*sys.exc_info())
             ^^^^^^^^^^^^^^^^^^^^^^^^^^^^^^
.venv\Lib\site-packages\sqlalchemy\orm\session.py:2351: in execute
    return self._execute_internal(
.venv\Lib\site-packages\sqlalchemy\orm\session.py:2239: in _execute_internal
    conn = self._connection_for_bind(bind)
           ^^^^^^^^^^^^^^^^^^^^^^^^^^^^^^^
.venv\Lib\site-packages\sqlalchemy\orm\session.py:2108: in _connection_for_bind
    return trans._connection_for_bind(engine, execution_options)
           ^^^^^^^^^^^^^^^^^^^^^^^^^^^^^^^^^^^^^^^^^^^^^^^^^^^^^
<string>:2: in _connection_for_bind
    ???
.venv\Lib\site-packages\sqlalchemy\orm\state_changes.py:137: in _go
    ret_value = fn(self, *arg, **kw)
                ^^^^^^^^^^^^^^^^^^^^
.venv\Lib\site-packages\sqlalchemy\orm\session.py:1187: in _connection_for_bind
    conn = bind.connect()
           ^^^^^^^^^^^^^^
.venv\Lib\site-packages\sqlalchemy\engine\base.py:3293: in connect
    return self._connection_cls(self)
           ^^^^^^^^^^^^^^^^^^^^^^^^^^
.venv\Lib\site-packages\sqlalchemy\engine\base.py:143: in __init__
    self._dbapi_connection = engine.raw_connection()
                             ^^^^^^^^^^^^^^^^^^^^^^^
.venv\Lib\site-packages\sqlalchemy\engine\base.py:3317: in raw_connection
    return self.pool.connect()
           ^^^^^^^^^^^^^^^^^^^
.venv\Lib\site-packages\sqlalchemy\pool\base.py:448: in connect
    return _ConnectionFairy._checkout(self)
           ^^^^^^^^^^^^^^^^^^^^^^^^^^^^^^^^
.venv\Lib\site-packages\sqlalchemy\pool\base.py:1371: in _checkout
    with util.safe_reraise():
         ^^^^^^^^^^^^^^^^^^^
.venv\Lib\site-packages\sqlalchemy\util\langhelpers.py:121: in __exit__
    raise exc_value.with_traceback(exc_tb)
.venv\Lib\site-packages\sqlalchemy\pool\base.py:1309: in _checkout
    result = pool._dialect._do_ping_w_event(
.venv\Lib\site-packages\sqlalchemy\engine\default.py:729: in _do_ping_w_event
    return self.do_ping(dbapi_connection)
           ^^^^^^^^^^^^^^^^^^^^^^^^^^^^^^
.venv\Lib\site-packages\sqlalchemy\dialects\postgresql\asyncpg.py:1160: in do_ping
    dbapi_connection.ping()
.venv\Lib\site-packages\sqlalchemy\dialects\postgresql\asyncpg.py:818: in ping
    self._handle_exception(error)
.venv\Lib\site-packages\sqlalchemy\dialects\postgresql\asyncpg.py:799: in _handle_exception
    raise error
.venv\Lib\site-packages\sqlalchemy\dialects\postgresql\asyncpg.py:816: in ping
    _ = self.await_(self._async_ping())
        ^^^^^^^^^^^^^^^^^^^^^^^^^^^^^^^
.venv\Lib\site-packages\sqlalchemy\util\_concurrency_py3k.py:132: in await_only
    return current.parent.switch(awaitable)  # type: ignore[no-any-return,attr-defined] # noqa: E501
           ^^^^^^^^^^^^^^^^^^^^^^^^^^^^^^^^
.venv\Lib\site-packages\sqlalchemy\util\_concurrency_py3k.py:196: in greenlet_spawn
    value = await result
            ^^^^^^^^^^^^
.venv\Lib\site-packages\sqlalchemy\dialects\postgresql\asyncpg.py:825: in _async_ping
    await tr.start()
.venv\Lib\site-packages\asyncpg\transaction.py:146: in start
    await self._connection.execute(query)
.venv\Lib\site-packages\asyncpg\connection.py:354: in execute
    result = await self._protocol.query(query, timeout)
             ^^^^^^^^^^^^^^^^^^^^^^^^^^^^^^^^^^^^^^^^^^
asyncpg/protocol/protocol.pyx:369: in query
    ???
asyncpg/protocol/protocol.pyx:362: in asyncpg.protocol.protocol.BaseProtocol.query
    ???
asyncpg/protocol/coreproto.pyx:1174: in asyncpg.protocol.protocol.CoreProtocol._simple_query
    ???
asyncpg/protocol/protocol.pyx:956: in asyncpg.protocol.protocol.BaseProtocol._write
    ???
..\..\..\..\..\AppData\Local\Python\pythoncore-3.14-64\Lib\asyncio\sslproto.py:222: in write
    self._ssl_protocol._write_appdata((data,))
..\..\..\..\..\AppData\Local\Python\pythoncore-3.14-64\Lib\asyncio\sslproto.py:700: in _write_appdata
    self._fatal_error(ex, 'Fatal error on SSL protocol')
..\..\..\..\..\AppData\Local\Python\pythoncore-3.14-64\Lib\asyncio\sslproto.py:918: in _fatal_error
    self._transport._force_close(exc)
..\..\..\..\..\AppData\Local\Python\pythoncore-3.14-64\Lib\asyncio\proactor_events.py:152: in _force_close
    self._loop.call_soon(self._call_connection_lost, exc)
..\..\..\..\..\AppData\Local\Python\pythoncore-3.14-64\Lib\asyncio\base_events.py:827: in call_soon
    self._check_closed()
..\..\..\..\..\AppData\Local\Python\pythoncore-3.14-64\Lib\asyncio\base_events.py:550: in _check_closed
    raise RuntimeError('Event loop is closed')
E   RuntimeError: Event loop is closed
------------------------------ Captured log call ------------------------------
ERROR    sqlalchemy.pool.impl.AsyncAdaptedQueuePool:base.py:377 Exception terminating connection <AdaptedConnection <asyncpg.connection.Connection object at 0x0000020EE12049B0>>
Traceback (most recent call last):
  File "C:\Users\nmendoza\Documents\Visual_Works\Planificacion-Voluntarios\plani-app-back\plani-app-back\.venv\Lib\site-packages\sqlalchemy\pool\base.py", line 373, in _close_connection
    self._dialect.do_terminate(connection)
    ~~~~~~~~~~~~~~~~~~~~~~~~~~^^^^^^^^^^^^
  File "C:\Users\nmendoza\Documents\Visual_Works\Planificacion-Voluntarios\plani-app-back\plani-app-back\.venv\Lib\site-packages\sqlalchemy\dialects\postgresql\asyncpg.py", line 1127, in do_terminate
    dbapi_connection.terminate()
    ~~~~~~~~~~~~~~~~~~~~~~~~~~^^
  File "C:\Users\nmendoza\Documents\Visual_Works\Planificacion-Voluntarios\plani-app-back\plani-app-back\.venv\Lib\site-packages\sqlalchemy\connectors\asyncio.py", line 402, in terminate
    self.await_(asyncio.shield(self._terminate_graceful_close()))  # type: ignore[attr-defined] # noqa: E501
    ~~~~~~~~~~~^^^^^^^^^^^^^^^^^^^^^^^^^^^^^^^^^^^^^^^^^^^^^^^^^^
  File "C:\Users\nmendoza\Documents\Visual_Works\Planificacion-Voluntarios\plani-app-back\plani-app-back\.venv\Lib\site-packages\sqlalchemy\util\_concurrency_py3k.py", line 132, in await_only
    return current.parent.switch(awaitable)  # type: ignore[no-any-return,attr-defined] # noqa: E501
           ~~~~~~~~~~~~~~~~~~~~~^^^^^^^^^^^
  File "C:\Users\nmendoza\Documents\Visual_Works\Planificacion-Voluntarios\plani-app-back\plani-app-back\.venv\Lib\site-packages\sqlalchemy\util\_concurrency_py3k.py", line 196, in greenlet_spawn
    value = await result
            ^^^^^^^^^^^^
  File "C:\Users\nmendoza\Documents\Visual_Works\Planificacion-Voluntarios\plani-app-back\plani-app-back\.venv\Lib\site-packages\sqlalchemy\dialects\postgresql\asyncpg.py", line 912, in _terminate_graceful_close
    await self._connection.close(timeout=2)
  File "C:\Users\nmendoza\Documents\Visual_Works\Planificacion-Voluntarios\plani-app-back\plani-app-back\.venv\Lib\site-packages\asyncpg\connection.py", line 1513, in close
    await self._protocol.close(timeout)
  File "asyncpg/protocol/protocol.pyx", line 617, in close
  File "asyncpg/protocol/protocol.pyx", line 650, in asyncpg.protocol.protocol.BaseProtocol._request_cancel
  File "C:\Users\nmendoza\Documents\Visual_Works\Planificacion-Voluntarios\plani-app-back\plani-app-back\.venv\Lib\site-packages\asyncpg\connection.py", line 1682, in _cancel_current_command
    self._cancellations.add(self._loop.create_task(self._cancel(waiter)))
                            ~~~~~~~~~~~~~~~~~~~~~~^^^^^^^^^^^^^^^^^^^^^^
  File "C:\Users\nmendoza\AppData\Local\Python\pythoncore-3.14-64\Lib\asyncio\base_events.py", line 466, in create_task
    self._check_closed()
    ~~~~~~~~~~~~~~~~~~^^
  File "C:\Users\nmendoza\AppData\Local\Python\pythoncore-3.14-64\Lib\asyncio\base_events.py", line 550, in _check_closed
    raise RuntimeError('Event loop is closed')
RuntimeError: Event loop is closed
________________________ test_obtener_taller_not_found ________________________
..\..\..\..\..\AppData\Local\Python\pythoncore-3.14-64\Lib\asyncio\base_events.py:827: in call_soon
    self._check_closed()
..\..\..\..\..\AppData\Local\Python\pythoncore-3.14-64\Lib\asyncio\base_events.py:550: in _check_closed
    raise RuntimeError('Event loop is closed')
E   RuntimeError: Event loop is closed

During handling of the above exception, another exception occurred:
tests\test_talleres.py:103: in test_obtener_taller_not_found
    response = await client.get("/api/talleres/999999")
               ^^^^^^^^^^^^^^^^^^^^^^^^^^^^^^^^^^^^^^^^
.venv\Lib\site-packages\httpx\_client.py:1768: in get
    return await self.request(
.venv\Lib\site-packages\httpx\_client.py:1540: in request
    return await self.send(request, auth=auth, follow_redirects=follow_redirects)
           ^^^^^^^^^^^^^^^^^^^^^^^^^^^^^^^^^^^^^^^^^^^^^^^^^^^^^^^^^^^^^^^^^^^^^^
.venv\Lib\site-packages\httpx\_client.py:1629: in send
    response = await self._send_handling_auth(
.venv\Lib\site-packages\httpx\_client.py:1657: in _send_handling_auth
    response = await self._send_handling_redirects(
.venv\Lib\site-packages\httpx\_client.py:1694: in _send_handling_redirects
    response = await self._send_single_request(request)
               ^^^^^^^^^^^^^^^^^^^^^^^^^^^^^^^^^^^^^^^^
.venv\Lib\site-packages\httpx\_client.py:1730: in _send_single_request
    response = await transport.handle_async_request(request)
               ^^^^^^^^^^^^^^^^^^^^^^^^^^^^^^^^^^^^^^^^^^^^^
.venv\Lib\site-packages\httpx\_transports\asgi.py:170: in handle_async_request
    await self.app(scope, receive, send)
.venv\Lib\site-packages\fastapi\applications.py:1163: in __call__
    await super().__call__(scope, receive, send)
.venv\Lib\site-packages\starlette\applications.py:90: in __call__
    await self.middleware_stack(scope, receive, send)
.venv\Lib\site-packages\starlette\middleware\errors.py:186: in __call__
    raise exc
.venv\Lib\site-packages\starlette\middleware\errors.py:164: in __call__
    await self.app(scope, receive, _send)
.venv\Lib\site-packages\starlette\middleware\cors.py:88: in __call__
    await self.app(scope, receive, send)
.venv\Lib\site-packages\starlette\middleware\exceptions.py:63: in __call__
    await wrap_app_handling_exceptions(self.app, conn)(scope, receive, send)
.venv\Lib\site-packages\starlette\_exception_handler.py:53: in wrapped_app
    raise exc
.venv\Lib\site-packages\starlette\_exception_handler.py:42: in wrapped_app
    await app(scope, receive, sender)
.venv\Lib\site-packages\fastapi\middleware\asyncexitstack.py:18: in __call__
    await self.app(scope, receive, send)
.venv\Lib\site-packages\starlette\routing.py:660: in __call__
    await self.middleware_stack(scope, receive, send)
.venv\Lib\site-packages\starlette\routing.py:680: in app
    await route.handle(scope, receive, send)
.venv\Lib\site-packages\starlette\routing.py:276: in handle
    await self.app(scope, receive, send)
.venv\Lib\site-packages\fastapi\routing.py:134: in app
    await wrap_app_handling_exceptions(app, request)(scope, receive, send)
.venv\Lib\site-packages\starlette\_exception_handler.py:53: in wrapped_app
    raise exc
.venv\Lib\site-packages\starlette\_exception_handler.py:42: in wrapped_app
    await app(scope, receive, sender)
.venv\Lib\site-packages\fastapi\routing.py:120: in app
    response = await f(request)
               ^^^^^^^^^^^^^^^^
.venv\Lib\site-packages\fastapi\routing.py:674: in app
    raw_response = await run_endpoint_function(
.venv\Lib\site-packages\fastapi\routing.py:328: in run_endpoint_function
    return await dependant.call(**values)
           ^^^^^^^^^^^^^^^^^^^^^^^^^^^^^^
app\routers\talleres.py:92: in obtener_taller
    result = await db.execute(
.venv\Lib\site-packages\sqlalchemy\ext\asyncio\session.py:449: in execute
    result = await greenlet_spawn(
.venv\Lib\site-packages\sqlalchemy\util\_concurrency_py3k.py:201: in greenlet_spawn
    result = context.throw(*sys.exc_info())
             ^^^^^^^^^^^^^^^^^^^^^^^^^^^^^^
.venv\Lib\site-packages\sqlalchemy\orm\session.py:2351: in execute
    return self._execute_internal(
.venv\Lib\site-packages\sqlalchemy\orm\session.py:2239: in _execute_internal
    conn = self._connection_for_bind(bind)
           ^^^^^^^^^^^^^^^^^^^^^^^^^^^^^^^
.venv\Lib\site-packages\sqlalchemy\orm\session.py:2108: in _connection_for_bind
    return trans._connection_for_bind(engine, execution_options)
           ^^^^^^^^^^^^^^^^^^^^^^^^^^^^^^^^^^^^^^^^^^^^^^^^^^^^^
<string>:2: in _connection_for_bind
    ???
.venv\Lib\site-packages\sqlalchemy\orm\state_changes.py:137: in _go
    ret_value = fn(self, *arg, **kw)
                ^^^^^^^^^^^^^^^^^^^^
.venv\Lib\site-packages\sqlalchemy\orm\session.py:1187: in _connection_for_bind
    conn = bind.connect()
           ^^^^^^^^^^^^^^
.venv\Lib\site-packages\sqlalchemy\engine\base.py:3293: in connect
    return self._connection_cls(self)
           ^^^^^^^^^^^^^^^^^^^^^^^^^^
.venv\Lib\site-packages\sqlalchemy\engine\base.py:143: in __init__
    self._dbapi_connection = engine.raw_connection()
                             ^^^^^^^^^^^^^^^^^^^^^^^
.venv\Lib\site-packages\sqlalchemy\engine\base.py:3317: in raw_connection
    return self.pool.connect()
           ^^^^^^^^^^^^^^^^^^^
.venv\Lib\site-packages\sqlalchemy\pool\base.py:448: in connect
    return _ConnectionFairy._checkout(self)
           ^^^^^^^^^^^^^^^^^^^^^^^^^^^^^^^^
.venv\Lib\site-packages\sqlalchemy\pool\base.py:1371: in _checkout
    with util.safe_reraise():
         ^^^^^^^^^^^^^^^^^^^
.venv\Lib\site-packages\sqlalchemy\util\langhelpers.py:121: in __exit__
    raise exc_value.with_traceback(exc_tb)
.venv\Lib\site-packages\sqlalchemy\pool\base.py:1309: in _checkout
    result = pool._dialect._do_ping_w_event(
.venv\Lib\site-packages\sqlalchemy\engine\default.py:729: in _do_ping_w_event
    return self.do_ping(dbapi_connection)
           ^^^^^^^^^^^^^^^^^^^^^^^^^^^^^^
.venv\Lib\site-packages\sqlalchemy\dialects\postgresql\asyncpg.py:1160: in do_ping
    dbapi_connection.ping()
.venv\Lib\site-packages\sqlalchemy\dialects\postgresql\asyncpg.py:818: in ping
    self._handle_exception(error)
.venv\Lib\site-packages\sqlalchemy\dialects\postgresql\asyncpg.py:799: in _handle_exception
    raise error
.venv\Lib\site-packages\sqlalchemy\dialects\postgresql\asyncpg.py:816: in ping
    _ = self.await_(self._async_ping())
        ^^^^^^^^^^^^^^^^^^^^^^^^^^^^^^^
.venv\Lib\site-packages\sqlalchemy\util\_concurrency_py3k.py:132: in await_only
    return current.parent.switch(awaitable)  # type: ignore[no-any-return,attr-defined] # noqa: E501
           ^^^^^^^^^^^^^^^^^^^^^^^^^^^^^^^^
.venv\Lib\site-packages\sqlalchemy\util\_concurrency_py3k.py:196: in greenlet_spawn
    value = await result
            ^^^^^^^^^^^^
.venv\Lib\site-packages\sqlalchemy\dialects\postgresql\asyncpg.py:825: in _async_ping
    await tr.start()
.venv\Lib\site-packages\asyncpg\transaction.py:146: in start
    await self._connection.execute(query)
.venv\Lib\site-packages\asyncpg\connection.py:354: in execute
    result = await self._protocol.query(query, timeout)
             ^^^^^^^^^^^^^^^^^^^^^^^^^^^^^^^^^^^^^^^^^^
asyncpg/protocol/protocol.pyx:369: in query
    ???
asyncpg/protocol/protocol.pyx:362: in asyncpg.protocol.protocol.BaseProtocol.query
    ???
asyncpg/protocol/coreproto.pyx:1174: in asyncpg.protocol.protocol.CoreProtocol._simple_query
    ???
asyncpg/protocol/protocol.pyx:956: in asyncpg.protocol.protocol.BaseProtocol._write
    ???
..\..\..\..\..\AppData\Local\Python\pythoncore-3.14-64\Lib\asyncio\sslproto.py:222: in write
    self._ssl_protocol._write_appdata((data,))
..\..\..\..\..\AppData\Local\Python\pythoncore-3.14-64\Lib\asyncio\sslproto.py:700: in _write_appdata
    self._fatal_error(ex, 'Fatal error on SSL protocol')
..\..\..\..\..\AppData\Local\Python\pythoncore-3.14-64\Lib\asyncio\sslproto.py:918: in _fatal_error
    self._transport._force_close(exc)
..\..\..\..\..\AppData\Local\Python\pythoncore-3.14-64\Lib\asyncio\proactor_events.py:152: in _force_close
    self._loop.call_soon(self._call_connection_lost, exc)
..\..\..\..\..\AppData\Local\Python\pythoncore-3.14-64\Lib\asyncio\base_events.py:827: in call_soon
    self._check_closed()
..\..\..\..\..\AppData\Local\Python\pythoncore-3.14-64\Lib\asyncio\base_events.py:550: in _check_closed
    raise RuntimeError('Event loop is closed')
E   RuntimeError: Event loop is closed
------------------------------ Captured log call ------------------------------
ERROR    sqlalchemy.pool.impl.AsyncAdaptedQueuePool:base.py:377 Exception terminating connection <AdaptedConnection <asyncpg.connection.Connection object at 0x0000020EE0CF32F0>>
Traceback (most recent call last):
  File "C:\Users\nmendoza\Documents\Visual_Works\Planificacion-Voluntarios\plani-app-back\plani-app-back\.venv\Lib\site-packages\sqlalchemy\pool\base.py", line 373, in _close_connection
    self._dialect.do_terminate(connection)
    ~~~~~~~~~~~~~~~~~~~~~~~~~~^^^^^^^^^^^^
  File "C:\Users\nmendoza\Documents\Visual_Works\Planificacion-Voluntarios\plani-app-back\plani-app-back\.venv\Lib\site-packages\sqlalchemy\dialects\postgresql\asyncpg.py", line 1127, in do_terminate
    dbapi_connection.terminate()
    ~~~~~~~~~~~~~~~~~~~~~~~~~~^^
  File "C:\Users\nmendoza\Documents\Visual_Works\Planificacion-Voluntarios\plani-app-back\plani-app-back\.venv\Lib\site-packages\sqlalchemy\connectors\asyncio.py", line 402, in terminate
    self.await_(asyncio.shield(self._terminate_graceful_close()))  # type: ignore[attr-defined] # noqa: E501
    ~~~~~~~~~~~^^^^^^^^^^^^^^^^^^^^^^^^^^^^^^^^^^^^^^^^^^^^^^^^^^
  File "C:\Users\nmendoza\Documents\Visual_Works\Planificacion-Voluntarios\plani-app-back\plani-app-back\.venv\Lib\site-packages\sqlalchemy\util\_concurrency_py3k.py", line 132, in await_only
    return current.parent.switch(awaitable)  # type: ignore[no-any-return,attr-defined] # noqa: E501
           ~~~~~~~~~~~~~~~~~~~~~^^^^^^^^^^^
  File "C:\Users\nmendoza\Documents\Visual_Works\Planificacion-Voluntarios\plani-app-back\plani-app-back\.venv\Lib\site-packages\sqlalchemy\util\_concurrency_py3k.py", line 196, in greenlet_spawn
    value = await result
            ^^^^^^^^^^^^
  File "C:\Users\nmendoza\Documents\Visual_Works\Planificacion-Voluntarios\plani-app-back\plani-app-back\.venv\Lib\site-packages\sqlalchemy\dialects\postgresql\asyncpg.py", line 912, in _terminate_graceful_close
    await self._connection.close(timeout=2)
  File "C:\Users\nmendoza\Documents\Visual_Works\Planificacion-Voluntarios\plani-app-back\plani-app-back\.venv\Lib\site-packages\asyncpg\connection.py", line 1513, in close
    await self._protocol.close(timeout)
  File "asyncpg/protocol/protocol.pyx", line 617, in close
  File "asyncpg/protocol/protocol.pyx", line 650, in asyncpg.protocol.protocol.BaseProtocol._request_cancel
  File "C:\Users\nmendoza\Documents\Visual_Works\Planificacion-Voluntarios\plani-app-back\plani-app-back\.venv\Lib\site-packages\asyncpg\connection.py", line 1682, in _cancel_current_command
    self._cancellations.add(self._loop.create_task(self._cancel(waiter)))
                            ~~~~~~~~~~~~~~~~~~~~~~^^^^^^^^^^^^^^^^^^^^^^
  File "C:\Users\nmendoza\AppData\Local\Python\pythoncore-3.14-64\Lib\asyncio\base_events.py", line 466, in create_task
    self._check_closed()
    ~~~~~~~~~~~~~~~~~~^^
  File "C:\Users\nmendoza\AppData\Local\Python\pythoncore-3.14-64\Lib\asyncio\base_events.py", line 550, in _check_closed
    raise RuntimeError('Event loop is closed')
RuntimeError: Event loop is closed
=========================== short test summary info ===========================
FAILED tests/test_calendario.py::test_generar_calendario - ValueError: invalid literal for int() with base 10: 'TEST'
FAILED tests/test_calendario.py::test_generar_calendario_status_optimal_or_feasible - RuntimeError: Event loop is closed
FAILED tests/test_calendario.py::test_calendario_no_festivo_slots - RuntimeError: Event loop is closed
FAILED tests/test_calendario.py::test_calendario_max_one_per_week - RuntimeError: Event loop is closed
FAILED tests/test_calendario.py::test_obtener_calendario - RuntimeError: Event loop is closed
FAILED tests/test_calendario.py::test_obtener_calendario_slots_structure - RuntimeError: Event loop is closed
FAILED tests/test_calendario.py::test_exportar_excel - RuntimeError: Event loop is closed
FAILED tests/test_calendario.py::test_exportar_excel_has_fecha_column - RuntimeError: Event loop is closed
FAILED tests/test_calendario.py::test_obtener_calendario_empty_trimestre - RuntimeError: Event loop is closed
FAILED tests/test_cierre.py::test_cerrar_trimestre_preview - RuntimeError: Event loop is closed
FAILED tests/test_cierre.py::test_cerrar_trimestre_preview_counts - RuntimeError: Event loop is closed
FAILED tests/test_cierre.py::test_cerrar_trimestre_execute - RuntimeError: Event loop is closed
FAILED tests/test_cierre.py::test_historico_after_close - RuntimeError: Event loop is closed
FAILED tests/test_cierre.py::test_trimestres_cerrados_list - RuntimeError: Event loop is closed
FAILED tests/test_cierre.py::test_cerrar_empty_trimestre_fails - RuntimeError: Event loop is closed
FAILED tests/test_config_trimestral.py::test_listar_empresas_ep_devuelve_solo_ep_activas - RuntimeError: Event loop is closed
FAILED tests/test_config_trimestral.py::test_listar_empresas_ep_orden_alfabetico - RuntimeError: Event loop is closed
FAILED tests/test_config_trimestral.py::test_listar_empresas_ep_trimestre_inexistente - RuntimeError: Event loop is closed
FAILED tests/test_config_trimestral.py::test_listar_empresas_ep_q2_real - RuntimeError: Event loop is closed
FAILED tests/test_empresas.py::test_listar_empresas - RuntimeError: Event loop is closed
FAILED tests/test_empresas.py::test_listar_empresas_filter_activa - RuntimeError: Event loop is closed
FAILED tests/test_empresas.py::test_listar_empresas_filter_tipo - RuntimeError: Event loop is closed
FAILED tests/test_empresas.py::test_detalle_empresa - RuntimeError: Event loop is closed
FAILED tests/test_empresas.py::test_detalle_empresa_not_found - RuntimeError: Event loop is closed
FAILED tests/test_empresas.py::test_crear_empresa - RuntimeError: Event loop is closed
FAILED tests/test_empresas.py::test_crear_empresa_nombre_duplicado - RuntimeError: Event loop is closed
FAILED tests/test_empresas.py::test_actualizar_empresa - RuntimeError: Event loop is closed
FAILED tests/test_empresas.py::test_toggle_empresa - RuntimeError: Event loop is closed
FAILED tests/test_festivos.py::test_obtener_festivos_year - RuntimeError: Event loop is closed
FAILED tests/test_festivos.py::test_festivos_have_required_fields - RuntimeError: Event loop is closed
FAILED tests/test_festivos.py::test_festivos_no_weekends - RuntimeError: Event loop is closed
FAILED tests/test_festivos.py::test_festivos_q2_has_jueves_viernes_santo - RuntimeError: Event loop is closed
FAILED tests/test_festivos.py::test_festivos_different_year_empty - RuntimeError: Event loop is closed
FAILED tests/test_festivos.py::test_festivos_q3_summer_closure - RuntimeError: Event loop is closed
FAILED tests/test_frecuencias.py::test_calcular_frecuencias_response_structure - RuntimeError: Event loop is closed
FAILED tests/test_frecuencias.py::test_calcular_frecuencias_capacity_limits - RuntimeError: Event loop is closed
FAILED tests/test_frecuencias.py::test_confirmar_frecuencias - RuntimeError: Event loop is closed
FAILED tests/test_frecuencias.py::test_obtener_frecuencias_confirmadas - RuntimeError: Event loop is closed
FAILED tests/test_frecuencias.py::test_frecuencias_empty_trimestre - RuntimeError: Event loop is closed
FAILED tests/test_integration.py::TestFullLifecycle::test_complete_trimestre_flow - RuntimeError: Event loop is closed
FAILED tests/test_integration.py::TestCalendarioConstraints::test_no_empresa_on_festivo_day - RuntimeError: Event loop is closed
FAILED tests/test_integration.py::TestCalendarioConstraints::test_max_one_assignment_per_week - RuntimeError: Event loop is closed
FAILED tests/test_integration.py::TestDataIntegrity::test_frecuencia_totals_match_calendario - RuntimeError: Event loop is closed
FAILED tests/test_integration.py::TestErrorHandling::test_generate_without_frecuencias - RuntimeError: Event loop is closed
FAILED tests/test_integration.py::TestErrorHandling::test_confirm_empty_empresas - RuntimeError: Event loop is closed
FAILED tests/test_integration.py::TestErrorHandling::test_update_nonexistent_slot - assert 422 == 404
 +  where 422 = <Response [422 Unprocessable Entity]>.status_code
FAILED tests/test_integration.py::TestErrorHandling::test_invalid_estado_value - RuntimeError: Event loop is closed
FAILED tests/test_legacy_update_extras.py::test_legacy_update_base_only - RuntimeError: Event loop is closed
FAILED tests/test_legacy_update_extras.py::test_legacy_update_extra_only - RuntimeError: Event loop is closed
FAILED tests/test_legacy_update_extras.py::test_legacy_update_slot_compartido_actualiza_base - RuntimeError: Event loop is closed
FAILED tests/test_legacy_update_extras.py::test_legacy_update_slot_compartido_actualiza_extra - RuntimeError: Event loop is closed
FAILED tests/test_legacy_update_extras.py::test_legacy_update_slot_compartido_ambas_filas - RuntimeError: Event loop is closed
FAILED tests/test_legacy_update_extras.py::test_legacy_update_match_por_original_tras_reasignacion - RuntimeError: Event loop is closed
FAILED tests/test_legacy_update_extras.py::test_legacy_update_fallback_a_actual_col_g_vacia - RuntimeError: Event loop is closed
FAILED tests/test_legacy_update_extras.py::test_legacy_update_empresa_no_matchea - RuntimeError: Event loop is closed
FAILED tests/test_legacy_update_extras.py::test_legacy_update_validacion_cruzada_tipo_inconsistente - RuntimeError: Event loop is closed
FAILED tests/test_legacy_update_extras.py::test_legacy_update_warning_count_mixto - RuntimeError: Event loop is closed
FAILED tests/test_legacy_update_extras.py::test_legacy_update_motivo_decision_planificador - RuntimeError: Event loop is closed
FAILED tests/test_legacy_update_extras.py::test_legacy_update_motivo_empresa_cancelo - RuntimeError: Event loop is closed
FAILED tests/test_legacy_update_extras.py::test_legacy_update_motivo_vacio_no_borra_existente - RuntimeError: Event loop is closed
FAILED tests/test_legacy_update_extras.py::test_legacy_update_motivo_invalido_warning - RuntimeError: Event loop is closed
FAILED tests/test_legacy_update_extras.py::test_legacy_update_excel_sin_columna_motivo_compatibilidad - RuntimeError: Event loop is closed
FAILED tests/test_operacion.py::test_actualizar_slot_estado - RuntimeError: Event loop is closed
FAILED tests/test_operacion.py::test_actualizar_slot_confirmado_to_ok - RuntimeError: Event loop is closed
FAILED tests/test_operacion.py::test_actualizar_slot_vacante_assign_empresa - RuntimeError: Event loop is closed
FAILED tests/test_operacion.py::test_batch_update_slots - RuntimeError: Event loop is closed
FAILED tests/test_operacion.py::test_obtener_resumen - RuntimeError: Event loop is closed
FAILED tests/test_operacion.py::test_importar_excel_dry_run - RuntimeError: Event loop is closed
FAILED tests/test_operacion.py::test_importar_excel_cambios_detalle - RuntimeError: Event loop is closed
FAILED tests/test_operacion.py::test_importar_excel_applies_changes - RuntimeError: Event loop is closed
FAILED tests/test_planificacion_extras.py::test_extra_inserted_when_ep_and_collision - RuntimeError: Event loop is closed
FAILED tests/test_planificacion_extras.py::test_no_ep_no_extra - RuntimeError: Event loop is closed
FAILED tests/test_planificacion_extras.py::test_ep_no_collision_no_extra - RuntimeError: Event loop is closed
FAILED tests/test_planificacion_extras.py::test_delete_extra_endpoint - RuntimeError: Event loop is closed
FAILED tests/test_planificacion_extras.py::test_empresa_no_encontrada_is_hard_reject - RuntimeError: Event loop is closed
FAILED tests/test_planificacion_extras.py::test_get_extras_with_estado_filter - RuntimeError: Event loop is closed
FAILED tests/test_planificacion_extras.py::test_extra_classified_when_strict_match_and_ep_and_collision - RuntimeError: Event loop is closed
FAILED tests/test_planificacion_extras.py::test_two_ep_companies_collision - RuntimeError: Event loop is closed
FAILED tests/test_planificacion_extras.py::test_crear_extra_ok_con_colision_y_empresa_ep - RuntimeError: Event loop is closed
FAILED tests/test_planificacion_extras.py::test_crear_extra_rechaza_empresa_inexistente - RuntimeError: Event loop is closed
FAILED tests/test_planificacion_extras.py::test_crear_extra_rechaza_empresa_inactiva - RuntimeError: Event loop is closed
FAILED tests/test_planificacion_extras.py::test_crear_extra_rechaza_taller_inexistente - RuntimeError: Event loop is closed
FAILED tests/test_planificacion_extras.py::test_crear_extra_rechaza_empresa_no_ep - RuntimeError: Event loop is closed
FAILED tests/test_planificacion_extras.py::test_crear_extra_rechaza_sin_colision - RuntimeError: Event loop is closed
FAILED tests/test_planificacion_extras.py::test_crear_extra_rechaza_duplicado_exacto - RuntimeError: Event loop is closed
FAILED tests/test_planificacion_extras.py::test_editar_extra_cambiar_empresa_a_otra_ep - RuntimeError: Event loop is closed
FAILED tests/test_planificacion_extras.py::test_editar_extra_solo_notas - RuntimeError: Event loop is closed
FAILED tests/test_planificacion_extras.py::test_editar_extra_notas_vacias_limpia - RuntimeError: Event loop is closed
FAILED tests/test_planificacion_extras.py::test_editar_extra_slot_inexistente - RuntimeError: Event loop is closed
FAILED tests/test_planificacion_extras.py::test_editar_extra_slot_es_base_no_extra - RuntimeError: Event loop is closed
FAILED tests/test_planificacion_extras.py::test_editar_extra_nueva_empresa_no_ep - RuntimeError: Event loop is closed
FAILED tests/test_planificacion_extras.py::test_editar_extra_body_vacio - RuntimeError: Event loop is closed
FAILED tests/test_settings.py::test_get_settings - RuntimeError: Event loop is closed
FAILED tests/test_settings.py::test_update_settings_trimestre_siguiente - RuntimeError: Event loop is closed
FAILED tests/test_settings.py::test_promover_without_siguiente_fails - RuntimeError: Event loop is closed
FAILED tests/test_talleres.py::test_listar_talleres - RuntimeError: Event loop is closed
FAILED tests/test_talleres.py::test_talleres_have_required_fields - RuntimeError: Event loop is closed
FAILED tests/test_talleres.py::test_talleres_distribution - RuntimeError: Event loop is closed
FAILED tests/test_talleres.py::test_talleres_filter_programa_ef - RuntimeError: Event loop is closed
FAILED tests/test_talleres.py::test_talleres_filter_programa_it - RuntimeError: Event loop is closed
FAILED tests/test_talleres.py::test_talleres_dias_distribucion - RuntimeError: Event loop is closed
FAILED tests/test_talleres.py::test_obtener_taller_by_id - RuntimeError: Event loop is closed
FAILED tests/test_talleres.py::test_obtener_taller_not_found - RuntimeError: Event loop is closed
================== 103 failed, 4 passed in 187.20s (0:03:07) ==================
